date,city_id,province,country,latitude,longitude,temperature_max,temperature_min,temperature_mean,rain_sum,humidity_mean,wind_speed_max,aqi,cloud_cover_mean
2026-06-24,201,Trường Sa,Viet Nam,10.66936,115.833324,29.6,27.7,28.8,7.0,79,33.2,27,96
2026-06-24,696,Hà Nam,Viet Nam,20.5463,105.9142,37.4,29.7,32.5,0.5,64,13.2,63,74
2026-06-24,590,Đà Nẵng,Viet Nam,16.0471,108.2068,40.2,28.8,33.6,0.3,59,16.1,70,39
2026-06-24,645,Hà Tĩnh,Viet Nam,18.3421,105.9038,39.4,30.9,35.0,0.5,45,17.3,30,36
2026-06-24,326,Thừa Thiên Huế,Viet Nam,16.4633,107.5847,40.0,28.5,33.6,0.2,54,12.6,43,49
2026-06-24,288,Hoàng Sa,Viet Nam,16.641233,112.742024,30.7,30.0,30.3,0.0,85,38.5,52,83
2026-06-24,146,Tiền Giang,Viet Nam,10.3606,106.3636,34.7,26.4,29.3,2.2,81,15.6,79,67
2026-06-24,108,Lào Cai,Viet Nam,22.4856,103.9707,36.6,28.1,32.3,0.4,66,10.8,22,96
2026-06-24,734,Yên Bái,Viet Nam,21.7051,104.8751,37.6,28.4,32.6,0.5,70,6.5,51,88
2026-06-24,521,TP. Hồ Chí Minh,Viet Nam,10.8231,106.6297,35.2,25.8,29.5,4.2,78,15.3,78,58
2026-06-24,456,Vĩnh Phúc,Viet Nam,21.3089,105.6047,38.1,30.2,33.8,0.0,59,8.6,69,92
2026-06-24,587,Trà Vinh,Viet Nam,9.9342,106.3339,33.6,26.5,28.8,2.7,79,18.3,76,70
2026-06-24,920,Vĩnh Long,Viet Nam,10.2536,105.9723,34.4,26.8,29.5,1.5,77,21.1,81,65
2026-06-24,813,Đồng Tháp,Viet Nam,10.4552,105.6323,33.8,26.4,29.3,0.9,79,20.0,80,58
2026-06-24,275,Tuyên Quang,Viet Nam,21.8159,105.2132,36.2,28.5,31.9,0.0,73,6.1,66,91
2026-06-24,701,Hà Nội,Viet Nam,21.0285,105.8542,37.2,30.5,33.2,0.0,65,10.3,74,90
2026-06-24,684,Khánh Hòa,Viet Nam,12.2467,109.1833,35.5,27.1,31.2,0.1,69,15.2,61,34
2026-06-24,811,Điện Biên,Viet Nam,21.3833,103.0167,32.0,25.2,28.1,3.1,79,14.3,25,80
2026-06-24,226,Kon Tum,Viet Nam,14.35,108.0,33.1,23.9,27.4,6.3,80,15.6,28,49
2026-06-24,910,Cao Bằng,Viet Nam,22.6661,106.2635,34.7,25.4,28.9,16.8,88,8.3,37,98
2026-06-24,463,Hậu Giang,Viet Nam,9.7845,105.4735,31.9,26.0,27.9,8.4,84,16.4,61,83
2026-06-24,620,Cần Thơ,Viet Nam,10.0451,105.7462,32.9,26.4,28.6,3.4,81,18.3,67,75
2026-06-24,255,Long An,Viet Nam,10.5332,105.4053,34.9,27.3,30.0,1.7,73,18.6,80,53
2026-06-24,767,Kiên Giang,Viet Nam,10.0122,105.0809,31.1,27.2,29.4,5.9,74,23.8,46,79
2026-06-24,365,Cà Mau,Viet Nam,9.1769,105.1501,31.1,25.5,28.1,9.3,84,17.8,27,77
2026-06-24,278,Đồng Nai,Viet Nam,10.9575,106.8427,34.0,26.2,29.2,1.7,81,14.7,78,64
2026-06-24,160,Nam Định,Viet Nam,20.4231,106.1681,37.4,30.8,33.6,0.3,57,16.3,63,63
2026-06-24,133,Bình Định,Viet Nam,13.782,109.2194,39.6,27.5,32.1,0.9,61,16.4,49,44
2026-06-24,669,Hưng Yên,Viet Nam,20.6465,106.0511,36.6,29.9,32.7,0.0,66,12.3,72,79
2026-06-24,495,Nghệ An,Viet Nam,18.6667,105.6667,39.9,33.0,35.8,0.5,42,25.7,31,26
2026-06-24,416,Ninh Bình,Viet Nam,20.2506,105.9744,37.9,30.2,33.2,0.1,59,14.7,63,61
2026-06-24,784,Bình Thuận,Viet Nam,10.9333,108.1,34.9,26.2,29.9,2.8,73,18.5,53,76
2026-06-24,208,Ninh Thuận,Viet Nam,11.5647,108.9892,36.7,28.1,31.8,1.0,64,16.2,36,53
2026-06-24,960,Lai Châu,Viet Nam,22.3959,103.4621,29.1,21.1,24.7,10.7,84,4.6,20,92
2026-06-24,347,Bình Phước,Viet Nam,11.7516,106.8778,32.8,23.8,28.2,3.9,82,9.3,48,59
2026-06-24,833,Bến Tre,Viet Nam,10.2424,106.3752,34.1,26.3,28.9,2.0,82,14.6,79,70
2026-06-24,797,Gia Lai,Viet Nam,13.9833,108.0,30.2,22.2,25.7,3.2,76,18.0,29,38
2026-06-24,237,Hải Phòng,Viet Nam,20.8449,106.6881,37.0,29.9,33.1,0.5,66,12.2,59,83
2026-06-24,252,Phú Thọ,Viet Nam,21.3235,105.4011,38.3,30.4,34.2,0.0,63,10.2,69,92
2026-06-24,951,Bình Dương,Viet Nam,11.0531,106.6661,33.9,26.1,29.1,0.7,80,22.5,65,69
2026-06-24,249,Phú Yên,Viet Nam,13.0883,109.3045,37.9,27.5,31.6,3.1,63,24.7,52,52
2026-06-24,132,Đắk Nông,Viet Nam,12.0,107.7,30.3,21.2,25.0,1.7,84,11.3,26,61
2026-06-24,981,Quảng Bình,Viet Nam,17.4731,106.5962,39.2,31.2,34.6,0.9,47,23.7,37,43
2026-06-24,707,Bắc Ninh,Viet Nam,21.1861,106.0763,37.3,29.5,33.0,0.0,66,11.1,74,92
2026-06-24,123,Quảng Trị,Viet Nam,16.75,107.1833,39.9,30.6,34.7,0.3,44,26.6,35,50
2026-06-24,122,Lâm Đồng,Viet Nam,11.9404,108.4419,24.9,16.3,20.0,5.8,86,12.8,25,63
2026-06-24,496,Bạc Liêu,Viet Nam,9.2941,105.7242,31.0,26.9,28.3,7.5,83,19.3,28,68
2026-06-24,547,Sóc Trăng,Viet Nam,9.6019,105.9731,32.0,26.6,28.3,5.7,82,16.2,67,75
2026-06-24,511,Hòa Bình,Viet Nam,20.8171,105.3375,37.6,30.3,33.4,0.0,69,14.5,32,86
2026-06-24,193,Bắc Kạn,Viet Nam,22.147,105.8326,34.8,27.6,31.0,0.6,78,8.4,59,93
2026-06-24,385,Hà Giang,Viet Nam,22.8233,104.9836,33.5,25.7,30.0,6.0,78,6.6,26,98
2026-06-24,215,Hải Dương,Viet Nam,20.9391,106.3146,37.0,29.6,32.8,0.0,65,11.6,66,91
2026-06-24,196,Đắk Lắk,Viet Nam,12.6667,108.05,32.1,23.1,26.6,2.6,79,19.1,28,49
2026-06-24,849,Bắc Giang,Viet Nam,21.2731,106.1946,36.4,29.6,32.8,0.0,67,11.3,74,91
2026-06-24,503,Sơn La,Viet Nam,21.3262,103.9149,31.6,24.1,27.4,5.3,81,14.3,23,86
2026-06-24,327,Bà Rịa – Vũng Tàu,Viet Nam,10.4114,107.1362,32.3,28.2,29.9,6.2,76,21.9,56,78
2026-06-24,915,Tây Ninh,Viet Nam,11.3125,106.1006,34.6,27.0,29.9,0.5,74,14.1,62,62
2026-06-24,861,Lạng Sơn,Viet Nam,21.8519,106.7614,33.9,26.9,29.8,0.2,74,9.4,49,96
2026-06-24,168,An Giang,Viet Nam,10.5185,105.1152,35.1,27.4,30.1,2.7,72,16.4,63,50
2026-06-24,872,Thái Bình,Viet Nam,20.4463,106.3364,37.3,31.1,33.8,0.3,57,17.3,53,63
2026-06-24,729,Phú Quốc,Viet Nam,10.279526,104.003538,29.9,25.5,27.7,10.8,84,16.6,23,56
2026-06-24,110,Thái Nguyên,Viet Nam,21.5939,105.8481,36.3,29.3,32.3,0.0,71,7.4,71,91
2026-06-24,454,Thanh Hóa,Viet Nam,19.8075,105.7764,39.3,31.4,34.9,0.3,48,19.2,33,56
2026-06-25,347,Bình Phước,Viet Nam,11.7516,106.8778,32.1,23.9,26.6,10.4,92,11.3,56,83
2026-06-25,590,Đà Nẵng,Viet Nam,16.0471,108.2068,40.2,28.9,33.5,0.5,57,14.5,70,88
2026-06-25,696,Hà Nam,Viet Nam,20.5463,105.9142,37.5,27.7,32.3,0.1,70,12.1,70,97
2026-06-25,208,Ninh Thuận,Viet Nam,11.5647,108.9892,36.8,27.6,31.8,0.4,62,24.7,31,57
2026-06-25,645,Hà Tĩnh,Viet Nam,18.3421,105.9038,40.0,30.1,35.3,0.7,45,21.2,32,91
2026-06-25,385,Hà Giang,Viet Nam,22.8233,104.9836,31.9,25.5,28.9,47.1,84,4.8,27,99
2026-06-25,454,Thanh Hóa,Viet Nam,19.8075,105.7764,40.7,31.7,35.3,0.5,51,15.2,38,87
2026-06-25,196,Đắk Lắk,Viet Nam,12.6667,108.05,31.7,23.2,26.9,3.5,79,15.8,28,76
2026-06-25,861,Lạng Sơn,Viet Nam,21.8519,106.7614,32.7,24.0,27.1,11.2,91,13.5,38,99
2026-06-25,288,Hoàng Sa,Viet Nam,16.641233,112.742024,30.6,30.1,30.3,0.0,84,32.0,49,81
2026-06-25,797,Gia Lai,Viet Nam,13.9833,108.0,29.6,21.2,25.2,3.1,79,21.6,28,75
2026-06-25,326,Thừa Thiên Huế,Viet Nam,16.4633,107.5847,41.0,28.5,33.7,0.9,53,12.1,36,83
2026-06-25,511,Hòa Bình,Viet Nam,20.8171,105.3375,37.6,28.6,33.1,1.0,71,13.3,49,97
2026-06-25,237,Hải Phòng,Viet Nam,20.8449,106.6881,37.9,27.7,32.2,0.5,74,12.3,66,97
2026-06-25,734,Yên Bái,Viet Nam,21.7051,104.8751,36.2,26.3,31.3,13.7,76,8.4,67,99
2026-06-25,215,Hải Dương,Viet Nam,20.9391,106.3146,37.4,27.7,31.9,0.7,75,12.3,73,98
2026-06-25,146,Tiền Giang,Viet Nam,10.3606,106.3636,33.6,25.3,28.1,4.5,83,27.3,63,69
2026-06-25,168,An Giang,Viet Nam,10.5185,105.1152,33.4,26.3,28.6,8.8,79,23.4,32,76
2026-06-25,684,Khánh Hòa,Viet Nam,12.2467,109.1833,35.9,27.8,32.0,0.0,66,15.6,59,57
2026-06-25,456,Vĩnh Phúc,Viet Nam,21.3089,105.6047,37.4,27.7,32.5,2.4,67,16.8,80,98
2026-06-25,132,Đắk Nông,Viet Nam,12.0,107.7,28.7,22.1,24.5,2.9,88,14.0,24,77
2026-06-25,521,TP. Hồ Chí Minh,Viet Nam,10.8231,106.6297,34.2,25.3,28.3,8.9,82,19.9,69,75
2026-06-25,951,Bình Dương,Viet Nam,11.0531,106.6661,33.4,25.1,27.6,4.2,87,19.1,66,75
2026-06-25,910,Cao Bằng,Viet Nam,22.6661,106.2635,31.0,25.1,27.4,25.2,93,7.9,32,98
2026-06-25,920,Vĩnh Long,Viet Nam,10.2536,105.9723,32.4,25.3,28.0,8.1,82,21.3,61,74
2026-06-25,278,Đồng Nai,Viet Nam,10.9575,106.8427,32.2,25.8,27.6,7.1,88,14.4,69,75
2026-06-25,587,Trà Vinh,Viet Nam,9.9342,106.3339,32.5,25.3,27.6,4.9,85,23.6,62,68
2026-06-25,701,Hà Nội,Viet Nam,21.0285,105.8542,37.7,27.6,32.1,0.4,73,12.3,75,97
2026-06-25,252,Phú Thọ,Viet Nam,21.3235,105.4011,37.2,28.1,33.3,3.0,65,20.4,80,97
2026-06-25,275,Tuyên Quang,Viet Nam,21.8159,105.2132,35.3,26.4,30.6,9.5,78,13.8,42,99
2026-06-25,201,Trường Sa,Viet Nam,10.66936,115.833324,29.6,26.8,28.7,15.2,79,33.3,27,94
2026-06-25,849,Bắc Giang,Viet Nam,21.2731,106.1946,36.1,27.1,31.3,4.9,79,14.8,75,98
2026-06-25,813,Đồng Tháp,Viet Nam,10.4552,105.6323,31.4,25.6,27.9,6.8,85,19.4,55,80
2026-06-25,833,Bến Tre,Viet Nam,10.2424,106.3752,32.9,25.4,27.8,4.8,85,25.0,63,69
2026-06-25,108,Lào Cai,Viet Nam,22.4856,103.9707,35.4,27.2,31.8,15.7,74,8.7,24,99
2026-06-25,249,Phú Yên,Viet Nam,13.0883,109.3045,38.5,28.7,32.9,0.6,54,25.3,50,60
2026-06-25,110,Thái Nguyên,Viet Nam,21.5939,105.8481,35.6,26.9,31.2,10.0,78,14.5,62,97
2026-06-25,960,Lai Châu,Viet Nam,22.3959,103.4621,28.6,21.5,24.5,24.4,86,3.2,22,99
2026-06-25,463,Hậu Giang,Viet Nam,9.7845,105.4735,31.0,25.5,27.2,8.0,87,16.2,37,70
2026-06-25,707,Bắc Ninh,Viet Nam,21.1861,106.0763,36.3,27.2,31.5,2.7,79,12.1,75,98
2026-06-25,226,Kon Tum,Viet Nam,14.35,108.0,32.6,23.2,27.9,3.3,71,17.8,25,81
2026-06-25,620,Cần Thơ,Viet Nam,10.0451,105.7462,31.3,25.5,27.4,10.0,86,21.1,48,72
2026-06-25,872,Thái Bình,Viet Nam,20.4463,106.3364,38.1,28.9,33.5,0.3,64,16.4,63,97
2026-06-25,981,Quảng Bình,Viet Nam,17.4731,106.5962,40.0,29.4,34.5,1.5,50,30.3,32,94
2026-06-25,255,Long An,Viet Nam,10.5332,105.4053,32.2,25.9,28.3,7.5,83,23.3,55,78
2026-06-25,503,Sơn La,Viet Nam,21.3262,103.9149,30.6,23.5,27.4,4.0,83,11.4,25,99
2026-06-25,365,Cà Mau,Viet Nam,9.1769,105.1501,31.1,26.1,27.8,5.6,85,17.3,22,80
2026-06-25,122,Lâm Đồng,Viet Nam,11.9404,108.4419,24.6,16.4,19.8,3.4,87,15.2,25,81
2026-06-25,496,Bạc Liêu,Viet Nam,9.2941,105.7242,31.5,26.2,28.1,6.9,85,15.5,23,74
2026-06-25,327,Bà Rịa – Vũng Tàu,Viet Nam,10.4114,107.1362,31.0,27.1,28.5,13.6,80,25.2,34,75
2026-06-25,160,Nam Định,Viet Nam,20.4231,106.1681,37.9,29.0,33.5,0.5,64,14.4,70,97
2026-06-25,669,Hưng Yên,Viet Nam,20.6465,106.0511,36.7,28.7,32.4,0.0,74,12.4,83,98
2026-06-25,123,Quảng Trị,Viet Nam,16.75,107.1833,39.3,29.6,34.6,0.6,47,26.2,29,87
2026-06-25,133,Bình Định,Viet Nam,13.782,109.2194,39.6,28.0,32.9,0.7,55,17.9,49,60
2026-06-25,767,Kiên Giang,Viet Nam,10.0122,105.0809,31.4,26.0,28.2,5.6,83,28.9,28,74
2026-06-25,729,Phú Quốc,Viet Nam,10.279526,104.003538,29.6,24.0,26.6,19.2,89,16.0,22,84
2026-06-25,495,Nghệ An,Viet Nam,18.6667,105.6667,40.5,31.6,36.3,1.0,41,22.3,32,90
2026-06-25,193,Bắc Kạn,Viet Nam,22.147,105.8326,33.8,26.4,29.7,15.6,86,9.5,41,99
2026-06-25,784,Bình Thuận,Viet Nam,10.9333,108.1,33.2,26.0,28.6,5.2,78,23.6,37,57
2026-06-25,915,Tây Ninh,Viet Nam,11.3125,106.1006,34.2,25.2,29.0,4.4,81,19.1,40,64
2026-06-25,416,Ninh Bình,Viet Nam,20.2506,105.9744,38.1,29.0,33.3,0.4,67,12.7,70,94
2026-06-25,547,Sóc Trăng,Viet Nam,9.6019,105.9731,31.6,25.8,27.6,10.0,86,25.1,47,74
2026-06-25,811,Điện Biên,Viet Nam,21.3833,103.0167,32.4,23.3,28.1,7.9,79,10.1,24,99
2026-06-26,767,Kiên Giang,Viet Nam,10.0122,105.0809,30.9,26.8,28.9,2.1,76,21.7,36,47
2026-06-26,684,Khánh Hòa,Viet Nam,12.2467,109.1833,35.0,28.0,31.4,1.0,67,17.2,62,44
2026-06-26,669,Hưng Yên,Viet Nam,20.6465,106.0511,32.4,26.2,29.3,1.4,81,14.8,80,96
2026-06-26,132,Đắk Nông,Viet Nam,12.0,107.7,28.3,22.2,24.8,4.9,86,15.8,26,64
2026-06-26,196,Đắk Lắk,Viet Nam,12.6667,108.05,31.3,23.1,26.6,2.9,79,13.8,24,72
2026-06-26,590,Đà Nẵng,Viet Nam,16.0471,108.2068,39.8,27.4,31.3,18.2,72,9.7,70,94
2026-06-26,910,Cao Bằng,Viet Nam,22.6661,106.2635,29.6,25.0,26.7,11.0,92,5.5,29,96
2026-06-26,813,Đồng Tháp,Viet Nam,10.4552,105.6323,31.2,26.0,28.0,6.3,82,18.0,64,49
2026-06-26,278,Đồng Nai,Viet Nam,10.9575,106.8427,32.4,26.2,28.7,2.1,80,13.4,69,56
2026-06-26,620,Cần Thơ,Viet Nam,10.0451,105.7462,31.5,25.8,28.3,0.7,80,16.5,60,45
2026-06-26,365,Cà Mau,Viet Nam,9.1769,105.1501,31.7,25.6,28.2,0.9,81,18.1,24,40
2026-06-26,784,Bình Thuận,Viet Nam,10.9333,108.1,32.4,26.8,29.4,3.5,75,23.2,42,57
2026-06-26,133,Bình Định,Viet Nam,13.782,109.2194,38.3,27.8,32.1,1.9,57,21.4,46,85
2026-06-26,347,Bình Phước,Viet Nam,11.7516,106.8778,31.1,24.8,27.4,4.4,88,10.3,54,61
2026-06-26,797,Gia Lai,Viet Nam,13.9833,108.0,27.8,21.1,24.2,1.4,83,19.1,26,75
2026-06-26,951,Bình Dương,Viet Nam,11.0531,106.6661,32.5,25.4,28.5,0.9,81,14.2,66,53
2026-06-26,833,Bến Tre,Viet Nam,10.2424,106.3752,31.9,25.8,28.5,1.0,81,14.3,65,47
2026-06-26,707,Bắc Ninh,Viet Nam,21.1861,106.0763,30.9,25.5,28.1,11.1,85,12.2,72,95
2026-06-26,496,Bạc Liêu,Viet Nam,9.2941,105.7242,32.2,26.2,28.4,2.9,80,16.3,25,42
2026-06-26,193,Bắc Kạn,Viet Nam,22.147,105.8326,29.5,25.4,27.0,26.6,91,7.3,31,96
2026-06-26,385,Hà Giang,Viet Nam,22.8233,104.9836,28.4,24.7,26.2,47.4,93,4.7,27,100
2026-06-26,849,Bắc Giang,Viet Nam,21.2731,106.1946,30.6,25.5,27.9,5.8,87,11.7,72,94
2026-06-26,327,Bà Rịa – Vũng Tàu,Viet Nam,10.4114,107.1362,31.2,27.4,29.0,4.6,78,17.5,34,52
2026-06-26,168,An Giang,Viet Nam,10.5185,105.1152,32.9,26.4,28.5,8.5,79,18.6,44,48
2026-06-26,729,Phú Quốc,Viet Nam,10.279526,104.003538,30.1,25.7,27.0,5.1,87,14.8,23,58
2026-06-26,201,Trường Sa,Viet Nam,10.66936,115.833324,30.0,28.0,29.0,11.7,77,32.7,25,96
2026-06-26,696,Hà Nam,Viet Nam,20.5463,105.9142,32.8,25.2,29.1,1.6,81,15.5,78,98
2026-06-26,288,Hoàng Sa,Viet Nam,16.641233,112.742024,30.7,29.6,30.3,0.0,83,28.9,56,84
2026-06-26,734,Yên Bái,Viet Nam,21.7051,104.8751,27.1,24.6,26.3,19.7,96,6.7,63,92
2026-06-26,456,Vĩnh Phúc,Viet Nam,21.3089,105.6047,31.5,25.2,28.4,27.2,82,9.1,72,93
2026-06-26,920,Vĩnh Long,Viet Nam,10.2536,105.9723,32.0,26.0,28.7,0.7,77,17.4,65,53
2026-06-26,275,Tuyên Quang,Viet Nam,21.8159,105.2132,28.4,24.4,26.3,35.8,95,11.7,36,86
2026-06-26,701,Hà Nội,Viet Nam,21.0285,105.8542,31.2,25.6,28.7,10.0,81,11.1,72,95
2026-06-26,587,Trà Vinh,Viet Nam,9.9342,106.3339,32.4,25.5,28.5,1.2,79,18.2,63,43
2026-06-26,521,TP. Hồ Chí Minh,Viet Nam,10.8231,106.6297,33.1,25.7,28.8,2.2,79,11.8,69,49
2026-06-26,146,Tiền Giang,Viet Nam,10.3606,106.3636,32.0,25.8,28.6,1.2,80,14.8,65,50
2026-06-26,326,Thừa Thiên Huế,Viet Nam,16.4633,107.5847,40.1,26.4,31.8,0.6,65,10.6,40,89
2026-06-26,454,Thanh Hóa,Viet Nam,19.8075,105.7764,37.0,27.9,30.6,4.9,81,13.8,69,99
2026-06-26,645,Hà Tĩnh,Viet Nam,18.3421,105.9038,39.0,28.8,32.1,3.9,67,11.2,53,96
2026-06-26,811,Điện Biên,Viet Nam,21.3833,103.0167,29.9,23.6,27.0,12.6,84,7.3,28,96
2026-06-26,110,Thái Nguyên,Viet Nam,21.5939,105.8481,30.2,25.5,27.3,5.9,90,9.3,60,93
2026-06-26,872,Thái Bình,Viet Nam,20.4463,106.3364,34.2,26.8,30.0,0.5,77,16.4,68,97
2026-06-26,915,Tây Ninh,Viet Nam,11.3125,106.1006,33.9,25.7,29.3,0.4,77,14.9,54,52
2026-06-26,503,Sơn La,Viet Nam,21.3262,103.9149,27.6,22.5,25.0,7.1,89,8.1,34,93
2026-06-26,547,Sóc Trăng,Viet Nam,9.6019,105.9731,31.7,25.8,28.3,1.1,80,17.1,55,36
2026-06-26,215,Hải Dương,Viet Nam,20.9391,106.3146,31.9,25.3,28.9,9.0,81,12.9,74,93
2026-06-26,123,Quảng Trị,Viet Nam,16.75,107.1833,39.3,27.9,32.6,0.3,57,26.2,36,95
2026-06-26,981,Quảng Bình,Viet Nam,17.4731,106.5962,38.9,28.9,32.8,2.5,58,17.7,39,94
2026-06-26,249,Phú Yên,Viet Nam,13.0883,109.3045,38.4,28.0,32.6,0.1,54,24.9,44,73
2026-06-26,252,Phú Thọ,Viet Nam,21.3235,105.4011,31.6,25.7,28.8,15.1,82,15.3,72,90
2026-06-26,237,Hải Phòng,Viet Nam,20.8449,106.6881,34.2,25.5,29.8,5.5,78,12.1,67,92
2026-06-26,208,Ninh Thuận,Viet Nam,11.5647,108.9892,36.8,27.9,31.9,0.7,63,23.0,30,40
2026-06-26,416,Ninh Bình,Viet Nam,20.2506,105.9744,34.2,26.5,30.3,4.5,76,16.7,78,96
2026-06-26,495,Nghệ An,Viet Nam,18.6667,105.6667,39.5,29.9,32.9,2.0,65,15.3,51,94
2026-06-26,160,Nam Định,Viet Nam,20.4231,106.1681,34.1,27.0,30.0,1.7,78,15.2,78,97
2026-06-26,255,Long An,Viet Nam,10.5332,105.4053,31.4,25.7,27.9,6.8,83,19.2,64,50
2026-06-26,463,Hậu Giang,Viet Nam,9.7845,105.4735,31.7,25.4,28.0,0.5,81,16.3,47,45
2026-06-26,108,Lào Cai,Viet Nam,22.4856,103.9707,27.9,24.9,26.6,35.2,94,4.8,30,99
2026-06-26,861,Lạng Sơn,Viet Nam,21.8519,106.7614,28.1,23.8,25.5,14.4,90,10.6,31,98
2026-06-26,122,Lâm Đồng,Viet Nam,11.9404,108.4419,25.4,17.0,20.2,3.2,83,16.4,23,59
2026-06-26,960,Lai Châu,Viet Nam,22.3959,103.4621,25.5,21.3,22.9,29.0,94,3.3,24,99
2026-06-26,226,Kon Tum,Viet Nam,14.35,108.0,32.1,22.7,25.9,5.7,82,18.5,26,68
2026-06-26,511,Hòa Bình,Viet Nam,20.8171,105.3375,33.0,25.4,29.3,6.1,81,11.7,66,98
2026-06-27,275,Tuyên Quang,Viet Nam,21.8159,105.2132,31.1,24.7,27.6,12.8,87,8.7,42,96
2026-06-27,645,Hà Tĩnh,Viet Nam,18.3421,105.9038,36.5,29.5,32.2,3.4,62,12.2,46,97
2026-06-27,590,Đà Nẵng,Viet Nam,16.0471,108.2068,37.6,27.7,31.6,1.5,68,11.2,65,95
2026-06-27,110,Thái Nguyên,Viet Nam,21.5939,105.8481,31.1,25.0,28.2,16.3,87,8.8,71,95
2026-06-27,201,Trường Sa,Viet Nam,10.66936,115.833324,30.4,27.9,29.4,4.7,76,28.7,25,96
2026-06-27,872,Thái Bình,Viet Nam,20.4463,106.3364,34.3,25.9,29.8,18.0,79,9.9,70,93
2026-06-27,122,Lâm Đồng,Viet Nam,11.9404,108.4419,24.4,16.3,19.6,5.1,88,11.7,22,91
2026-06-27,729,Phú Quốc,Viet Nam,10.279526,104.003538,28.6,24.4,26.7,16.7,87,16.6,22,76
2026-06-27,915,Tây Ninh,Viet Nam,11.3125,106.1006,34.7,25.5,29.2,0.6,81,17.9,52,70
2026-06-27,168,An Giang,Viet Nam,10.5185,105.1152,33.7,26.8,29.4,2.9,73,20.0,40,82
2026-06-27,503,Sơn La,Viet Nam,21.3262,103.9149,28.8,22.8,25.5,12.9,88,7.5,30,95
2026-06-27,327,Bà Rịa – Vũng Tàu,Viet Nam,10.4114,107.1362,32.1,27.3,29.4,5.2,76,19.4,44,74
2026-06-27,547,Sóc Trăng,Viet Nam,9.6019,105.9731,32.1,25.9,28.5,1.8,81,17.5,63,81
2026-06-27,196,Đắk Lắk,Viet Nam,12.6667,108.05,31.1,23.3,25.9,7.1,85,15.8,24,73
2026-06-27,385,Hà Giang,Viet Nam,22.8233,104.9836,30.7,25.0,27.7,11.4,84,5.1,30,95
2026-06-27,215,Hải Dương,Viet Nam,20.9391,106.3146,32.3,25.0,28.9,24.5,85,8.5,80,96
2026-06-27,849,Bắc Giang,Viet Nam,21.2731,106.1946,32.0,25.0,28.6,42.7,86,7.3,92,95
2026-06-27,193,Bắc Kạn,Viet Nam,22.147,105.8326,31.7,25.4,27.8,25.9,92,7.2,32,96
2026-06-27,123,Quảng Trị,Viet Nam,16.75,107.1833,38.2,28.5,33.0,3.3,54,23.4,33,93
2026-06-27,960,Lai Châu,Viet Nam,22.3959,103.4621,25.8,19.8,22.7,8.1,94,4.1,28,98
2026-06-27,496,Bạc Liêu,Viet Nam,9.2941,105.7242,32.5,26.5,28.7,2.3,80,19.4,31,73
2026-06-27,981,Quảng Bình,Viet Nam,17.4731,106.5962,38.1,29.0,33.0,1.1,55,13.4,38,90
2026-06-27,707,Bắc Ninh,Viet Nam,21.1861,106.0763,31.9,25.1,28.6,43.5,84,8.4,92,95
2026-06-27,249,Phú Yên,Viet Nam,13.0883,109.3045,37.7,27.2,30.9,10.8,65,25.3,40,74
2026-06-27,833,Bến Tre,Viet Nam,10.2424,106.3752,32.9,26.2,28.8,1.5,81,16.3,66,78
2026-06-27,252,Phú Thọ,Viet Nam,21.3235,105.4011,33.1,25.7,29.4,25.7,81,10.7,87,96
2026-06-27,132,Đắk Nông,Viet Nam,12.0,107.7,27.5,21.5,23.7,6.8,92,14.9,24,89
2026-06-27,208,Ninh Thuận,Viet Nam,11.5647,108.9892,37.1,27.6,31.8,1.1,61,14.1,31,71
2026-06-27,797,Gia Lai,Viet Nam,13.9833,108.0,28.8,21.6,24.8,2.3,81,18.5,23,81
2026-06-27,237,Hải Phòng,Viet Nam,20.8449,106.6881,33.1,25.4,29.3,8.7,83,10.2,66,95
2026-06-27,951,Bình Dương,Viet Nam,11.0531,106.6661,32.8,25.0,28.3,4.4,82,14.4,66,90
2026-06-27,226,Kon Tum,Viet Nam,14.35,108.0,31.5,23.0,26.3,12.9,79,14.6,23,81
2026-06-27,347,Bình Phước,Viet Nam,11.7516,106.8778,30.3,24.4,26.6,6.6,91,10.4,59,86
2026-06-27,416,Ninh Bình,Viet Nam,20.2506,105.9744,33.4,25.4,29.6,22.2,80,10.7,86,91
2026-06-27,278,Đồng Nai,Viet Nam,10.9575,106.8427,32.5,25.6,28.8,2.9,80,10.6,68,86
2026-06-27,495,Nghệ An,Viet Nam,18.6667,105.6667,39.9,30.0,32.9,1.1,63,14.0,54,97
2026-06-27,669,Hưng Yên,Viet Nam,20.6465,106.0511,32.0,25.7,29.0,23.5,85,10.0,94,94
2026-06-27,133,Bình Định,Viet Nam,13.782,109.2194,38.6,27.6,31.6,3.1,64,16.7,51,60
2026-06-27,160,Nam Định,Viet Nam,20.4231,106.1681,33.8,25.6,29.8,24.4,79,12.6,86,94
2026-06-27,784,Bình Thuận,Viet Nam,10.9333,108.1,33.8,26.6,29.6,0.1,72,24.9,46,73
2026-06-27,255,Long An,Viet Nam,10.5332,105.4053,32.2,26.6,28.9,2.1,77,22.4,63,84
2026-06-27,684,Khánh Hòa,Viet Nam,12.2467,109.1833,34.4,27.6,30.7,2.3,70,14.7,64,61
2026-06-27,365,Cà Mau,Viet Nam,9.1769,105.1501,32.2,25.5,28.4,6.3,81,21.1,30,74
2026-06-27,620,Cần Thơ,Viet Nam,10.0451,105.7462,32.3,25.9,28.6,3.8,80,20.4,62,73
2026-06-27,463,Hậu Giang,Viet Nam,9.7845,105.4735,31.8,25.2,28.3,6.8,81,19.9,60,74
2026-06-27,108,Lào Cai,Viet Nam,22.4856,103.9707,29.9,25.1,27.5,20.9,86,6.1,31,98
2026-06-27,767,Kiên Giang,Viet Nam,10.0122,105.0809,31.0,26.0,29.0,10.9,76,25.6,37,72
2026-06-27,701,Hà Nội,Viet Nam,21.0285,105.8542,32.4,25.7,28.8,20.3,85,10.4,92,94
2026-06-27,811,Điện Biên,Viet Nam,21.3833,103.0167,29.0,23.7,26.2,7.0,89,5.6,26,97
2026-06-27,587,Trà Vinh,Viet Nam,9.9342,106.3339,33.1,25.6,28.9,0.3,78,18.6,66,77
2026-06-27,813,Đồng Tháp,Viet Nam,10.4552,105.6323,32.3,26.4,28.7,1.5,79,22.3,63,80
2026-06-27,920,Vĩnh Long,Viet Nam,10.2536,105.9723,33.3,26.2,29.2,2.1,76,21.1,65,73
2026-06-27,521,TP. Hồ Chí Minh,Viet Nam,10.8231,106.6297,33.8,26.3,29.4,1.0,77,16.1,68,83
2026-06-27,910,Cao Bằng,Viet Nam,22.6661,106.2635,31.6,24.7,27.5,6.4,89,6.2,28,97
2026-06-27,456,Vĩnh Phúc,Viet Nam,21.3089,105.6047,32.6,25.2,28.9,25.3,82,9.5,87,96
2026-06-27,146,Tiền Giang,Viet Nam,10.3606,106.3636,33.1,26.2,29.0,0.7,79,18.8,66,76
2026-06-27,734,Yên Bái,Viet Nam,21.7051,104.8751,31.7,24.8,27.7,11.6,86,5.9,48,97
2026-06-27,326,Thừa Thiên Huế,Viet Nam,16.4633,107.5847,38.1,27.5,31.5,1.8,64,12.9,39,99
2026-06-27,861,Lạng Sơn,Viet Nam,21.8519,106.7614,31.2,23.4,26.8,6.3,87,7.7,32,96
2026-06-27,288,Hoàng Sa,Viet Nam,16.641233,112.742024,30.7,29.8,30.3,0.0,84,25.2,58,80
2026-06-27,454,Thanh Hóa,Viet Nam,19.8075,105.7764,35.4,24.7,29.7,31.9,82,11.7,69,93
2026-06-27,511,Hòa Bình,Viet Nam,20.8171,105.3375,33.1,26.2,29.0,21.5,87,6.7,66,96
2026-06-27,696,Hà Nam,Viet Nam,20.5463,105.9142,31.5,25.2,28.5,21.0,86,11.5,86,96
2026-06-28,813,Đồng Tháp,Viet Nam,10.4552,105.6323,29.6,26.7,27.5,17.8,88,20.5,63,91
2026-06-28,920,Vĩnh Long,Viet Nam,10.2536,105.9723,30.1,26.4,27.5,14.0,88,21.3,65,91
2026-06-28,645,Hà Tĩnh,Viet Nam,18.3421,105.9038,35.9,30.0,32.3,4.5,63,18.7,36,92
2026-06-28,951,Bình Dương,Viet Nam,11.0531,106.6661,32.5,25.4,27.3,8.6,89,13.1,63,88
2026-06-28,288,Hoàng Sa,Viet Nam,16.641233,112.742024,30.6,26.6,29.8,7.1,80,26.9,47,78
2026-06-28,110,Thái Nguyên,Viet Nam,21.5939,105.8481,32.3,25.5,28.1,31.9,89,11.1,68,97
2026-06-28,910,Cao Bằng,Viet Nam,22.6661,106.2635,32.6,24.6,27.4,25.4,90,6.8,36,98
2026-06-28,122,Lâm Đồng,Viet Nam,11.9404,108.4419,25.0,16.3,19.9,6.1,88,10.8,21,85
2026-06-28,416,Ninh Bình,Viet Nam,20.2506,105.9744,33.9,25.9,29.2,19.9,86,16.6,74,98
2026-06-28,201,Trường Sa,Viet Nam,10.66936,115.833324,29.5,27.1,28.6,10.6,81,26.0,26,97
2026-06-28,872,Thái Bình,Viet Nam,20.4463,106.3364,34.1,26.5,29.4,18.1,85,17.6,60,98
2026-06-28,811,Điện Biên,Viet Nam,21.3833,103.0167,30.7,24.1,26.7,27.0,89,8.6,24,99
2026-06-28,767,Kiên Giang,Viet Nam,10.0122,105.0809,29.5,25.9,28.0,16.4,83,24.2,28,95
2026-06-28,347,Bình Phước,Viet Nam,11.7516,106.8778,31.5,24.7,26.7,14.5,91,11.6,44,82
2026-06-28,729,Phú Quốc,Viet Nam,10.279526,104.003538,29.9,24.1,26.4,19.3,90,18.2,18,94
2026-06-28,915,Tây Ninh,Viet Nam,11.3125,106.1006,33.0,25.9,27.4,13.7,90,17.8,49,87
2026-06-28,146,Tiền Giang,Viet Nam,10.3606,106.3636,30.4,26.0,27.3,14.5,91,21.7,67,86
2026-06-28,511,Hòa Bình,Viet Nam,20.8171,105.3375,32.3,26.7,29.0,21.0,90,6.7,63,99
2026-06-28,495,Nghệ An,Viet Nam,18.6667,105.6667,38.1,29.8,33.6,0.4,58,16.1,49,98
2026-06-28,168,An Giang,Viet Nam,10.5185,105.1152,31.2,25.6,28.1,12.7,83,17.8,36,93
2026-06-28,503,Sơn La,Viet Nam,21.3262,103.9149,30.6,23.4,26.0,14.2,91,7.7,28,99
2026-06-28,701,Hà Nội,Viet Nam,21.0285,105.8542,31.9,25.9,28.2,46.9,90,12.8,78,99
2026-06-28,590,Đà Nẵng,Viet Nam,16.0471,108.2068,37.9,26.6,30.6,25.9,74,11.1,68,90
2026-06-28,734,Yên Bái,Viet Nam,21.7051,104.8751,32.0,25.0,27.7,63.0,92,7.7,55,94
2026-06-28,327,Bà Rịa – Vũng Tàu,Viet Nam,10.4114,107.1362,29.7,27.6,28.5,6.3,82,18.4,42,84
2026-06-28,547,Sóc Trăng,Viet Nam,9.6019,105.9731,30.5,25.9,27.2,18.8,89,18.0,64,91
2026-06-28,133,Bình Định,Viet Nam,13.782,109.2194,37.5,26.5,30.6,5.6,69,14.8,46,80
2026-06-28,587,Trà Vinh,Viet Nam,9.9342,106.3339,30.4,25.9,27.5,6.5,87,18.0,67,91
2026-06-28,385,Hà Giang,Viet Nam,22.8233,104.9836,32.7,25.7,28.5,16.3,83,4.9,30,96
2026-06-28,160,Nam Định,Viet Nam,20.4231,106.1681,33.5,26.8,29.4,18.1,86,12.0,74,98
2026-06-28,960,Lai Châu,Viet Nam,22.3959,103.4621,27.0,21.6,23.7,18.6,92,4.3,23,99
2026-06-28,861,Lạng Sơn,Viet Nam,21.8519,106.7614,30.9,24.2,26.5,13.1,90,10.1,47,99
2026-06-28,215,Hải Dương,Viet Nam,20.9391,106.3146,32.7,25.8,28.8,19.9,87,12.2,69,99
2026-06-28,669,Hưng Yên,Viet Nam,20.6465,106.0511,32.4,26.7,29.0,22.4,88,10.7,81,99
2026-06-28,849,Bắc Giang,Viet Nam,21.2731,106.1946,32.8,26.0,28.4,26.1,89,13.2,78,99
2026-06-28,456,Vĩnh Phúc,Viet Nam,21.3089,105.6047,33.1,25.4,28.1,34.3,88,14.6,83,99
2026-06-28,123,Quảng Trị,Viet Nam,16.75,107.1833,38.0,28.4,32.2,3.8,62,22.0,36,90
2026-06-28,784,Bình Thuận,Viet Nam,10.9333,108.1,34.8,26.6,29.0,4.5,78,24.8,46,80
2026-06-28,255,Long An,Viet Nam,10.5332,105.4053,30.5,26.4,27.8,10.3,86,18.2,63,93
2026-06-28,193,Bắc Kạn,Viet Nam,22.147,105.8326,32.4,25.3,28.1,9.7,89,6.4,46,97
2026-06-28,275,Tuyên Quang,Viet Nam,21.8159,105.2132,32.6,25.0,27.9,25.9,90,9.6,50,95
2026-06-28,981,Quảng Bình,Viet Nam,17.4731,106.5962,37.4,28.9,32.9,0.3,57,18.2,32,89
2026-06-28,696,Hà Nam,Viet Nam,20.5463,105.9142,32.2,25.3,28.2,29.1,92,9.1,74,98
2026-06-28,132,Đắk Nông,Viet Nam,12.0,107.7,29.6,22.3,24.3,13.4,90,13.5,22,87
2026-06-28,496,Bạc Liêu,Viet Nam,9.2941,105.7242,30.5,25.9,27.4,24.5,88,15.8,26,92
2026-06-28,521,TP. Hồ Chí Minh,Viet Nam,10.8231,106.6297,32.3,26.1,27.6,21.8,88,19.3,69,88
2026-06-28,249,Phú Yên,Viet Nam,13.0883,109.3045,37.1,27.3,30.7,2.7,68,22.4,45,74
2026-06-28,365,Cà Mau,Viet Nam,9.1769,105.1501,30.2,24.2,27.5,22.3,86,17.1,25,93
2026-06-28,196,Đắk Lắk,Viet Nam,12.6667,108.05,31.3,23.7,26.0,16.6,87,10.9,25,82
2026-06-28,707,Bắc Ninh,Viet Nam,21.1861,106.0763,32.8,26.0,28.4,33.3,88,14.7,78,99
2026-06-28,108,Lào Cai,Viet Nam,22.4856,103.9707,31.4,25.9,28.1,25.0,89,6.3,26,98
2026-06-28,252,Phú Thọ,Viet Nam,21.3235,105.4011,33.6,26.2,28.8,20.3,87,14.5,83,98
2026-06-28,326,Thừa Thiên Huế,Viet Nam,16.4633,107.5847,37.4,26.9,30.3,15.0,74,13.4,46,90
2026-06-28,620,Cần Thơ,Viet Nam,10.0451,105.7462,30.0,26.0,27.1,16.8,90,16.2,59,89
2026-06-28,833,Bến Tre,Viet Nam,10.2424,106.3752,30.6,26.1,27.3,9.9,90,17.5,67,88
2026-06-28,278,Đồng Nai,Viet Nam,10.9575,106.8427,32.3,26.3,27.6,20.7,88,14.5,69,88
2026-06-28,208,Ninh Thuận,Viet Nam,11.5647,108.9892,35.7,26.1,29.9,7.7,78,16.9,29,76
2026-06-28,684,Khánh Hòa,Viet Nam,12.2467,109.1833,34.1,27.4,30.4,2.8,74,16.9,59,68
2026-06-28,797,Gia Lai,Viet Nam,13.9833,108.0,28.4,21.0,24.1,7.7,84,17.0,27,85
2026-06-28,454,Thanh Hóa,Viet Nam,19.8075,105.7764,35.1,25.1,29.5,18.7,86,11.9,61,97
2026-06-28,226,Kon Tum,Viet Nam,14.35,108.0,29.9,23.0,25.4,15.7,86,17.3,28,88
2026-06-28,463,Hậu Giang,Viet Nam,9.7845,105.4735,30.0,25.5,27.2,14.9,89,16.6,58,90
2026-06-28,237,Hải Phòng,Viet Nam,20.8449,106.6881,32.6,26.4,29.2,13.6,86,11.6,61,98
2026-06-29,784,Bình Thuận,Viet Nam,10.9333,108.1,33.3,25.6,28.3,8.8,81,20.0,34,88
2026-06-29,278,Đồng Nai,Viet Nam,10.9575,106.8427,31.7,24.9,27.4,36.2,88,13.4,68,97
2026-06-29,813,Đồng Tháp,Viet Nam,10.4552,105.6323,29.8,26.2,27.6,14.1,87,18.7,54,91
2026-06-29,133,Bình Định,Viet Nam,13.782,109.2194,37.3,25.8,30.4,6.6,73,14.1,41,89
2026-06-29,797,Gia Lai,Viet Nam,13.9833,108.0,26.9,20.9,23.1,12.5,92,18.2,20,97
2026-06-29,385,Hà Giang,Viet Nam,22.8233,104.9836,31.6,25.0,27.5,23.7,89,5.0,33,99
2026-06-29,696,Hà Nam,Viet Nam,20.5463,105.9142,30.4,25.3,27.4,14.1,93,9.5,67,99
2026-06-29,701,Hà Nội,Viet Nam,21.0285,105.8542,30.9,25.2,27.6,23.2,91,11.6,69,100
2026-06-29,645,Hà Tĩnh,Viet Nam,18.3421,105.9038,35.9,29.0,31.8,1.4,63,18.0,31,96
2026-06-29,215,Hải Dương,Viet Nam,20.9391,106.3146,31.2,25.3,27.8,24.6,91,11.5,60,100
2026-06-29,237,Hải Phòng,Viet Nam,20.8449,106.6881,31.9,25.6,28.7,15.1,85,10.7,41,99
2026-06-29,463,Hậu Giang,Viet Nam,9.7845,105.4735,30.1,25.3,26.9,23.7,89,18.4,36,93
2026-06-29,511,Hòa Bình,Viet Nam,20.8171,105.3375,32.0,26.5,28.4,19.8,92,7.6,38,100
2026-06-29,669,Hưng Yên,Viet Nam,20.6465,106.0511,31.0,25.4,28.3,15.3,90,10.6,69,99
2026-06-29,684,Khánh Hòa,Viet Nam,12.2467,109.1833,34.6,26.2,29.6,6.6,79,16.3,67,87
2026-06-29,767,Kiên Giang,Viet Nam,10.0122,105.0809,30.3,26.8,27.9,11.3,82,29.4,23,95
2026-06-29,226,Kon Tum,Viet Nam,14.35,108.0,28.5,22.4,25.1,7.2,86,15.9,20,90
2026-06-29,960,Lai Châu,Viet Nam,22.3959,103.4621,26.0,21.6,23.5,14.4,90,4.0,20,100
2026-06-29,122,Lâm Đồng,Viet Nam,11.9404,108.4419,23.9,17.0,19.2,22.6,92,15.9,19,91
2026-06-29,861,Lạng Sơn,Viet Nam,21.8519,106.7614,29.3,23.0,25.8,11.3,90,13.2,35,100
2026-06-29,108,Lào Cai,Viet Nam,22.4856,103.9707,30.9,25.8,27.5,23.9,90,4.8,24,98
2026-06-29,255,Long An,Viet Nam,10.5332,105.4053,30.5,26.5,27.6,21.2,87,22.7,54,94
2026-06-29,160,Nam Định,Viet Nam,20.4231,106.1681,31.3,25.9,28.6,12.1,88,10.3,67,99
2026-06-29,495,Nghệ An,Viet Nam,18.6667,105.6667,38.7,29.8,32.8,1.4,62,16.3,40,97
2026-06-29,416,Ninh Bình,Viet Nam,20.2506,105.9744,31.4,26.4,28.8,6.0,86,9.5,67,99
2026-06-29,208,Ninh Thuận,Viet Nam,11.5647,108.9892,36.4,26.3,30.2,1.8,76,15.0,27,89
2026-06-29,252,Phú Thọ,Viet Nam,21.3235,105.4011,31.2,25.7,27.8,31.6,89,14.5,70,100
2026-06-29,249,Phú Yên,Viet Nam,13.0883,109.3045,36.5,26.7,29.9,5.3,72,21.5,47,90
2026-06-29,981,Quảng Bình,Viet Nam,17.4731,106.5962,37.7,28.0,31.3,3.2,68,16.8,32,95
2026-06-29,123,Quảng Trị,Viet Nam,16.75,107.1833,38.7,26.9,30.5,9.0,74,19.3,33,95
2026-06-29,547,Sóc Trăng,Viet Nam,9.6019,105.9731,30.6,25.3,26.6,38.8,90,17.2,51,93
2026-06-29,503,Sơn La,Viet Nam,21.3262,103.9149,28.3,23.4,25.0,36.2,93,6.4,23,100
2026-06-29,915,Tây Ninh,Viet Nam,11.3125,106.1006,33.7,25.4,28.2,7.7,85,18.1,55,94
2026-06-29,872,Thái Bình,Viet Nam,20.4463,106.3364,31.7,25.5,28.6,12.8,87,10.2,56,99
2026-06-29,110,Thái Nguyên,Viet Nam,21.5939,105.8481,30.3,24.9,27.3,31.8,91,13.6,64,100
2026-06-29,454,Thanh Hóa,Viet Nam,19.8075,105.7764,33.1,26.1,29.1,14.9,87,10.4,55,98
2026-06-29,326,Thừa Thiên Huế,Viet Nam,16.4633,107.5847,36.7,25.7,29.8,9.8,73,16.2,43,95
2026-06-29,146,Tiền Giang,Viet Nam,10.3606,106.3636,30.9,24.4,27.0,21.3,90,17.6,63,93
2026-06-29,521,TP. Hồ Chí Minh,Viet Nam,10.8231,106.6297,32.7,25.0,27.6,23.0,88,14.4,68,93
2026-06-29,587,Trà Vinh,Viet Nam,9.9342,106.3339,30.4,24.8,26.7,33.8,90,18.1,62,96
2026-06-29,275,Tuyên Quang,Viet Nam,21.8159,105.2132,30.9,24.7,27.1,40.9,89,12.4,40,99
2026-06-29,920,Vĩnh Long,Viet Nam,10.2536,105.9723,29.8,25.7,27.1,22.3,89,16.9,61,91
2026-06-29,456,Vĩnh Phúc,Viet Nam,21.3089,105.6047,30.1,25.0,27.2,30.1,91,12.4,70,100
2026-06-29,734,Yên Bái,Viet Nam,21.7051,104.8751,30.9,24.9,27.2,29.6,91,6.5,46,99
2026-06-29,288,Hoàng Sa,Viet Nam,16.641233,112.742024,30.2,27.0,29.1,4.3,80,25.5,37,89
2026-06-29,201,Trường Sa,Viet Nam,10.66936,115.833324,29.3,27.7,28.3,14.3,81,24.1,26,94
2026-06-29,729,Phú Quốc,Viet Nam,10.279526,104.003538,29.4,24.2,26.3,16.8,91,20.7,18,92
2026-06-29,168,An Giang,Viet Nam,10.5185,105.1152,31.2,26.3,27.9,12.1,85,20.4,30,94
2026-06-29,327,Bà Rịa – Vũng Tàu,Viet Nam,10.4114,107.1362,29.9,25.7,28.2,18.7,82,25.2,31,89
2026-06-29,849,Bắc Giang,Viet Nam,21.2731,106.1946,30.0,25.1,27.5,20.7,90,12.5,69,100
2026-06-29,193,Bắc Kạn,Viet Nam,22.147,105.8326,29.8,25.3,26.9,25.0,93,5.7,37,99
2026-06-29,496,Bạc Liêu,Viet Nam,9.2941,105.7242,29.9,25.0,26.8,33.6,89,20.9,19,93
2026-06-29,707,Bắc Ninh,Viet Nam,21.1861,106.0763,30.7,25.1,27.7,20.3,89,12.7,69,100
2026-06-29,833,Bến Tre,Viet Nam,10.2424,106.3752,29.9,25.1,26.9,19.2,91,14.7,63,94
2026-06-29,951,Bình Dương,Viet Nam,11.0531,106.6661,32.6,24.4,27.4,28.4,89,15.0,62,92
2026-06-29,347,Bình Phước,Viet Nam,11.7516,106.8778,30.8,23.7,26.4,35.2,93,10.6,36,96
2026-06-29,365,Cà Mau,Viet Nam,9.1769,105.1501,29.9,25.6,26.6,26.7,91,18.7,18,95
2026-06-29,620,Cần Thơ,Viet Nam,10.0451,105.7462,29.8,25.5,26.9,33.7,90,17.2,38,92
2026-06-29,910,Cao Bằng,Viet Nam,22.6661,106.2635,30.8,24.8,26.5,37.6,95,9.1,35,100
2026-06-29,590,Đà Nẵng,Viet Nam,16.0471,108.2068,37.1,25.4,30.0,8.6,74,15.7,66,95
2026-06-29,196,Đắk Lắk,Viet Nam,12.6667,108.05,30.4,23.1,25.8,4.6,87,10.2,21,91
2026-06-29,132,Đắk Nông,Viet Nam,12.0,107.7,28.1,21.8,24.0,24.2,92,14.6,21,98
2026-06-29,811,Điện Biên,Viet Nam,21.3833,103.0167,28.9,23.5,25.8,26.7,92,8.3,19,100
2026-06-30,861,Lạng Sơn,Viet Nam,21.8519,106.7614,29.4,23.6,25.7,9.4,90,12.1,22,96
2026-06-30,813,Đồng Tháp,Viet Nam,10.4552,105.6323,30.9,25.2,27.5,30.8,88,15.2,67,98
2026-06-30,910,Cao Bằng,Viet Nam,22.6661,106.2635,28.8,24.3,26.0,26.6,93,10.1,25,99
2026-06-30,122,Lâm Đồng,Viet Nam,11.9404,108.4419,25.8,16.1,19.9,3.3,88,14.2,17,94
2026-06-30,590,Đà Nẵng,Viet Nam,16.0471,108.2068,35.8,28.0,31.1,3.5,71,12.2,66,84
2026-06-30,960,Lai Châu,Viet Nam,22.3959,103.4621,23.9,21.3,22.4,21.5,96,2.3,20,100
2026-06-30,196,Đắk Lắk,Viet Nam,12.6667,108.05,30.3,23.0,25.4,13.0,88,11.7,21,95
2026-06-30,456,Vĩnh Phúc,Viet Nam,21.3089,105.6047,30.0,24.5,26.7,32.2,92,14.3,67,98
2026-06-30,454,Thanh Hóa,Viet Nam,19.8075,105.7764,33.1,24.8,28.1,15.3,88,11.6,52,98
2026-06-30,645,Hà Tĩnh,Viet Nam,18.3421,105.9038,35.0,27.6,30.8,7.1,71,13.6,29,92
2026-06-30,734,Yên Bái,Viet Nam,21.7051,104.8751,27.5,24.7,25.8,35.1,98,11.5,46,100
2026-06-30,767,Kiên Giang,Viet Nam,10.0122,105.0809,30.3,25.8,28.3,16.5,80,22.0,24,97
2026-06-30,587,Trà Vinh,Viet Nam,9.9342,106.3339,30.4,24.7,26.9,11.3,91,16.6,64,96
2026-06-30,521,TP. Hồ Chí Minh,Viet Nam,10.8231,106.6297,32.2,25.8,28.1,8.3,85,13.9,72,99
2026-06-30,278,Đồng Nai,Viet Nam,10.9575,106.8427,32.4,25.4,27.9,12.2,87,13.3,72,99
2026-06-30,110,Thái Nguyên,Viet Nam,21.5939,105.8481,30.4,25.2,27.0,30.4,91,13.6,41,99
2026-06-30,872,Thái Bình,Viet Nam,20.4463,106.3364,33.8,24.8,28.5,14.9,85,12.7,40,94
2026-06-30,696,Hà Nam,Viet Nam,20.5463,105.9142,31.6,24.7,27.0,26.2,93,9.1,64,95
2026-06-30,288,Hoàng Sa,Viet Nam,16.641233,112.742024,30.7,29.9,30.2,1.7,75,22.1,33,49
2026-06-30,511,Hòa Bình,Viet Nam,20.8171,105.3375,30.9,25.5,27.3,21.4,94,9.0,41,99
2026-06-30,915,Tây Ninh,Viet Nam,11.3125,106.1006,32.0,25.9,27.9,6.7,87,13.7,60,99
2026-06-30,201,Trường Sa,Viet Nam,10.66936,115.833324,29.6,27.2,28.0,43.7,82,29.8,28,96
2026-06-30,503,Sơn La,Viet Nam,21.3262,103.9149,25.6,23.1,24.3,26.8,96,7.8,25,100
2026-06-30,729,Phú Quốc,Viet Nam,10.279526,104.003538,30.8,24.2,27.1,14.8,85,19.4,20,97
2026-06-30,168,An Giang,Viet Nam,10.5185,105.1152,31.8,26.0,28.2,12.8,84,14.4,39,98
2026-06-30,811,Điện Biên,Viet Nam,21.3833,103.0167,26.4,23.7,25.0,23.7,93,6.9,18,100
2026-06-30,701,Hà Nội,Viet Nam,21.0285,105.8542,30.6,24.9,27.2,17.2,92,12.6,63,98
2026-06-30,275,Tuyên Quang,Viet Nam,21.8159,105.2132,28.4,24.3,26.0,33.2,96,10.5,43,100
2026-06-30,547,Sóc Trăng,Viet Nam,9.6019,105.9731,30.0,25.4,26.9,20.3,90,17.0,49,97
2026-06-30,215,Hải Dương,Viet Nam,20.9391,106.3146,31.0,25.5,27.4,22.4,92,13.0,45,97
2026-06-30,123,Quảng Trị,Viet Nam,16.75,107.1833,35.9,26.6,30.2,0.1,71,19.4,33,95
2026-06-30,327,Bà Rịa – Vũng Tàu,Viet Nam,10.4114,107.1362,31.2,26.9,28.3,10.6,83,21.3,42,93
2026-06-30,981,Quảng Bình,Viet Nam,17.4731,106.5962,37.1,28.0,31.6,1.6,65,12.0,27,97
2026-06-30,385,Hà Giang,Viet Nam,22.8233,104.9836,27.7,24.9,25.9,83.2,96,5.7,28,99
2026-06-30,849,Bắc Giang,Viet Nam,21.2731,106.1946,31.0,25.3,27.4,24.0,91,14.0,63,99
2026-06-30,249,Phú Yên,Viet Nam,13.0883,109.3045,36.3,26.8,30.0,2.1,71,22.3,45,84
2026-06-30,193,Bắc Kạn,Viet Nam,22.147,105.8326,29.6,24.0,26.5,26.5,93,8.0,28,99
2026-06-30,496,Bạc Liêu,Viet Nam,9.2941,105.7242,30.1,24.7,27.1,21.8,88,17.6,20,97
2026-06-30,252,Phú Thọ,Viet Nam,21.3235,105.4011,30.5,25.4,27.3,36.9,91,15.9,67,99
2026-06-30,707,Bắc Ninh,Viet Nam,21.1861,106.0763,31.2,25.5,27.3,22.8,90,13.9,63,100
2026-06-30,208,Ninh Thuận,Viet Nam,11.5647,108.9892,34.5,27.2,30.2,1.2,76,14.2,27,77
2026-06-30,237,Hải Phòng,Viet Nam,20.8449,106.6881,31.0,25.7,28.0,12.5,88,15.0,31,95
2026-06-30,833,Bến Tre,Viet Nam,10.2424,106.3752,30.8,25.1,27.1,17.9,91,15.6,68,98
2026-06-30,416,Ninh Bình,Viet Nam,20.2506,105.9744,33.3,25.3,28.1,31.4,89,11.6,64,94
2026-06-30,133,Bình Định,Viet Nam,13.782,109.2194,37.5,26.2,31.1,2.1,69,14.8,41,74
2026-06-30,920,Vĩnh Long,Viet Nam,10.2536,105.9723,30.4,25.0,27.2,24.0,89,15.9,68,98
2026-06-30,669,Hưng Yên,Viet Nam,20.6465,106.0511,31.8,25.2,27.6,29.4,91,10.7,66,97
2026-06-30,495,Nghệ An,Viet Nam,18.6667,105.6667,37.8,29.0,32.1,5.2,66,11.6,34,91
2026-06-30,684,Khánh Hòa,Viet Nam,12.2467,109.1833,33.3,27.4,29.7,0.8,73,12.8,69,85
2026-06-30,797,Gia Lai,Viet Nam,13.9833,108.0,27.7,20.9,23.6,6.0,88,18.9,21,89
2026-06-30,951,Bình Dương,Viet Nam,11.0531,106.6661,32.2,24.9,27.7,11.1,87,14.0,62,98
2026-06-30,326,Thừa Thiên Huế,Viet Nam,16.4633,107.5847,34.6,26.2,29.5,11.9,79,11.7,42,95
2026-06-30,132,Đắk Nông,Viet Nam,12.0,107.7,28.9,21.9,24.1,7.3,91,14.5,18,97
2026-06-30,347,Bình Phước,Viet Nam,11.7516,106.8778,30.4,23.9,26.7,11.6,89,10.8,34,99
2026-06-30,160,Nam Định,Viet Nam,20.4231,106.1681,33.7,25.1,28.3,13.2,87,13.5,64,93
2026-06-30,226,Kon Tum,Viet Nam,14.35,108.0,30.0,22.6,25.8,5.7,81,14.4,22,87
2026-06-30,146,Tiền Giang,Viet Nam,10.3606,106.3636,31.2,25.1,27.1,16.9,90,19.5,68,98
2026-06-30,784,Bình Thuận,Viet Nam,10.9333,108.1,34.0,26.6,29.2,2.3,76,23.1,43,80
2026-06-30,255,Long An,Viet Nam,10.5332,105.4053,30.7,26.5,27.7,18.6,86,14.0,67,99
2026-06-30,365,Cà Mau,Viet Nam,9.1769,105.1501,29.8,24.3,27.2,21.0,88,18.9,18,97
2026-06-30,108,Lào Cai,Viet Nam,22.4856,103.9707,27.2,25.1,26.2,21.7,96,4.4,26,100
2026-06-30,463,Hậu Giang,Viet Nam,9.7845,105.4735,31.1,24.1,27.2,12.2,87,20.8,34,95
2026-06-30,620,Cần Thơ,Viet Nam,10.0451,105.7462,30.7,25.2,27.4,10.1,87,18.6,44,95
2026-07-01,960,Lai Châu,Viet Nam,22.3959,103.4621,24.8,20.3,22.5,24.9,96,3.8,24,93
2026-07-01,587,Trà Vinh,Viet Nam,9.9342,106.3339,30.8,24.0,27.4,12.9,86,20.4,64,92
2026-07-01,521,TP. Hồ Chí Minh,Viet Nam,10.8231,106.6297,32.9,24.4,28.5,9.8,79,14.7,72,87
2026-07-01,701,Hà Nội,Viet Nam,21.0285,105.8542,30.5,25.4,27.2,11.5,91,13.1,62,97
2026-07-01,669,Hưng Yên,Viet Nam,20.6465,106.0511,31.5,25.7,27.6,7.3,90,15.5,64,88
2026-07-01,132,Đắk Nông,Viet Nam,12.0,107.7,28.0,21.8,24.2,2.9,90,14.1,22,95
2026-07-01,226,Kon Tum,Viet Nam,14.35,108.0,29.9,21.5,24.9,18.2,87,15.8,23,83
2026-07-01,196,Đắk Lắk,Viet Nam,12.6667,108.05,28.6,22.9,25.5,10.6,89,10.8,23,93
2026-07-01,590,Đà Nẵng,Viet Nam,16.0471,108.2068,33.6,26.6,29.4,3.8,79,11.1,59,56
2026-07-01,122,Lâm Đồng,Viet Nam,11.9404,108.4419,24.4,17.5,19.7,5.4,90,12.3,20,98
2026-07-01,910,Cao Bằng,Viet Nam,22.6661,106.2635,32.2,24.4,26.9,14.9,91,12.2,30,99
2026-07-01,861,Lạng Sơn,Viet Nam,21.8519,106.7614,30.6,23.7,26.0,10.5,92,10.8,27,98
2026-07-01,620,Cần Thơ,Viet Nam,10.0451,105.7462,30.5,24.2,26.9,16.0,87,20.3,39,88
2026-07-01,813,Đồng Tháp,Viet Nam,10.4552,105.6323,30.6,24.8,27.2,10.2,87,19.0,59,90
2026-07-01,463,Hậu Giang,Viet Nam,9.7845,105.4735,30.0,24.1,26.7,18.2,89,16.6,34,88
2026-07-01,108,Lào Cai,Viet Nam,22.4856,103.9707,27.9,25.0,26.3,47.2,92,5.9,30,87
2026-07-01,365,Cà Mau,Viet Nam,9.1769,105.1501,29.9,24.9,26.5,48.0,91,19.2,22,97
2026-07-01,255,Long An,Viet Nam,10.5332,105.4053,30.8,25.1,27.3,8.4,86,19.1,59,90
2026-07-01,784,Bình Thuận,Viet Nam,10.9333,108.1,34.1,25.8,29.6,0.8,73,25.4,43,89
2026-07-01,347,Bình Phước,Viet Nam,11.7516,106.8778,31.6,24.2,27.3,5.1,86,12.9,35,92
2026-07-01,160,Nam Định,Viet Nam,20.4231,106.1681,31.9,25.4,28.0,9.9,88,13.5,62,92
2026-07-01,684,Khánh Hòa,Viet Nam,12.2467,109.1833,34.1,26.9,29.4,4.6,77,15.1,64,91
2026-07-01,951,Bình Dương,Viet Nam,11.0531,106.6661,32.4,23.9,28.3,13.3,81,17.7,63,85
2026-07-01,797,Gia Lai,Viet Nam,13.9833,108.0,27.3,21.2,23.3,6.7,93,14.6,24,89
2026-07-01,495,Nghệ An,Viet Nam,18.6667,105.6667,35.4,25.8,30.0,10.1,78,9.6,48,98
2026-07-01,133,Bình Định,Viet Nam,13.782,109.2194,36.1,26.4,29.1,18.2,80,13.4,39,87
2026-07-01,416,Ninh Bình,Viet Nam,20.2506,105.9744,32.0,25.6,28.1,7.7,86,12.4,62,91
2026-07-01,833,Bến Tre,Viet Nam,10.2424,106.3752,30.8,24.5,27.5,10.4,86,20.2,66,90
2026-07-01,237,Hải Phòng,Viet Nam,20.8449,106.6881,31.3,25.8,28.4,9.4,84,13.7,33,90
2026-07-01,208,Ninh Thuận,Viet Nam,11.5647,108.9892,34.4,27.6,30.1,2.5,74,15.4,28,95
2026-07-01,707,Bắc Ninh,Viet Nam,21.1861,106.0763,31.3,24.7,27.4,16.8,90,13.5,62,93
2026-07-01,252,Phú Thọ,Viet Nam,21.3235,105.4011,31.7,25.5,27.8,13.3,88,17.1,64,97
2026-07-01,496,Bạc Liêu,Viet Nam,9.2941,105.7242,30.4,25.3,26.8,26.2,89,19.3,23,94
2026-07-01,193,Bắc Kạn,Viet Nam,22.147,105.8326,31.4,24.8,27.1,10.9,92,6.7,37,96
2026-07-01,249,Phú Yên,Viet Nam,13.0883,109.3045,35.2,26.8,29.3,17.8,77,21.4,41,87
2026-07-01,849,Bắc Giang,Viet Nam,21.2731,106.1946,31.9,25.3,27.6,10.1,89,11.5,62,95
2026-07-01,981,Quảng Bình,Viet Nam,17.4731,106.5962,36.7,26.5,29.7,16.0,80,20.6,28,75
2026-07-01,385,Hà Giang,Viet Nam,22.8233,104.9836,31.3,24.8,27.1,24.3,90,5.6,30,97
2026-07-01,327,Bà Rịa – Vũng Tàu,Viet Nam,10.4114,107.1362,31.8,25.8,28.7,16.3,79,25.1,45,92
2026-07-01,123,Quảng Trị,Viet Nam,16.75,107.1833,35.0,26.0,29.0,13.3,82,18.1,36,69
2026-07-01,215,Hải Dương,Viet Nam,20.9391,106.3146,31.2,25.2,27.8,7.3,88,14.4,46,95
2026-07-01,547,Sóc Trăng,Viet Nam,9.6019,105.9731,30.0,24.4,27.2,15.2,85,20.4,48,90
2026-07-01,168,An Giang,Viet Nam,10.5185,105.1152,31.4,25.5,27.7,6.6,83,20.6,33,89
2026-07-01,729,Phú Quốc,Viet Nam,10.279526,104.003538,28.5,24.3,25.4,33.8,95,19.1,21,96
2026-07-01,503,Sơn La,Viet Nam,21.3262,103.9149,27.7,22.6,25.3,9.6,89,16.2,27,91
2026-07-01,201,Trường Sa,Viet Nam,10.66936,115.833324,29.1,26.4,27.8,39.6,82,42.4,23,100
2026-07-01,511,Hòa Bình,Viet Nam,20.8171,105.3375,30.8,25.5,27.5,11.7,92,12.6,35,99
2026-07-01,915,Tây Ninh,Viet Nam,11.3125,106.1006,33.2,24.9,28.6,11.1,79,16.6,53,91
2026-07-01,288,Hoàng Sa,Viet Nam,16.641233,112.742024,31.0,28.1,29.9,9.5,74,24.7,28,98
2026-07-01,696,Hà Nam,Viet Nam,20.5463,105.9142,30.9,24.9,27.2,11.7,90,11.9,62,92
2026-07-01,872,Thái Bình,Viet Nam,20.4463,106.3364,32.2,25.4,28.2,8.8,86,13.0,35,92
2026-07-01,645,Hà Tĩnh,Viet Nam,18.3421,105.9038,32.9,25.6,28.9,23.8,85,11.3,40,94
2026-07-01,110,Thái Nguyên,Viet Nam,21.5939,105.8481,31.3,24.9,27.4,12.3,90,12.0,52,97
2026-07-01,734,Yên Bái,Viet Nam,21.7051,104.8751,30.3,24.2,26.6,33.1,93,6.5,39,99
2026-07-01,454,Thanh Hóa,Viet Nam,19.8075,105.7764,32.4,25.4,28.4,9.4,88,14.8,42,93
2026-07-01,767,Kiên Giang,Viet Nam,10.0122,105.0809,29.7,25.3,27.1,34.5,86,22.8,26,87
2026-07-01,456,Vĩnh Phúc,Viet Nam,21.3089,105.6047,30.7,24.9,27.1,14.2,89,13.4,64,97
2026-07-01,278,Đồng Nai,Viet Nam,10.9575,106.8427,32.3,24.2,28.4,12.1,80,15.3,72,88
2026-07-01,326,Thừa Thiên Huế,Viet Nam,16.4633,107.5847,32.7,25.9,28.4,9.5,85,13.0,42,67
2026-07-01,920,Vĩnh Long,Viet Nam,10.2536,105.9723,30.6,24.6,27.3,14.9,86,18.6,63,87
2026-07-01,275,Tuyên Quang,Viet Nam,21.8159,105.2132,30.7,24.0,26.8,20.4,90,12.8,37,99
2026-07-01,146,Tiền Giang,Viet Nam,10.3606,106.3636,31.0,24.5,27.5,15.2,86,21.3,66,87
2026-07-01,811,Điện Biên,Viet Nam,21.3833,103.0167,29.0,23.2,25.7,31.0,93,7.9,20,91
2026-07-02,495,Nghệ An,Viet Nam,18.6667,105.6667,32.7,25.6,29.1,9.0,80,14.7,43,99
2026-07-02,237,Hải Phòng,Viet Nam,20.8449,106.6881,32.6,25.1,29.1,6.2,80,10.3,31,76
2026-07-02,275,Tuyên Quang,Viet Nam,21.8159,105.2132,30.5,24.3,26.8,20.0,94,13.5,39,89
2026-07-02,327,Bà Rịa – Vũng Tàu,Viet Nam,10.4114,107.1362,30.4,26.6,27.9,13.1,82,23.2,26,99
2026-07-02,910,Cao Bằng,Viet Nam,22.6661,106.2635,32.5,24.6,28.2,5.3,83,8.3,26,74
2026-07-02,365,Cà Mau,Viet Nam,9.1769,105.1501,29.2,24.6,26.3,29.8,93,18.8,20,100
2026-07-02,920,Vĩnh Long,Viet Nam,10.2536,105.9723,29.0,25.2,26.5,21.6,91,18.2,40,99
2026-07-02,133,Bình Định,Viet Nam,13.782,109.2194,31.1,26.1,28.0,4.9,84,10.4,29,100
2026-07-02,122,Lâm Đồng,Viet Nam,11.9404,108.4419,20.0,16.5,17.9,8.1,98,17.8,15,100
2026-07-02,547,Sóc Trăng,Viet Nam,9.6019,105.9731,29.5,24.9,26.6,21.8,90,20.9,33,99
2026-07-02,416,Ninh Bình,Viet Nam,20.2506,105.9744,31.8,25.6,28.4,8.1,85,9.8,66,91
2026-07-02,669,Hưng Yên,Viet Nam,20.6465,106.0511,30.5,25.7,28.2,19.2,88,10.9,76,84
2026-07-02,193,Bắc Kạn,Viet Nam,22.147,105.8326,31.3,24.5,27.4,10.6,92,7.6,31,86
2026-07-02,132,Đắk Nông,Viet Nam,12.0,107.7,24.0,21.3,22.4,11.3,97,17.3,17,99
2026-07-02,707,Bắc Ninh,Viet Nam,21.1861,106.0763,31.1,25.4,28.0,13.1,88,11.5,72,66
2026-07-02,385,Hà Giang,Viet Nam,22.8233,104.9836,31.7,25.0,28.0,7.6,84,6.2,30,69
2026-07-02,915,Tây Ninh,Viet Nam,11.3125,106.1006,30.9,25.1,26.8,12.9,90,13.9,34,96
2026-07-02,960,Lai Châu,Viet Nam,22.3959,103.4621,28.5,21.3,24.1,10.8,88,7.0,25,88
2026-07-02,255,Long An,Viet Nam,10.5332,105.4053,29.3,25.2,26.7,21.3,90,18.8,38,99
2026-07-02,146,Tiền Giang,Viet Nam,10.3606,106.3636,28.9,25.1,26.5,15.0,92,17.1,45,99
2026-07-02,951,Bình Dương,Viet Nam,11.0531,106.6661,30.1,24.5,26.4,13.9,92,17.6,51,99
2026-07-02,511,Hòa Bình,Viet Nam,20.8171,105.3375,29.8,25.9,27.5,12.7,94,8.2,44,90
2026-07-02,590,Đà Nẵng,Viet Nam,16.0471,108.2068,33.9,27.2,30.3,3.9,73,17.5,47,98
2026-07-02,110,Thái Nguyên,Viet Nam,21.5939,105.8481,31.6,24.8,27.9,17.6,89,15.7,65,70
2026-07-02,463,Hậu Giang,Viet Nam,9.7845,105.4735,29.0,24.7,26.2,34.4,93,17.5,28,99
2026-07-02,521,TP. Hồ Chí Minh,Viet Nam,10.8231,106.6297,30.1,24.9,26.7,16.6,90,13.7,62,99
2026-07-02,872,Thái Bình,Viet Nam,20.4463,106.3364,31.7,25.3,28.7,9.4,83,11.2,43,90
2026-07-02,684,Khánh Hòa,Viet Nam,12.2467,109.1833,27.7,25.8,26.7,16.4,93,8.8,53,100
2026-07-02,215,Hải Dương,Viet Nam,20.9391,106.3146,31.4,25.7,28.5,11.7,88,8.8,62,82
2026-07-02,252,Phú Thọ,Viet Nam,21.3235,105.4011,31.6,26.9,28.7,9.8,85,13.7,70,74
2026-07-02,729,Phú Quốc,Viet Nam,10.279526,104.003538,28.6,24.2,25.4,36.9,96,17.8,22,99
2026-07-02,456,Vĩnh Phúc,Viet Nam,21.3089,105.6047,32.1,26.0,28.2,16.1,84,11.3,70,75
2026-07-02,201,Trường Sa,Viet Nam,10.66936,115.833324,29.2,27.0,28.1,27.7,81,36.7,26,99
2026-07-02,784,Bình Thuận,Viet Nam,10.9333,108.1,31.0,24.5,26.9,9.7,87,22.0,28,100
2026-07-02,587,Trà Vinh,Viet Nam,9.9342,106.3339,29.5,24.3,26.7,20.7,90,19.4,42,99
2026-07-02,226,Kon Tum,Viet Nam,14.35,108.0,28.4,21.9,24.4,13.3,87,12.8,20,99
2026-07-02,645,Hà Tĩnh,Viet Nam,18.3421,105.9038,32.2,25.7,28.7,5.9,83,13.9,35,98
2026-07-02,797,Gia Lai,Viet Nam,13.9833,108.0,25.7,21.1,22.7,8.5,92,19.6,21,100
2026-07-02,288,Hoàng Sa,Viet Nam,16.641233,112.742024,29.2,26.9,28.2,47.3,81,39.8,29,97
2026-07-02,108,Lào Cai,Viet Nam,22.4856,103.9707,29.9,25.2,27.7,2.0,85,5.6,32,74
2026-07-02,620,Cần Thơ,Viet Nam,10.0451,105.7462,28.7,24.9,26.4,25.4,92,17.6,33,99
2026-07-02,811,Điện Biên,Viet Nam,21.3833,103.0167,30.6,23.8,26.5,15.4,90,6.9,21,84
2026-07-02,849,Bắc Giang,Viet Nam,21.2731,106.1946,31.1,25.6,28.0,11.3,88,10.7,72,65
2026-07-02,196,Đắk Lắk,Viet Nam,12.6667,108.05,26.8,22.9,24.4,20.8,92,10.7,19,100
2026-07-02,347,Bình Phước,Viet Nam,11.7516,106.8778,28.7,24.0,25.4,26.4,95,11.9,32,98
2026-07-02,249,Phú Yên,Viet Nam,13.0883,109.3045,31.2,25.4,27.4,14.4,83,20.2,32,100
2026-07-02,734,Yên Bái,Viet Nam,21.7051,104.8751,31.6,24.9,26.9,10.8,90,7.4,46,86
2026-07-02,326,Thừa Thiên Huế,Viet Nam,16.4633,107.5847,33.6,26.1,29.2,5.5,79,14.0,55,91
2026-07-02,160,Nam Định,Viet Nam,20.4231,106.1681,31.5,25.2,28.5,12.6,85,9.8,66,91
2026-07-02,123,Quảng Trị,Viet Nam,16.75,107.1833,33.2,24.7,28.9,4.9,80,20.7,36,93
2026-07-02,833,Bến Tre,Viet Nam,10.2424,106.3752,29.4,24.7,26.4,22.4,94,15.0,45,99
2026-07-02,208,Ninh Thuận,Viet Nam,11.5647,108.9892,29.7,27.2,28.2,7.8,80,12.4,19,100
2026-07-02,767,Kiên Giang,Viet Nam,10.0122,105.0809,28.0,25.8,26.6,31.7,90,24.1,22,99
2026-07-02,168,An Giang,Viet Nam,10.5185,105.1152,29.6,25.2,26.7,19.1,91,16.9,26,99
2026-07-02,981,Quảng Bình,Viet Nam,17.4731,106.5962,33.3,26.0,30.2,6.7,72,14.8,30,96
2026-07-02,496,Bạc Liêu,Viet Nam,9.2941,105.7242,29.8,25.1,26.7,23.0,90,18.3,21,100
2026-07-02,813,Đồng Tháp,Viet Nam,10.4552,105.6323,28.9,25.1,26.6,18.3,91,19.8,38,98
2026-07-02,701,Hà Nội,Viet Nam,21.0285,105.8542,30.4,26.0,28.2,7.9,87,10.8,72,70
2026-07-02,503,Sơn La,Viet Nam,21.3262,103.9149,29.6,23.2,25.7,8.9,85,17.5,26,75
2026-07-02,696,Hà Nam,Viet Nam,20.5463,105.9142,29.9,24.3,27.3,18.5,91,12.4,66,87
2026-07-02,861,Lạng Sơn,Viet Nam,21.8519,106.7614,31.8,24.1,27.3,3.6,85,11.8,26,53
2026-07-02,454,Thanh Hóa,Viet Nam,19.8075,105.7764,31.8,25.4,28.3,8.5,85,12.8,43,86
2026-07-02,278,Đồng Nai,Viet Nam,10.9575,106.8427,29.9,25.1,26.8,18.0,89,16.8,62,99
2026-07-03,872,Thái Bình,Viet Nam,20.4463,106.3364,30.4,26.5,27.8,17.1,88,17.6,58,97
2026-07-03,701,Hà Nội,Viet Nam,21.0285,105.8542,30.9,26.6,27.9,19.4,87,13.8,83,88
2026-07-03,951,Bình Dương,Viet Nam,11.0531,106.6661,29.3,24.5,26.6,4.2,89,15.9,56,100
2026-07-03,249,Phú Yên,Viet Nam,13.0883,109.3045,30.5,25.8,27.8,1.2,80,14.1,27,100
2026-07-03,132,Đắk Nông,Viet Nam,12.0,107.7,24.1,21.6,22.5,10.2,96,18.5,20,100
2026-07-03,146,Tiền Giang,Viet Nam,10.3606,106.3636,28.5,24.6,26.4,5.8,92,14.7,56,100
2026-07-03,521,TP. Hồ Chí Minh,Viet Nam,10.8231,106.6297,29.6,24.7,26.8,3.3,88,13.6,63,100
2026-07-03,620,Cần Thơ,Viet Nam,10.0451,105.7462,28.2,24.5,26.2,8.1,92,16.0,38,100
2026-07-03,797,Gia Lai,Viet Nam,13.9833,108.0,22.5,20.8,21.4,26.6,99,22.5,19,100
2026-07-03,495,Nghệ An,Viet Nam,18.6667,105.6667,30.2,25.6,27.6,39.1,91,14.3,50,98
2026-07-03,833,Bến Tre,Viet Nam,10.2424,106.3752,28.3,24.6,26.2,5.8,93,13.4,56,100
2026-07-03,811,Điện Biên,Viet Nam,21.3833,103.0167,32.6,23.9,28.1,5.4,81,4.5,25,67
2026-07-03,201,Trường Sa,Viet Nam,10.66936,115.833324,29.4,28.6,28.9,0.1,77,24.2,24,95
2026-07-03,288,Hoàng Sa,Viet Nam,16.641233,112.742024,30.0,27.8,28.8,59.5,81,52.7,27,93
2026-07-03,960,Lai Châu,Viet Nam,22.3959,103.4621,29.8,20.3,24.8,3.5,83,5.1,28,70
2026-07-03,416,Ninh Bình,Viet Nam,20.2506,105.9744,30.6,26.1,27.8,21.0,87,18.4,76,95
2026-07-03,813,Đồng Tháp,Viet Nam,10.4552,105.6323,28.8,24.8,26.5,8.3,90,18.5,43,100
2026-07-03,133,Bình Định,Viet Nam,13.782,109.2194,30.7,26.5,28.0,1.1,79,10.7,24,100
2026-07-03,252,Phú Thọ,Viet Nam,21.3235,105.4011,33.4,26.5,29.2,6.0,82,16.4,74,71
2026-07-03,463,Hậu Giang,Viet Nam,9.7845,105.4735,28.1,24.5,26.1,13.2,94,13.6,32,100
2026-07-03,237,Hải Phòng,Viet Nam,20.8449,106.6881,31.4,26.2,28.7,11.5,81,15.6,26,97
2026-07-03,915,Tây Ninh,Viet Nam,11.3125,106.1006,30.1,24.7,27.1,1.7,85,17.2,32,100
2026-07-03,669,Hưng Yên,Viet Nam,20.6465,106.0511,30.4,26.5,28.0,19.4,88,20.0,91,96
2026-07-03,123,Quảng Trị,Viet Nam,16.75,107.1833,31.9,25.2,26.9,27.1,90,15.7,26,100
2026-07-03,684,Khánh Hòa,Viet Nam,12.2467,109.1833,29.9,26.6,28.0,3.4,82,11.9,33,100
2026-07-03,587,Trà Vinh,Viet Nam,9.9342,106.3339,28.6,24.7,26.4,4.6,92,15.7,50,100
2026-07-03,920,Vĩnh Long,Viet Nam,10.2536,105.9723,28.6,24.5,26.4,6.1,90,16.6,51,100
2026-07-03,108,Lào Cai,Viet Nam,22.4856,103.9707,33.3,25.3,29.8,3.9,75,7.7,31,63
2026-07-03,168,An Giang,Viet Nam,10.5185,105.1152,29.3,25.2,26.9,12.5,88,16.8,26,100
2026-07-03,456,Vĩnh Phúc,Viet Nam,21.3089,105.6047,32.0,26.0,28.7,6.5,85,14.6,74,78
2026-07-03,454,Thanh Hóa,Viet Nam,19.8075,105.7764,30.2,26.0,27.7,18.2,89,18.0,62,98
2026-07-03,496,Bạc Liêu,Viet Nam,9.2941,105.7242,28.0,24.9,26.5,10.5,92,17.0,20,100
2026-07-03,122,Lâm Đồng,Viet Nam,11.9404,108.4419,19.6,16.2,17.5,7.9,97,22.9,21,100
2026-07-03,365,Cà Mau,Viet Nam,9.1769,105.1501,29.1,24.4,26.3,22.1,92,17.4,19,100
2026-07-03,327,Bà Rịa – Vũng Tàu,Viet Nam,10.4114,107.1362,29.3,26.3,27.8,4.8,82,20.7,25,100
2026-07-03,547,Sóc Trăng,Viet Nam,9.6019,105.9731,28.7,24.8,26.4,10.7,92,18.9,39,99
2026-07-03,193,Bắc Kạn,Viet Nam,22.147,105.8326,33.3,25.7,28.7,5.4,79,13.2,27,71
2026-07-03,196,Đắk Lắk,Viet Nam,12.6667,108.05,27.8,23.4,24.7,3.8,88,14.9,23,100
2026-07-03,511,Hòa Bình,Viet Nam,20.8171,105.3375,32.6,25.7,28.6,4.7,87,13.2,47,86
2026-07-03,226,Kon Tum,Viet Nam,14.35,108.0,24.6,22.4,23.3,26.8,92,14.5,20,100
2026-07-03,110,Thái Nguyên,Viet Nam,21.5939,105.8481,33.4,26.1,28.8,8.0,83,12.0,56,71
2026-07-03,255,Long An,Viet Nam,10.5332,105.4053,28.7,25.1,26.8,10.4,89,20.1,43,100
2026-07-03,385,Hà Giang,Viet Nam,22.8233,104.9836,34.5,25.8,29.8,4.7,76,7.0,25,44
2026-07-03,707,Bắc Ninh,Viet Nam,21.1861,106.0763,31.0,26.4,28.1,38.5,86,15.3,83,88
2026-07-03,729,Phú Quốc,Viet Nam,10.279526,104.003538,26.6,23.4,25.1,33.0,96,18.7,22,100
2026-07-03,278,Đồng Nai,Viet Nam,10.9575,106.8427,29.3,24.9,26.8,3.6,89,14.4,63,100
2026-07-03,590,Đà Nẵng,Viet Nam,16.0471,108.2068,27.8,25.9,26.7,26.8,91,12.8,32,100
2026-07-03,275,Tuyên Quang,Viet Nam,21.8159,105.2132,33.9,25.1,28.8,4.8,81,12.3,33,64
2026-07-03,784,Bình Thuận,Viet Nam,10.9333,108.1,30.2,25.8,27.6,2.6,81,21.4,24,100
2026-07-03,645,Hà Tĩnh,Viet Nam,18.3421,105.9038,29.4,25.6,26.7,46.5,93,17.7,37,99
2026-07-03,215,Hải Dương,Viet Nam,20.9391,106.3146,30.1,26.6,27.8,24.2,88,15.8,73,97
2026-07-03,767,Kiên Giang,Viet Nam,10.0122,105.0809,28.0,25.0,26.5,23.0,90,19.7,24,100
2026-07-03,849,Bắc Giang,Viet Nam,21.2731,106.1946,31.6,26.8,28.5,15.8,83,16.0,83,89
2026-07-03,208,Ninh Thuận,Viet Nam,11.5647,108.9892,31.7,26.5,28.7,0.8,74,21.9,22,100
2026-07-03,347,Bình Phước,Viet Nam,11.7516,106.8778,29.0,24.1,26.2,4.4,89,16.6,33,100
2026-07-03,160,Nam Định,Viet Nam,20.4231,106.1681,29.8,26.2,27.7,21.4,89,16.9,76,96
2026-07-03,981,Quảng Bình,Viet Nam,17.4731,106.5962,29.0,25.8,26.9,52.0,93,16.8,29,100
2026-07-03,734,Yên Bái,Viet Nam,21.7051,104.8751,34.4,25.3,29.0,11.3,80,8.6,54,60
2026-07-03,861,Lạng Sơn,Viet Nam,21.8519,106.7614,31.0,23.6,25.9,21.1,89,20.2,24,85
2026-07-03,696,Hà Nam,Viet Nam,20.5463,105.9142,30.7,25.1,27.4,13.0,89,16.1,76,96
2026-07-03,326,Thừa Thiên Huế,Viet Nam,16.4633,107.5847,31.4,25.0,27.0,16.3,93,12.7,34,100
2026-07-03,910,Cao Bằng,Viet Nam,22.6661,106.2635,32.3,24.8,27.9,5.6,82,15.8,27,57
2026-07-03,503,Sơn La,Viet Nam,21.3262,103.9149,30.3,23.2,26.7,1.4,79,16.4,32,58
2026-07-04,503,Sơn La,Viet Nam,21.3262,103.9149,30.5,23.1,25.9,17.8,87,10.5,25,84
2026-07-04,193,Bắc Kạn,Viet Nam,22.147,105.8326,31.5,25.2,27.8,8.0,85,16.7,26,92
2026-07-04,275,Tuyên Quang,Viet Nam,21.8159,105.2132,33.6,25.0,28.0,20.9,89,16.4,28,94
2026-07-04,701,Hà Nội,Viet Nam,21.0285,105.8542,31.1,25.5,28.1,45.6,86,20.1,39,100
2026-07-04,249,Phú Yên,Viet Nam,13.0883,109.3045,34.1,26.7,29.6,0.0,63,20.8,37,100
2026-07-04,215,Hải Dương,Viet Nam,20.9391,106.3146,29.7,25.5,27.6,28.8,88,23.7,35,100
2026-07-04,327,Bà Rịa – Vũng Tàu,Viet Nam,10.4114,107.1362,28.7,25.7,27.1,6.3,84,17.1,27,100
2026-07-04,684,Khánh Hòa,Viet Nam,12.2467,109.1833,31.6,26.1,28.7,0.3,80,11.8,39,99
2026-07-04,849,Bắc Giang,Viet Nam,21.2731,106.1946,30.2,25.9,27.9,13.5,86,20.6,39,100
2026-07-04,981,Quảng Bình,Viet Nam,17.4731,106.5962,28.9,25.6,27.2,10.9,83,22.4,22,100
2026-07-04,620,Cần Thơ,Viet Nam,10.0451,105.7462,27.7,24.2,25.7,14.1,92,15.1,51,96
2026-07-04,813,Đồng Tháp,Viet Nam,10.4552,105.6323,27.0,24.8,25.6,20.5,94,14.7,61,100
2026-07-04,920,Vĩnh Long,Viet Nam,10.2536,105.9723,28.1,24.2,25.7,19.4,92,14.3,63,95
2026-07-04,108,Lào Cai,Viet Nam,22.4856,103.9707,34.5,27.2,30.1,6.7,79,7.5,29,78
2026-07-04,122,Lâm Đồng,Viet Nam,11.9404,108.4419,22.3,16.4,18.3,0.5,88,16.7,21,100
2026-07-04,454,Thanh Hóa,Viet Nam,19.8075,105.7764,30.8,27.1,28.2,7.8,87,19.5,48,100
2026-07-04,456,Vĩnh Phúc,Viet Nam,21.3089,105.6047,32.6,25.7,28.8,30.5,84,17.1,52,99
2026-07-04,365,Cà Mau,Viet Nam,9.1769,105.1501,28.2,24.9,26.0,20.2,91,14.3,23,95
2026-07-04,226,Kon Tum,Viet Nam,14.35,108.0,25.1,21.9,23.4,20.6,90,19.8,19,100
2026-07-04,696,Hà Nam,Viet Nam,20.5463,105.9142,31.0,25.5,27.6,27.5,88,23.9,55,99
2026-07-04,811,Điện Biên,Viet Nam,21.3833,103.0167,31.5,23.3,26.9,17.9,86,10.1,26,81
2026-07-04,110,Thái Nguyên,Viet Nam,21.5939,105.8481,32.0,26.1,28.4,8.9,84,17.5,25,99
2026-07-04,255,Long An,Viet Nam,10.5332,105.4053,28.2,24.7,25.7,19.8,93,17.6,61,97
2026-07-04,146,Tiền Giang,Viet Nam,10.3606,106.3636,29.2,24.7,25.8,16.2,94,15.5,63,100
2026-07-04,784,Bình Thuận,Viet Nam,10.9333,108.1,31.0,25.7,27.8,0.2,78,18.0,26,100
2026-07-04,645,Hà Tĩnh,Viet Nam,18.3421,105.9038,30.7,25.8,28.5,13.3,76,25.4,29,100
2026-07-04,590,Đà Nẵng,Viet Nam,16.0471,108.2068,31.5,26.2,28.6,1.2,79,15.1,35,100
2026-07-04,347,Bình Phước,Viet Nam,11.7516,106.8778,28.2,24.0,25.3,15.5,92,14.7,36,100
2026-07-04,767,Kiên Giang,Viet Nam,10.0122,105.0809,26.9,24.8,25.8,27.7,92,18.6,33,100
2026-07-04,160,Nam Định,Viet Nam,20.4231,106.1681,31.0,25.8,27.8,42.2,87,25.6,55,99
2026-07-04,734,Yên Bái,Viet Nam,21.7051,104.8751,34.6,25.5,29.1,11.5,84,11.4,32,90
2026-07-04,872,Thái Bình,Viet Nam,20.4463,106.3364,30.5,26.0,27.8,52.7,87,26.0,39,100
2026-07-04,951,Bình Dương,Viet Nam,11.0531,106.6661,28.5,24.6,25.8,18.5,92,13.4,62,100
2026-07-04,326,Thừa Thiên Huế,Viet Nam,16.4633,107.5847,29.1,24.9,26.9,18.3,91,10.0,46,100
2026-07-04,278,Đồng Nai,Viet Nam,10.9575,106.8427,28.8,24.9,26.2,15.6,90,11.4,66,100
2026-07-04,132,Đắk Nông,Viet Nam,12.0,107.7,24.8,21.1,22.6,5.2,92,16.8,22,100
2026-07-04,495,Nghệ An,Viet Nam,18.6667,105.6667,31.2,26.1,28.2,11.3,89,8.3,52,100
2026-07-04,521,TP. Hồ Chí Minh,Viet Nam,10.8231,106.6297,29.6,24.9,26.2,17.7,91,15.8,66,100
2026-07-04,288,Hoàng Sa,Viet Nam,16.641233,112.742024,30.4,28.5,29.8,7.2,78,44.8,29,96
2026-07-04,463,Hậu Giang,Viet Nam,9.7845,105.4735,27.3,24.3,25.6,14.2,92,14.1,39,96
2026-07-04,133,Bình Định,Viet Nam,13.782,109.2194,32.0,26.0,29.0,0.0,69,17.5,32,100
2026-07-04,915,Tây Ninh,Viet Nam,11.3125,106.1006,30.0,24.3,25.9,23.8,93,15.4,37,99
2026-07-04,960,Lai Châu,Viet Nam,22.3959,103.4621,29.0,22.0,25.4,10.4,82,5.4,25,84
2026-07-04,237,Hải Phòng,Viet Nam,20.8449,106.6881,30.1,25.6,27.4,27.3,90,24.1,24,100
2026-07-04,416,Ninh Bình,Viet Nam,20.2506,105.9744,31.9,27.0,28.3,17.4,86,24.6,55,99
2026-07-04,201,Trường Sa,Viet Nam,10.66936,115.833324,30.5,29.3,29.9,0.2,68,12.2,22,35
2026-07-04,833,Bến Tre,Viet Nam,10.2424,106.3752,29.1,24.9,25.7,20.0,94,11.9,63,100
2026-07-04,196,Đắk Lắk,Viet Nam,12.6667,108.05,27.5,22.6,24.7,6.7,86,13.7,21,100
2026-07-04,669,Hưng Yên,Viet Nam,20.6465,106.0511,30.8,25.7,27.9,50.4,87,25.4,54,100
2026-07-04,797,Gia Lai,Viet Nam,13.9833,108.0,23.2,19.9,21.1,24.1,97,25.6,19,100
2026-07-04,208,Ninh Thuận,Viet Nam,11.5647,108.9892,33.2,26.4,29.4,0.0,70,22.0,24,100
2026-07-04,861,Lạng Sơn,Viet Nam,21.8519,106.7614,27.8,23.1,24.9,15.3,93,25.2,24,99
2026-07-04,587,Trà Vinh,Viet Nam,9.9342,106.3339,28.7,24.5,25.8,15.3,93,14.0,61,99
2026-07-04,729,Phú Quốc,Viet Nam,10.279526,104.003538,29.0,24.3,25.6,14.2,92,15.3,22,99
2026-07-04,910,Cao Bằng,Viet Nam,22.6661,106.2635,31.5,24.5,27.1,5.7,86,16.6,26,90
2026-07-04,707,Bắc Ninh,Viet Nam,21.1861,106.0763,30.1,25.7,27.8,23.5,86,23.2,39,100
2026-07-04,547,Sóc Trăng,Viet Nam,9.6019,105.9731,29.5,24.7,26.1,13.8,92,14.3,49,98
2026-07-04,168,An Giang,Viet Nam,10.5185,105.1152,28.8,24.6,25.7,16.5,93,18.5,39,98
2026-07-04,252,Phú Thọ,Viet Nam,21.3235,105.4011,32.4,26.7,29.4,16.6,83,22.5,52,98
2026-07-04,385,Hà Giang,Viet Nam,22.8233,104.9836,35.2,26.5,29.6,23.2,80,6.4,23,86
2026-07-04,496,Bạc Liêu,Viet Nam,9.2941,105.7242,29.7,24.6,26.1,20.2,90,16.5,24,97
2026-07-04,511,Hòa Bình,Viet Nam,20.8171,105.3375,33.3,26.9,29.2,8.9,86,16.6,34,95
2026-07-04,123,Quảng Trị,Viet Nam,16.75,107.1833,29.7,25.8,27.6,4.0,80,17.8,18,100
2026-07-05,620,Cần Thơ,Viet Nam,10.0451,105.7462,29.6,25.3,26.8,10.1,89,11.7,67,94
2026-07-05,849,Bắc Giang,Viet Nam,21.2731,106.1946,31.4,26.5,27.9,21.9,90,16.5,58,99
2026-07-05,326,Thừa Thiên Huế,Viet Nam,16.4633,107.5847,32.5,26.1,29.2,1.5,73,10.7,40,100
2026-07-05,385,Hà Giang,Viet Nam,22.8233,104.9836,31.4,24.8,27.7,12.0,90,4.8,25,95
2026-07-05,951,Bình Dương,Viet Nam,11.0531,106.6661,29.8,25.1,27.0,2.3,88,12.5,68,97
2026-07-05,960,Lai Châu,Viet Nam,22.3959,103.4621,25.2,21.0,22.9,54.0,95,4.8,19,97
2026-07-05,669,Hưng Yên,Viet Nam,20.6465,106.0511,31.7,26.5,28.6,5.6,84,17.3,58,99
2026-07-05,797,Gia Lai,Viet Nam,13.9833,108.0,25.0,20.6,22.5,5.7,91,20.8,17,99
2026-07-05,872,Thái Bình,Viet Nam,20.4463,106.3364,32.1,26.5,29.1,5.4,81,19.3,35,100
2026-07-05,278,Đồng Nai,Viet Nam,10.9575,106.8427,30.5,25.8,27.5,1.7,86,11.5,79,97
2026-07-05,734,Yên Bái,Viet Nam,21.7051,104.8751,33.2,26.6,29.2,4.7,87,7.9,36,98
2026-07-05,590,Đà Nẵng,Viet Nam,16.0471,108.2068,32.4,26.8,29.3,0.0,73,15.3,35,99
2026-07-05,160,Nam Định,Viet Nam,20.4231,106.1681,32.1,26.5,29.1,5.0,81,17.4,41,100
2026-07-05,347,Bình Phước,Viet Nam,11.7516,106.8778,29.7,24.1,26.1,2.1,90,10.8,48,95
2026-07-05,123,Quảng Trị,Viet Nam,16.75,107.1833,32.0,25.5,28.7,5.9,71,22.1,18,100
2026-07-05,208,Ninh Thuận,Viet Nam,11.5647,108.9892,32.7,26.6,29.4,0.4,76,12.2,26,96
2026-07-05,981,Quảng Bình,Viet Nam,17.4731,106.5962,30.1,25.8,28.3,2.3,73,31.3,22,100
2026-07-05,645,Hà Tĩnh,Viet Nam,18.3421,105.9038,31.0,27.6,29.0,0.3,67,23.2,22,100
2026-07-05,327,Bà Rịa – Vũng Tàu,Viet Nam,10.4114,107.1362,29.9,26.7,27.9,3.9,82,12.4,53,98
2026-07-05,784,Bình Thuận,Viet Nam,10.9333,108.1,32.5,26.4,28.9,0.8,74,18.0,52,93
2026-07-05,146,Tiền Giang,Viet Nam,10.3606,106.3636,30.3,25.3,27.1,0.5,87,12.4,74,96
2026-07-05,861,Lạng Sơn,Viet Nam,21.8519,106.7614,27.1,23.7,24.8,26.9,97,20.5,26,99
2026-07-05,496,Bạc Liêu,Viet Nam,9.2941,105.7242,31.2,26.1,27.5,16.4,86,13.0,33,96
2026-07-05,729,Phú Quốc,Viet Nam,10.279526,104.003538,29.1,25.4,27.1,1.3,84,12.0,29,95
2026-07-05,767,Kiên Giang,Viet Nam,10.0122,105.0809,30.2,25.3,27.2,2.4,87,17.0,59,97
2026-07-05,193,Bắc Kạn,Viet Nam,22.147,105.8326,32.4,25.9,28.1,10.1,90,10.2,28,98
2026-07-05,707,Bắc Ninh,Viet Nam,21.1861,106.0763,32.2,26.3,27.8,19.7,91,16.5,58,99
2026-07-05,275,Tuyên Quang,Viet Nam,21.8159,105.2132,32.2,26.1,28.7,3.8,88,7.9,32,97
2026-07-05,255,Long An,Viet Nam,10.5332,105.4053,29.9,25.4,27.0,1.8,91,12.0,75,98
2026-07-05,110,Thái Nguyên,Viet Nam,21.5939,105.8481,32.9,26.5,28.5,7.2,89,13.5,46,95
2026-07-05,701,Hà Nội,Viet Nam,21.0285,105.8542,31.5,26.5,28.4,17.4,90,14.0,58,98
2026-07-05,547,Sóc Trăng,Viet Nam,9.6019,105.9731,31.1,25.7,27.1,14.4,88,11.1,69,97
2026-07-05,215,Hải Dương,Viet Nam,20.9391,106.3146,30.6,26.2,27.7,30.5,90,16.5,48,99
2026-07-05,696,Hà Nam,Viet Nam,20.5463,105.9142,31.8,25.9,28.6,3.2,85,15.7,41,99
2026-07-05,456,Vĩnh Phúc,Viet Nam,21.3089,105.6047,33.0,26.8,29.0,8.4,86,12.6,48,95
2026-07-05,365,Cà Mau,Viet Nam,9.1769,105.1501,31.3,25.8,28.2,0.0,80,16.0,36,97
2026-07-05,684,Khánh Hòa,Viet Nam,12.2467,109.1833,31.0,25.8,28.1,1.3,83,11.0,63,97
2026-07-05,454,Thanh Hóa,Viet Nam,19.8075,105.7764,33.3,27.2,29.8,2.7,72,20.9,28,100
2026-07-05,108,Lào Cai,Viet Nam,22.4856,103.9707,33.5,26.1,29.2,10.5,86,7.4,23,85
2026-07-05,196,Đắk Lắk,Viet Nam,12.6667,108.05,28.5,23.0,25.6,0.0,82,8.8,22,99
2026-07-05,168,An Giang,Viet Nam,10.5185,105.1152,30.8,25.2,27.2,5.1,89,12.3,66,93
2026-07-05,226,Kon Tum,Viet Nam,14.35,108.0,27.2,22.7,24.5,1.6,84,17.8,16,99
2026-07-05,122,Lâm Đồng,Viet Nam,11.9404,108.4419,23.3,16.4,19.5,0.4,81,12.2,17,98
2026-07-05,813,Đồng Tháp,Viet Nam,10.4552,105.6323,30.1,25.5,27.1,1.7,89,13.0,75,96
2026-07-05,237,Hải Phòng,Viet Nam,20.8449,106.6881,30.2,26.3,27.5,27.3,92,14.9,30,99
2026-07-05,915,Tây Ninh,Viet Nam,11.3125,106.1006,31.1,25.5,27.2,2.5,88,12.5,64,95
2026-07-05,133,Bình Định,Viet Nam,13.782,109.2194,32.1,26.0,28.8,0.0,69,16.2,28,99
2026-07-05,249,Phú Yên,Viet Nam,13.0883,109.3045,34.2,26.8,30.0,0.0,62,21.6,35,99
2026-07-05,416,Ninh Bình,Viet Nam,20.2506,105.9744,32.9,26.7,29.4,3.4,78,19.0,41,99
2026-07-05,288,Hoàng Sa,Viet Nam,16.641233,112.742024,30.3,29.9,30.1,0.0,78,40.8,29,81
2026-07-05,587,Trà Vinh,Viet Nam,9.9342,106.3339,30.8,25.4,26.7,9.8,89,11.8,72,97
2026-07-05,132,Đắk Nông,Viet Nam,12.0,107.7,27.5,21.7,24.0,0.7,86,10.5,24,96
2026-07-05,521,TP. Hồ Chí Minh,Viet Nam,10.8231,106.6297,31.1,25.4,27.6,0.7,84,9.3,79,98
2026-07-05,252,Phú Thọ,Viet Nam,21.3235,105.4011,34.2,27.6,30.1,3.7,83,11.8,48,93
2026-07-05,511,Hòa Bình,Viet Nam,20.8171,105.3375,34.7,27.4,30.3,2.6,80,15.9,25,98
2026-07-05,201,Trường Sa,Viet Nam,10.66936,115.833324,30.8,29.1,29.9,0.0,67,3.9,19,4
2026-07-05,811,Điện Biên,Viet Nam,21.3833,103.0167,28.0,23.7,25.3,23.2,93,11.5,20,98
2026-07-05,503,Sơn La,Viet Nam,21.3262,103.9149,27.7,23.0,24.8,38.0,96,9.2,21,99
2026-07-05,463,Hậu Giang,Viet Nam,9.7845,105.4735,29.8,25.4,26.8,12.3,89,12.7,63,96
2026-07-05,833,Bến Tre,Viet Nam,10.2424,106.3752,30.7,25.4,26.9,0.9,88,15.8,74,95
2026-07-05,920,Vĩnh Long,Viet Nam,10.2536,105.9723,29.9,25.4,27.0,1.4,87,12.5,74,94
2026-07-05,495,Nghệ An,Viet Nam,18.6667,105.6667,32.8,27.5,30.0,0.0,64,21.8,25,100
2026-07-05,910,Cao Bằng,Viet Nam,22.6661,106.2635,34.5,25.5,27.9,7.1,87,11.9,25,93
2026-07-06,326,Thừa Thiên Huế,Viet Nam,16.4633,107.5847,32.1,25.3,27.8,3.8,84,11.9,61,100
2026-07-06,910,Cao Bằng,Viet Nam,22.6661,106.2635,31.3,25.0,27.1,14.6,92,9.3,34,90
2026-07-06,463,Hậu Giang,Viet Nam,9.7845,105.4735,30.4,25.4,27.7,0.6,84,10.7,69,97
2026-07-06,861,Lạng Sơn,Viet Nam,21.8519,106.7614,30.3,23.9,26.5,5.5,87,21.5,40,84
2026-07-06,620,Cần Thơ,Viet Nam,10.0451,105.7462,30.0,25.6,27.6,0.7,85,11.6,76,99
2026-07-06,920,Vĩnh Long,Viet Nam,10.2536,105.9723,30.3,25.7,27.7,0.6,85,12.3,80,99
2026-07-06,226,Kon Tum,Viet Nam,14.35,108.0,26.8,22.2,24.1,5.1,88,14.9,19,100
2026-07-06,108,Lào Cai,Viet Nam,22.4856,103.9707,32.3,26.4,29.4,2.0,82,9.1,21,56
2026-07-06,365,Cà Mau,Viet Nam,9.1769,105.1501,30.9,26.0,28.4,0.0,78,11.7,50,94
2026-07-06,813,Đồng Tháp,Viet Nam,10.4552,105.6323,31.2,25.9,28.0,0.9,83,13.2,80,99
2026-07-06,255,Long An,Viet Nam,10.5332,105.4053,31.1,25.7,28.0,0.7,82,13.3,80,99
2026-07-06,784,Bình Thuận,Viet Nam,10.9333,108.1,33.1,26.7,28.7,0.3,76,23.3,58,99
2026-07-06,347,Bình Phước,Viet Nam,11.7516,106.8778,30.3,24.0,26.7,10.6,88,12.1,67,99
2026-07-06,160,Nam Định,Viet Nam,20.4231,106.1681,31.3,26.4,28.4,18.4,84,22.4,34,92
2026-07-06,951,Bình Dương,Viet Nam,11.0531,106.6661,30.6,25.7,27.8,0.7,85,12.6,75,100
2026-07-06,684,Khánh Hòa,Viet Nam,12.2467,109.1833,30.8,26.7,28.5,0.7,84,12.6,64,100
2026-07-06,495,Nghệ An,Viet Nam,18.6667,105.6667,31.8,25.8,28.4,8.8,83,13.3,24,89
2026-07-06,133,Bình Định,Viet Nam,13.782,109.2194,34.6,25.9,29.5,2.3,71,9.4,43,100
2026-07-06,237,Hải Phòng,Viet Nam,20.8449,106.6881,30.6,25.9,28.2,7.1,87,18.9,28,96
2026-07-06,416,Ninh Bình,Viet Nam,20.2506,105.9744,33.4,25.8,29.0,8.4,79,19.7,34,90
2026-07-06,833,Bến Tre,Viet Nam,10.2424,106.3752,30.4,25.9,27.9,0.2,84,11.7,76,99
2026-07-06,797,Gia Lai,Viet Nam,13.9833,108.0,25.4,20.6,22.3,6.6,91,19.2,23,100
2026-07-06,669,Hưng Yên,Viet Nam,20.6465,106.0511,32.6,26.0,28.2,21.5,85,20.2,51,93
2026-07-06,208,Ninh Thuận,Viet Nam,11.5647,108.9892,34.5,27.8,30.3,0.0,69,17.8,35,99
2026-07-06,511,Hòa Bình,Viet Nam,20.8171,105.3375,34.7,27.3,29.7,3.6,84,13.7,25,88
2026-07-06,707,Bắc Ninh,Viet Nam,21.1861,106.0763,31.9,26.1,28.1,8.0,87,17.8,62,94
2026-07-06,252,Phú Thọ,Viet Nam,21.3235,105.4011,32.2,27.0,29.2,4.4,84,18.1,60,93
2026-07-06,496,Bạc Liêu,Viet Nam,9.2941,105.7242,31.0,26.1,28.5,0.0,78,13.2,44,98
2026-07-06,193,Bắc Kạn,Viet Nam,22.147,105.8326,29.9,25.0,27.1,15.3,93,8.4,54,95
2026-07-06,249,Phú Yên,Viet Nam,13.0883,109.3045,35.7,27.6,30.2,0.9,67,18.1,52,100
2026-07-06,849,Bắc Giang,Viet Nam,21.2731,106.1946,31.6,26.0,28.0,13.9,87,15.7,62,94
2026-07-06,981,Quảng Bình,Viet Nam,17.4731,106.5962,30.5,24.7,26.4,31.1,89,20.5,23,100
2026-07-06,275,Tuyên Quang,Viet Nam,21.8159,105.2132,31.7,25.7,27.8,7.5,89,11.9,53,87
2026-07-06,327,Bà Rịa – Vũng Tàu,Viet Nam,10.4114,107.1362,29.8,27.2,28.6,1.1,81,16.8,56,99
2026-07-06,215,Hải Dương,Viet Nam,20.9391,106.3146,31.0,26.0,28.1,1.5,87,17.4,41,94
2026-07-06,767,Kiên Giang,Viet Nam,10.0122,105.0809,30.8,26.2,28.1,4.5,83,15.1,68,94
2026-07-06,123,Quảng Trị,Viet Nam,16.75,107.1833,30.8,24.8,26.7,14.8,85,19.6,17,99
2026-07-06,385,Hà Giang,Viet Nam,22.8233,104.9836,31.7,25.5,28.1,9.7,86,5.9,31,82
2026-07-06,168,An Giang,Viet Nam,10.5185,105.1152,31.6,25.4,28.0,2.8,83,12.5,70,96
2026-07-06,547,Sóc Trăng,Viet Nam,9.6019,105.9731,31.4,25.7,28.3,0.1,79,13.1,75,97
2026-07-06,729,Phú Quốc,Viet Nam,10.279526,104.003538,30.7,24.8,27.3,8.6,87,12.8,30,93
2026-07-06,503,Sơn La,Viet Nam,21.3262,103.9149,28.4,22.9,25.0,10.3,92,9.7,20,79
2026-07-06,201,Trường Sa,Viet Nam,10.66936,115.833324,31.1,29.7,30.4,0.0,63,11.6,16,15
2026-07-06,811,Điện Biên,Viet Nam,21.3833,103.0167,27.4,23.6,25.3,12.0,91,10.2,20,80
2026-07-06,587,Trà Vinh,Viet Nam,9.9342,106.3339,31.2,25.6,28.1,0.1,81,14.7,76,97
2026-07-06,915,Tây Ninh,Viet Nam,11.3125,106.1006,31.4,25.9,28.5,1.0,78,13.5,67,96
2026-07-06,521,TP. Hồ Chí Minh,Viet Nam,10.8231,106.6297,30.9,25.9,28.0,1.5,83,10.3,78,99
2026-07-06,288,Hoàng Sa,Viet Nam,16.641233,112.742024,30.3,29.3,29.9,1.5,80,35.0,32,50
2026-07-06,645,Hà Tĩnh,Viet Nam,18.3421,105.9038,29.8,25.6,27.3,30.3,83,27.0,20,97
2026-07-06,872,Thái Bình,Viet Nam,20.4463,106.3364,30.9,26.5,28.5,15.3,83,24.3,28,92
2026-07-06,132,Đắk Nông,Viet Nam,12.0,107.7,28.3,21.7,24.1,2.5,87,17.5,40,99
2026-07-06,734,Yên Bái,Viet Nam,21.7051,104.8751,32.5,26.2,28.8,2.1,85,8.3,51,86
2026-07-06,110,Thái Nguyên,Viet Nam,21.5939,105.8481,31.4,25.7,28.1,8.1,87,14.5,63,95
2026-07-06,146,Tiền Giang,Viet Nam,10.3606,106.3636,30.1,25.9,27.8,0.2,85,12.6,76,99
2026-07-06,701,Hà Nội,Viet Nam,21.0285,105.8542,32.4,26.4,28.3,4.2,86,16.1,62,92
2026-07-06,696,Hà Nam,Viet Nam,20.5463,105.9142,32.4,25.3,28.3,15.4,84,19.5,34,93
2026-07-06,456,Vĩnh Phúc,Viet Nam,21.3089,105.6047,31.5,25.6,28.3,3.1,86,14.0,60,95
2026-07-06,454,Thanh Hóa,Viet Nam,19.8075,105.7764,32.8,25.8,29.1,3.5,77,19.2,26,87
2026-07-06,196,Đắk Lắk,Viet Nam,12.6667,108.05,29.7,23.1,25.4,11.2,88,12.8,34,100
2026-07-06,960,Lai Châu,Viet Nam,22.3959,103.4621,28.1,21.7,24.1,7.6,87,6.5,18,87
2026-07-06,590,Đà Nẵng,Viet Nam,16.0471,108.2068,34.2,26.6,29.2,1.4,69,17.4,37,99
2026-07-06,278,Đồng Nai,Viet Nam,10.9575,106.8427,29.9,26.2,27.7,1.2,86,10.3,78,100
2026-07-06,122,Lâm Đồng,Viet Nam,11.9404,108.4419,23.1,16.2,19.1,7.7,89,14.5,28,99
2026-07-07,208,Ninh Thuận,Viet Nam,11.5647,108.9892,35.0,27.0,30.6,0.1,64,24.0,35,89
2026-07-07,160,Nam Định,Viet Nam,20.4231,106.1681,33.3,26.2,29.8,3.7,82,14.4,58,88
2026-07-07,734,Yên Bái,Viet Nam,21.7051,104.8751,33.1,26.5,29.4,4.6,84,7.0,68,73
2026-07-07,872,Thái Bình,Viet Nam,20.4463,106.3364,33.2,26.0,29.8,4.1,82,16.1,53,90
2026-07-07,833,Bến Tre,Viet Nam,10.2424,106.3752,32.1,24.5,27.8,4.3,84,15.8,76,90
2026-07-07,951,Bình Dương,Viet Nam,11.0531,106.6661,30.2,23.8,26.3,13.7,92,14.8,74,96
2026-07-07,503,Sơn La,Viet Nam,21.3262,103.9149,29.5,23.1,25.5,11.6,91,11.7,21,83
2026-07-07,587,Trà Vinh,Viet Nam,9.9342,106.3339,32.0,25.2,28.0,2.3,84,16.3,70,89
2026-07-07,645,Hà Tĩnh,Viet Nam,18.3421,105.9038,33.9,26.8,29.9,0.3,71,23.7,24,55
2026-07-07,495,Nghệ An,Viet Nam,18.6667,105.6667,34.4,27.6,31.0,1.9,67,19.2,31,65
2026-07-07,684,Khánh Hòa,Viet Nam,12.2467,109.1833,31.4,26.3,28.7,2.6,82,10.4,65,92
2026-07-07,811,Điện Biên,Viet Nam,21.3833,103.0167,30.3,24.0,26.1,21.7,90,12.1,18,89
2026-07-07,133,Bình Định,Viet Nam,13.782,109.2194,32.0,26.4,28.4,3.3,69,18.2,35,94
2026-07-07,910,Cao Bằng,Viet Nam,22.6661,106.2635,33.8,24.9,28.3,3.8,85,10.5,41,58
2026-07-07,385,Hà Giang,Viet Nam,22.8233,104.9836,32.9,25.9,28.7,0.7,83,4.2,38,62
2026-07-07,201,Trường Sa,Viet Nam,10.66936,115.833324,30.9,29.8,30.2,0.4,68,24.4,20,13
2026-07-07,288,Hoàng Sa,Viet Nam,16.641233,112.742024,30.5,29.2,29.9,6.1,77,36.8,41,46
2026-07-07,915,Tây Ninh,Viet Nam,11.3125,106.1006,30.2,25.0,27.0,8.8,90,22.0,65,99
2026-07-07,326,Thừa Thiên Huế,Viet Nam,16.4633,107.5847,31.4,24.4,26.7,10.1,85,14.4,35,85
2026-07-07,237,Hải Phòng,Viet Nam,20.8449,106.6881,33.1,25.1,28.6,6.9,87,15.6,39,85
2026-07-07,278,Đồng Nai,Viet Nam,10.9575,106.8427,30.9,24.4,26.9,21.5,89,13.1,77,90
2026-07-07,521,TP. Hồ Chí Minh,Viet Nam,10.8231,106.6297,31.5,24.0,27.3,10.8,86,12.1,77,88
2026-07-07,861,Lạng Sơn,Viet Nam,21.8519,106.7614,31.2,24.0,27.0,3.4,85,9.6,38,86
2026-07-07,416,Ninh Bình,Viet Nam,20.2506,105.9744,33.9,27.0,29.9,5.9,82,14.3,58,83
2026-07-07,849,Bắc Giang,Viet Nam,21.2731,106.1946,33.1,25.8,29.2,5.0,85,10.2,71,77
2026-07-07,168,An Giang,Viet Nam,10.5185,105.1152,31.8,25.1,27.7,7.6,84,19.3,64,96
2026-07-07,193,Bắc Kạn,Viet Nam,22.147,105.8326,32.6,25.2,28.2,8.3,88,9.9,61,60
2026-07-07,981,Quảng Bình,Viet Nam,17.4731,106.5962,28.2,25.0,26.5,45.8,83,32.8,23,92
2026-07-07,252,Phú Thọ,Viet Nam,21.3235,105.4011,32.8,26.8,29.9,3.0,82,18.0,73,82
2026-07-07,275,Tuyên Quang,Viet Nam,21.8159,105.2132,32.3,25.3,28.9,3.3,85,11.6,63,55
2026-07-07,496,Bạc Liêu,Viet Nam,9.2941,105.7242,31.2,25.5,28.4,4.7,81,17.4,34,89
2026-07-07,767,Kiên Giang,Viet Nam,10.0122,105.0809,31.1,25.3,28.1,0.9,82,22.9,61,94
2026-07-07,196,Đắk Lắk,Viet Nam,12.6667,108.05,25.5,22.2,23.6,9.8,93,10.8,32,95
2026-07-07,226,Kon Tum,Viet Nam,14.35,108.0,24.4,21.9,22.8,9.8,92,11.3,19,100
2026-07-07,108,Lào Cai,Viet Nam,22.4856,103.9707,33.1,27.0,29.6,15.8,84,8.3,25,70
2026-07-07,249,Phú Yên,Viet Nam,13.0883,109.3045,33.6,27.4,29.3,1.0,62,24.1,44,99
2026-07-07,590,Đà Nẵng,Viet Nam,16.0471,108.2068,32.2,25.9,28.5,0.2,71,19.7,29,90
2026-07-07,797,Gia Lai,Viet Nam,13.9833,108.0,22.4,20.3,20.9,11.6,97,22.8,19,100
2026-07-07,669,Hưng Yên,Viet Nam,20.6465,106.0511,32.9,25.8,29.6,8.7,84,10.9,70,80
2026-07-07,620,Cần Thơ,Viet Nam,10.0451,105.7462,31.6,25.2,28.0,6.5,83,17.7,71,96
2026-07-07,547,Sóc Trăng,Viet Nam,9.6019,105.9731,31.6,25.4,28.1,3.5,83,16.5,65,90
2026-07-07,123,Quảng Trị,Viet Nam,16.75,107.1833,29.6,24.7,26.7,35.5,78,22.7,22,89
2026-07-07,454,Thanh Hóa,Viet Nam,19.8075,105.7764,34.9,26.8,29.9,4.5,84,12.1,38,85
2026-07-07,146,Tiền Giang,Viet Nam,10.3606,106.3636,31.4,24.1,27.5,9.2,86,15.8,76,92
2026-07-07,327,Bà Rịa – Vũng Tàu,Viet Nam,10.4114,107.1362,30.4,25.2,27.8,7.2,82,19.8,48,90
2026-07-07,365,Cà Mau,Viet Nam,9.1769,105.1501,32.6,26.1,28.8,1.6,78,18.1,35,78
2026-07-07,707,Bắc Ninh,Viet Nam,21.1861,106.0763,33.0,25.9,29.2,8.1,83,10.0,71,76
2026-07-07,215,Hải Dương,Viet Nam,20.9391,106.3146,33.3,25.4,29.2,5.2,83,9.7,61,84
2026-07-07,960,Lai Châu,Viet Nam,22.3959,103.4621,28.1,21.3,23.8,13.9,93,4.9,19,93
2026-07-07,813,Đồng Tháp,Viet Nam,10.4552,105.6323,31.5,24.8,27.5,10.5,84,18.8,76,96
2026-07-07,456,Vĩnh Phúc,Viet Nam,21.3089,105.6047,32.7,25.9,29.1,5.3,84,14.9,73,85
2026-07-07,701,Hà Nội,Viet Nam,21.0285,105.8542,32.9,25.6,29.2,4.6,85,10.7,71,78
2026-07-07,696,Hà Nam,Viet Nam,20.5463,105.9142,33.2,26.1,29.1,5.4,85,17.0,58,81
2026-07-07,122,Lâm Đồng,Viet Nam,11.9404,108.4419,23.1,15.9,18.6,3.4,90,17.9,29,97
2026-07-07,729,Phú Quốc,Viet Nam,10.279526,104.003538,30.6,24.6,26.9,2.0,86,19.0,29,79
2026-07-07,463,Hậu Giang,Viet Nam,9.7845,105.4735,32.3,25.1,28.0,5.5,82,21.0,63,95
2026-07-07,511,Hòa Bình,Viet Nam,20.8171,105.3375,34.3,27.2,30.1,2.4,86,7.7,34,83
2026-07-07,110,Thái Nguyên,Viet Nam,21.5939,105.8481,32.7,26.0,29.1,2.9,86,14.2,66,77
2026-07-07,255,Long An,Viet Nam,10.5332,105.4053,31.3,25.3,27.5,7.2,85,18.6,76,96
2026-07-07,784,Bình Thuận,Viet Nam,10.9333,108.1,32.5,25.7,28.4,3.4,76,26.0,45,96
2026-07-07,920,Vĩnh Long,Viet Nam,10.2536,105.9723,31.7,24.6,27.7,7.9,86,15.4,78,98
2026-07-07,347,Bình Phước,Viet Nam,11.7516,106.8778,27.3,24.0,25.4,25.4,96,10.3,66,99
2026-07-07,132,Đắk Nông,Viet Nam,12.0,107.7,25.6,21.3,22.6,8.2,94,17.8,42,100
2026-07-08,146,Tiền Giang,Viet Nam,10.3606,106.3636,30.5,25.5,26.8,11.0,90,17.3,70,84
2026-07-08,590,Đà Nẵng,Viet Nam,16.0471,108.2068,35.7,27.3,31.0,0.8,61,15.1,44,39
2026-07-08,193,Bắc Kạn,Viet Nam,22.147,105.8326,32.0,25.2,27.2,16.0,92,9.7,46,90
2026-07-08,123,Quảng Trị,Viet Nam,16.75,107.1833,32.6,26.3,29.3,3.3,69,29.5,31,52
2026-07-08,122,Lâm Đồng,Viet Nam,11.9404,108.4419,23.7,17.1,19.6,0.0,83,23.6,24,75
2026-07-08,168,An Giang,Viet Nam,10.5185,105.1152,31.3,26.4,28.1,0.8,82,18.3,52,83
2026-07-08,463,Hậu Giang,Viet Nam,9.7845,105.4735,30.4,25.4,26.9,3.8,89,19.8,52,78
2026-07-08,252,Phú Thọ,Viet Nam,21.3235,105.4011,30.9,25.4,28.0,40.8,90,13.4,81,88
2026-07-08,669,Hưng Yên,Viet Nam,20.6465,106.0511,32.0,26.5,28.2,13.3,89,9.6,84,95
2026-07-08,496,Bạc Liêu,Viet Nam,9.2941,105.7242,29.3,26.2,27.0,11.2,89,17.8,33,91
2026-07-08,797,Gia Lai,Viet Nam,13.9833,108.0,24.2,20.4,21.9,27.2,92,23.7,21,95
2026-07-08,547,Sóc Trăng,Viet Nam,9.6019,105.9731,30.3,25.5,26.6,15.6,91,20.5,59,92
2026-07-08,587,Trà Vinh,Viet Nam,9.9342,106.3339,30.5,25.4,26.6,17.9,90,17.1,64,82
2026-07-08,811,Điện Biên,Viet Nam,21.3833,103.0167,27.4,23.3,25.1,43.5,94,9.4,18,96
2026-07-08,385,Hà Giang,Viet Nam,22.8233,104.9836,30.9,25.6,27.8,2.4,85,5.6,32,79
2026-07-08,729,Phú Quốc,Viet Nam,10.279526,104.003538,29.9,24.4,26.3,8.5,91,16.1,24,88
2026-07-08,620,Cần Thơ,Viet Nam,10.0451,105.7462,30.6,25.5,26.9,7.8,88,17.3,63,84
2026-07-08,707,Bắc Ninh,Viet Nam,21.1861,106.0763,32.1,25.3,27.6,39.9,89,18.0,72,95
2026-07-08,208,Ninh Thuận,Viet Nam,11.5647,108.9892,36.1,27.1,30.6,1.0,64,32.4,30,67
2026-07-08,503,Sơn La,Viet Nam,21.3262,103.9149,27.2,23.0,24.4,38.7,96,5.4,23,99
2026-07-08,833,Bến Tre,Viet Nam,10.2424,106.3752,30.6,25.5,26.7,9.4,91,15.1,70,89
2026-07-08,201,Trường Sa,Viet Nam,10.66936,115.833324,30.7,28.3,29.7,5.8,73,38.0,24,74
2026-07-08,416,Ninh Bình,Viet Nam,20.2506,105.9744,31.5,26.7,28.7,7.9,90,8.2,93,91
2026-07-08,521,TP. Hồ Chí Minh,Viet Nam,10.8231,106.6297,31.3,24.7,27.4,12.5,85,18.1,74,83
2026-07-08,288,Hoàng Sa,Viet Nam,16.641233,112.742024,30.3,29.2,29.8,1.5,75,37.8,41,29
2026-07-08,326,Thừa Thiên Huế,Viet Nam,16.4633,107.5847,34.2,26.3,29.5,2.2,72,14.6,31,53
2026-07-08,915,Tây Ninh,Viet Nam,11.3125,106.1006,32.3,26.0,28.1,3.2,81,14.5,66,83
2026-07-08,910,Cao Bằng,Viet Nam,22.6661,106.2635,32.3,24.7,27.1,13.3,91,8.5,41,86
2026-07-08,133,Bình Định,Viet Nam,13.782,109.2194,33.4,25.6,29.7,1.4,63,23.5,25,75
2026-07-08,495,Nghệ An,Viet Nam,18.6667,105.6667,35.5,26.3,31.2,4.1,63,22.0,34,71
2026-07-08,645,Hà Tĩnh,Viet Nam,18.3421,105.9038,35.1,26.7,30.4,4.6,79,8.3,27,55
2026-07-08,237,Hải Phòng,Viet Nam,20.8449,106.6881,32.3,25.4,28.1,16.8,87,9.6,50,98
2026-07-08,951,Bình Dương,Viet Nam,11.0531,106.6661,31.4,24.5,27.6,3.6,84,15.8,68,80
2026-07-08,872,Thái Bình,Viet Nam,20.4463,106.3364,32.2,26.6,28.6,4.6,89,7.8,80,93
2026-07-08,734,Yên Bái,Viet Nam,21.7051,104.8751,30.9,24.9,27.1,26.5,92,6.3,68,95
2026-07-08,160,Nam Định,Viet Nam,20.4231,106.1681,32.0,26.8,28.6,7.1,88,6.5,93,91
2026-07-08,347,Bình Phước,Viet Nam,11.7516,106.8778,30.6,24.4,26.5,2.3,90,12.8,55,76
2026-07-08,255,Long An,Viet Nam,10.5332,105.4053,31.0,26.2,27.9,1.8,83,19.7,68,80
2026-07-08,784,Bình Thuận,Viet Nam,10.9333,108.1,32.3,25.8,28.3,6.5,79,26.0,37,87
2026-07-08,684,Khánh Hòa,Viet Nam,12.2467,109.1833,32.5,27.0,29.6,1.3,76,16.0,49,66
2026-07-08,110,Thái Nguyên,Viet Nam,21.5939,105.8481,32.0,25.1,27.7,34.8,89,12.7,65,87
2026-07-08,813,Đồng Tháp,Viet Nam,10.4552,105.6323,30.9,25.8,27.8,4.4,84,20.3,68,79
2026-07-08,696,Hà Nam,Viet Nam,20.5463,105.9142,31.2,25.9,27.8,26.4,92,7.2,93,95
2026-07-08,456,Vĩnh Phúc,Viet Nam,21.3089,105.6047,30.7,24.8,27.4,58.0,90,10.0,81,90
2026-07-08,365,Cà Mau,Viet Nam,9.1769,105.1501,30.3,26.3,27.2,15.9,89,18.4,32,80
2026-07-08,701,Hà Nội,Viet Nam,21.0285,105.8542,32.1,25.6,27.6,35.8,90,9.3,72,98
2026-07-08,108,Lào Cai,Viet Nam,22.4856,103.9707,30.7,25.7,27.6,10.5,90,4.6,24,86
2026-07-08,920,Vĩnh Long,Viet Nam,10.2536,105.9723,30.5,25.6,27.1,8.9,87,19.0,72,86
2026-07-08,454,Thanh Hóa,Viet Nam,19.8075,105.7764,34.4,26.7,29.5,1.4,86,7.3,67,92
2026-07-08,196,Đắk Lắk,Viet Nam,12.6667,108.05,29.9,21.8,25.8,14.2,79,18.0,25,70
2026-07-08,861,Lạng Sơn,Viet Nam,21.8519,106.7614,31.7,23.5,25.8,15.7,92,10.1,41,94
2026-07-08,278,Đồng Nai,Viet Nam,10.9575,106.8427,31.7,24.9,27.6,7.7,85,17.5,74,82
2026-07-08,132,Đắk Nông,Viet Nam,12.0,107.7,27.7,21.4,23.7,3.5,87,19.2,28,84
2026-07-08,226,Kon Tum,Viet Nam,14.35,108.0,26.4,22.3,23.8,10.4,87,17.3,20,92
2026-07-08,960,Lai Châu,Viet Nam,22.3959,103.4621,25.4,21.2,22.6,56.8,93,4.4,18,85
2026-07-08,215,Hải Dương,Viet Nam,20.9391,106.3146,32.4,25.4,27.8,22.2,89,11.6,69,93
2026-07-08,767,Kiên Giang,Viet Nam,10.0122,105.0809,29.6,25.8,27.6,3.9,85,22.1,42,76
2026-07-08,275,Tuyên Quang,Viet Nam,21.8159,105.2132,31.6,24.4,27.1,34.6,91,12.4,57,89
2026-07-08,981,Quảng Bình,Viet Nam,17.4731,106.5962,33.7,26.9,29.6,0.8,71,23.0,29,49
2026-07-08,849,Bắc Giang,Viet Nam,21.2731,106.1946,32.4,25.2,27.8,36.6,88,16.5,72,97
2026-07-08,327,Bà Rịa – Vũng Tàu,Viet Nam,10.4114,107.1362,29.8,27.0,27.9,4.6,82,26.2,37,82
2026-07-08,511,Hòa Bình,Viet Nam,20.8171,105.3375,32.9,26.2,28.5,19.8,91,7.8,58,98
2026-07-08,249,Phú Yên,Viet Nam,13.0883,109.3045,36.8,26.3,30.8,2.5,57,26.9,26,83
2026-07-09,797,Gia Lai,Viet Nam,13.9833,108.0,24.9,20.4,21.8,14.8,95,23.6,19,94
2026-07-09,767,Kiên Giang,Viet Nam,10.0122,105.0809,30.4,27.3,28.9,2.5,77,25.8,27,96
2026-07-09,110,Thái Nguyên,Viet Nam,21.5939,105.8481,28.6,25.0,26.5,21.8,94,8.1,63,93
2026-07-09,146,Tiền Giang,Viet Nam,10.3606,106.3636,31.7,26.1,28.6,1.5,80,20.6,56,92
2026-07-09,701,Hà Nội,Viet Nam,21.0285,105.8542,29.9,25.1,27.2,26.9,91,6.9,76,99
2026-07-09,123,Quảng Trị,Viet Nam,16.75,107.1833,31.4,26.0,28.4,4.5,74,31.1,31,74
2026-07-09,696,Hà Nam,Viet Nam,20.5463,105.9142,30.5,25.4,27.3,13.5,93,13.5,72,95
2026-07-09,278,Đồng Nai,Viet Nam,10.9575,106.8427,32.5,26.3,28.8,1.2,77,20.0,64,95
2026-07-09,215,Hải Dương,Viet Nam,20.9391,106.3146,30.0,25.1,27.2,32.2,93,9.9,67,98
2026-07-09,196,Đắk Lắk,Viet Nam,12.6667,108.05,29.4,23.1,25.8,2.4,79,20.7,23,95
2026-07-09,920,Vĩnh Long,Viet Nam,10.2536,105.9723,31.5,26.1,28.5,2.1,80,21.4,50,97
2026-07-09,496,Bạc Liêu,Viet Nam,9.2941,105.7242,31.5,26.1,28.4,1.8,79,21.5,31,87
2026-07-09,521,TP. Hồ Chí Minh,Viet Nam,10.8231,106.6297,33.0,26.0,28.9,2.1,77,17.7,64,91
2026-07-09,872,Thái Bình,Viet Nam,20.4463,106.3364,30.7,25.8,27.8,23.6,90,10.9,65,97
2026-07-09,861,Lạng Sơn,Viet Nam,21.8519,106.7614,26.5,23.4,24.7,21.9,98,8.9,34,96
2026-07-09,813,Đồng Tháp,Viet Nam,10.4552,105.6323,31.2,26.7,28.7,1.1,78,21.2,42,94
2026-07-09,168,An Giang,Viet Nam,10.5185,105.1152,31.8,26.4,29.0,1.0,74,20.3,27,95
2026-07-09,849,Bắc Giang,Viet Nam,21.2731,106.1946,29.7,24.5,27.0,28.8,90,11.2,76,97
2026-07-09,226,Kon Tum,Viet Nam,14.35,108.0,26.7,22.5,24.1,4.9,87,14.5,20,96
2026-07-09,729,Phú Quốc,Viet Nam,10.279526,104.003538,29.7,25.7,27.7,4.6,80,20.0,23,87
2026-07-09,347,Bình Phước,Viet Nam,11.7516,106.8778,31.2,25.2,27.7,0.2,80,17.7,40,89
2026-07-09,327,Bà Rịa – Vũng Tàu,Viet Nam,10.4114,107.1362,31.5,27.2,29.4,2.6,76,25.5,39,91
2026-07-09,326,Thừa Thiên Huế,Viet Nam,16.4633,107.5847,33.3,26.6,29.6,0.1,71,13.5,27,55
2026-07-09,252,Phú Thọ,Viet Nam,21.3235,105.4011,29.1,25.7,27.3,21.5,90,8.8,76,87
2026-07-09,456,Vĩnh Phúc,Viet Nam,21.3089,105.6047,27.9,25.2,26.4,25.2,93,8.1,76,96
2026-07-09,288,Hoàng Sa,Viet Nam,16.641233,112.742024,30.3,29.4,29.9,0.6,79,26.1,47,65
2026-07-09,122,Lâm Đồng,Viet Nam,11.9404,108.4419,23.1,17.1,19.4,0.5,86,23.9,22,98
2026-07-09,960,Lai Châu,Viet Nam,22.3959,103.4621,27.9,21.5,23.8,3.8,89,4.9,26,76
2026-07-09,208,Ninh Thuận,Viet Nam,11.5647,108.9892,37.3,27.5,32.1,0.0,58,19.7,29,94
2026-07-09,734,Yên Bái,Viet Nam,21.7051,104.8751,28.8,25.1,26.3,50.0,92,5.8,45,84
2026-07-09,249,Phú Yên,Viet Nam,13.0883,109.3045,35.0,27.2,31.1,0.1,57,29.0,25,90
2026-07-09,255,Long An,Viet Nam,10.5332,105.4053,31.5,26.4,28.8,0.6,77,21.3,42,95
2026-07-09,416,Ninh Bình,Viet Nam,20.2506,105.9744,31.0,25.8,28.0,14.8,89,12.2,72,94
2026-07-09,385,Hà Giang,Viet Nam,22.8233,104.9836,29.0,24.7,26.7,10.0,91,4.7,36,95
2026-07-09,910,Cao Bằng,Viet Nam,22.6661,106.2635,28.3,24.5,25.8,19.6,97,7.7,33,89
2026-07-09,833,Bến Tre,Viet Nam,10.2424,106.3752,31.7,26.0,28.6,1.5,79,19.0,56,92
2026-07-09,684,Khánh Hòa,Viet Nam,12.2467,109.1833,33.1,27.9,30.4,0.0,64,16.8,58,91
2026-07-09,915,Tây Ninh,Viet Nam,11.3125,106.1006,32.5,26.4,29.2,0.6,74,18.2,35,92
2026-07-09,463,Hậu Giang,Viet Nam,9.7845,105.4735,31.6,25.9,28.2,3.0,80,21.1,35,94
2026-07-09,811,Điện Biên,Viet Nam,21.3833,103.0167,27.6,22.5,24.6,29.1,95,7.7,19,93
2026-07-09,590,Đà Nẵng,Viet Nam,16.0471,108.2068,36.1,27.8,30.9,0.9,61,17.5,34,63
2026-07-09,201,Trường Sa,Viet Nam,10.66936,115.833324,30.7,28.1,29.6,6.4,75,44.5,32,76
2026-07-09,132,Đắk Nông,Viet Nam,12.0,107.7,27.3,20.7,23.5,6.9,88,18.0,23,94
2026-07-09,669,Hưng Yên,Viet Nam,20.6465,106.0511,31.0,25.8,28.0,11.5,89,10.7,79,97
2026-07-09,133,Bình Định,Viet Nam,13.782,109.2194,32.6,26.4,29.4,0.2,67,20.7,25,83
2026-07-09,365,Cà Mau,Viet Nam,9.1769,105.1501,31.0,26.6,28.1,3.7,81,22.8,28,89
2026-07-09,587,Trà Vinh,Viet Nam,9.9342,106.3339,31.5,25.6,28.4,2.4,80,20.1,55,89
2026-07-09,193,Bắc Kạn,Viet Nam,22.147,105.8326,28.7,25.2,26.2,24.2,95,4.9,43,97
2026-07-09,495,Nghệ An,Viet Nam,18.6667,105.6667,34.6,26.8,30.6,0.2,63,22.1,29,83
2026-07-09,108,Lào Cai,Viet Nam,22.4856,103.9707,29.5,25.9,27.7,2.2,85,7.7,30,86
2026-07-09,981,Quảng Bình,Viet Nam,17.4731,106.5962,32.1,25.8,28.5,1.1,76,17.6,29,75
2026-07-09,784,Bình Thuận,Viet Nam,10.9333,108.1,33.6,24.6,28.6,9.1,76,27.5,44,90
2026-07-09,645,Hà Tĩnh,Viet Nam,18.3421,105.9038,33.2,25.9,29.1,18.6,78,10.3,27,64
2026-07-09,275,Tuyên Quang,Viet Nam,21.8159,105.2132,27.3,25.0,25.7,21.7,96,8.0,29,92
2026-07-09,503,Sơn La,Viet Nam,21.3262,103.9149,27.0,22.5,24.0,29.0,96,6.9,22,99
2026-07-09,547,Sóc Trăng,Viet Nam,9.6019,105.9731,31.2,25.7,28.3,1.2,79,20.0,46,90
2026-07-09,511,Hòa Bình,Viet Nam,20.8171,105.3375,30.8,26.4,27.5,13.8,94,5.6,32,95
2026-07-09,237,Hải Phòng,Viet Nam,20.8449,106.6881,31.6,25.7,27.7,13.5,91,8.2,46,99
2026-07-09,160,Nam Định,Viet Nam,20.4231,106.1681,30.8,25.8,27.9,25.3,90,12.8,72,97
2026-07-09,454,Thanh Hóa,Viet Nam,19.8075,105.7764,32.8,26.1,28.6,9.5,84,18.7,48,93
2026-07-09,620,Cần Thơ,Viet Nam,10.0451,105.7462,31.5,25.9,28.3,2.7,80,20.9,40,95
2026-07-09,707,Bắc Ninh,Viet Nam,21.1861,106.0763,29.8,24.4,27.1,32.6,90,9.9,76,99
2026-07-09,951,Bình Dương,Viet Nam,11.0531,106.6661,32.5,26.0,28.8,0.9,76,21.6,57,93
2026-07-10,249,Phú Yên,Viet Nam,13.0883,109.3045,36.2,27.2,31.9,0.5,54,29.6,25,74
2026-07-10,872,Thái Bình,Viet Nam,20.4463,106.3364,32.2,27.0,28.6,6.3,86,10.9,73,79
2026-07-10,951,Bình Dương,Viet Nam,11.0531,106.6661,33.2,24.2,28.6,2.5,78,20.6,43,89
2026-07-10,160,Nam Định,Viet Nam,20.4231,106.1681,32.5,27.0,28.7,14.0,86,10.6,75,71
2026-07-10,734,Yên Bái,Viet Nam,21.7051,104.8751,32.3,25.0,28.0,6.9,87,10.9,62,61
2026-07-10,326,Thừa Thiên Huế,Viet Nam,16.4633,107.5847,33.8,25.5,29.2,1.2,73,17.2,25,67
2026-07-10,707,Bắc Ninh,Viet Nam,21.1861,106.0763,32.0,26.1,28.1,7.9,88,12.4,100,76
2026-07-10,521,TP. Hồ Chí Minh,Viet Nam,10.8231,106.6297,33.6,26.6,29.6,0.5,74,16.6,60,91
2026-07-10,347,Bình Phước,Viet Nam,11.7516,106.8778,31.9,24.9,28.0,0.9,81,14.6,35,96
2026-07-10,255,Long An,Viet Nam,10.5332,105.4053,32.1,27.1,29.1,0.3,76,22.0,38,89
2026-07-10,193,Bắc Kạn,Viet Nam,22.147,105.8326,31.7,25.4,27.5,17.5,90,7.6,61,55
2026-07-10,208,Ninh Thuận,Viet Nam,11.5647,108.9892,38.0,27.8,32.5,0.0,55,21.3,30,79
2026-07-10,146,Tiền Giang,Viet Nam,10.3606,106.3636,32.2,27.0,29.1,1.9,77,20.3,46,87
2026-07-10,811,Điện Biên,Viet Nam,21.3833,103.0167,28.9,23.5,25.3,15.2,91,8.8,21,88
2026-07-10,110,Thái Nguyên,Viet Nam,21.5939,105.8481,31.0,25.6,27.8,10.0,90,10.4,84,72
2026-07-10,784,Bình Thuận,Viet Nam,10.9333,108.1,33.7,25.0,29.0,6.9,74,27.7,44,80
2026-07-10,620,Cần Thơ,Viet Nam,10.0451,105.7462,31.8,26.6,28.8,0.4,78,21.3,34,88
2026-07-10,813,Đồng Tháp,Viet Nam,10.4552,105.6323,32.0,27.1,29.1,0.3,76,22.2,38,92
2026-07-10,849,Bắc Giang,Viet Nam,21.2731,106.1946,31.7,25.9,28.0,9.2,87,11.1,100,72
2026-07-10,275,Tuyên Quang,Viet Nam,21.8159,105.2132,31.8,25.1,27.5,11.9,91,10.2,60,54
2026-07-10,456,Vĩnh Phúc,Viet Nam,21.3089,105.6047,30.9,25.9,28.0,11.0,89,8.5,94,81
2026-07-10,729,Phú Quốc,Viet Nam,10.279526,104.003538,30.8,24.7,28.0,6.6,79,20.8,21,95
2026-07-10,385,Hà Giang,Viet Nam,22.8233,104.9836,32.4,25.7,28.2,4.6,84,5.1,35,53
2026-07-10,226,Kon Tum,Viet Nam,14.35,108.0,27.8,22.3,24.6,11.1,85,22.9,25,90
2026-07-10,587,Trà Vinh,Viet Nam,9.9342,106.3339,32.1,26.5,28.7,3.0,78,21.1,43,78
2026-07-10,767,Kiên Giang,Viet Nam,10.0122,105.0809,30.2,27.8,29.2,0.8,76,24.6,26,92
2026-07-10,547,Sóc Trăng,Viet Nam,9.6019,105.9731,31.8,26.2,28.4,3.1,81,17.7,36,83
2026-07-10,108,Lào Cai,Viet Nam,22.4856,103.9707,31.4,25.2,28.5,4.5,85,7.4,25,67
2026-07-10,981,Quảng Bình,Viet Nam,17.4731,106.5962,33.2,27.8,29.8,2.2,67,20.1,26,69
2026-07-10,669,Hưng Yên,Viet Nam,20.6465,106.0511,32.1,26.8,28.5,3.9,88,12.8,94,78
2026-07-10,454,Thanh Hóa,Viet Nam,19.8075,105.7764,33.8,26.6,28.8,30.0,87,9.6,50,83
2026-07-10,797,Gia Lai,Viet Nam,13.9833,108.0,25.2,20.7,22.2,14.5,94,27.2,24,91
2026-07-10,365,Cà Mau,Viet Nam,9.1769,105.1501,31.2,27.2,28.8,2.5,77,22.0,25,81
2026-07-10,496,Bạc Liêu,Viet Nam,9.2941,105.7242,31.8,26.8,28.6,4.6,80,21.3,27,78
2026-07-10,196,Đắk Lắk,Viet Nam,12.6667,108.05,30.0,23.1,26.4,1.2,72,24.2,22,78
2026-07-10,960,Lai Châu,Viet Nam,22.3959,103.4621,27.3,21.9,24.2,5.1,86,4.4,21,75
2026-07-10,122,Lâm Đồng,Viet Nam,11.9404,108.4419,21.9,17.4,19.2,2.3,86,28.0,22,98
2026-07-10,861,Lạng Sơn,Viet Nam,21.8519,106.7614,31.0,23.6,26.5,2.1,84,12.5,43,65
2026-07-10,463,Hậu Giang,Viet Nam,9.7845,105.4735,32.1,26.7,28.8,0.4,77,22.0,31,91
2026-07-10,696,Hà Nam,Viet Nam,20.5463,105.9142,31.0,26.1,27.9,3.9,91,8.9,75,85
2026-07-10,327,Bà Rịa – Vũng Tàu,Viet Nam,10.4114,107.1362,31.8,27.6,29.5,4.4,76,27.7,42,81
2026-07-10,278,Đồng Nai,Viet Nam,10.9575,106.8427,33.2,25.5,28.9,1.2,78,19.0,60,92
2026-07-10,590,Đà Nẵng,Viet Nam,16.0471,108.2068,33.6,27.5,30.1,1.4,66,18.7,31,77
2026-07-10,168,An Giang,Viet Nam,10.5185,105.1152,32.4,27.1,29.4,0.3,73,21.8,28,92
2026-07-10,288,Hoàng Sa,Viet Nam,16.641233,112.742024,30.4,29.0,29.9,1.6,79,30.2,44,63
2026-07-10,252,Phú Thọ,Viet Nam,21.3235,105.4011,31.4,26.6,28.7,11.4,88,9.2,94,74
2026-07-10,701,Hà Nội,Viet Nam,21.0285,105.8542,31.9,26.4,28.0,7.6,89,9.8,100,77
2026-07-10,910,Cao Bằng,Viet Nam,22.6661,106.2635,32.6,24.7,27.6,5.0,87,12.5,42,47
2026-07-10,833,Bến Tre,Viet Nam,10.2424,106.3752,32.1,27.0,29.0,2.0,77,21.8,46,86
2026-07-10,416,Ninh Bình,Viet Nam,20.2506,105.9744,32.9,26.8,28.7,15.1,87,11.3,75,77
2026-07-10,132,Đắk Nông,Viet Nam,12.0,107.7,27.7,20.7,23.9,6.1,86,20.8,25,95
2026-07-10,915,Tây Ninh,Viet Nam,11.3125,106.1006,33.4,26.6,29.7,1.0,71,19.3,34,85
2026-07-10,920,Vĩnh Long,Viet Nam,10.2536,105.9723,31.7,27.1,28.9,2.3,77,21.1,42,86
2026-07-10,201,Trường Sa,Viet Nam,10.66936,115.833324,30.7,28.4,29.8,11.6,75,49.3,34,82
2026-07-10,133,Bình Định,Viet Nam,13.782,109.2194,32.3,28.1,29.9,0.1,63,24.5,26,85
2026-07-10,495,Nghệ An,Viet Nam,18.6667,105.6667,35.0,29.4,31.5,0.7,59,20.7,27,90
2026-07-10,123,Quảng Trị,Viet Nam,16.75,107.1833,32.4,26.1,28.6,5.7,72,28.7,26,79
2026-07-10,503,Sơn La,Viet Nam,21.3262,103.9149,27.5,22.6,24.5,34.5,96,6.9,22,93
2026-07-10,645,Hà Tĩnh,Viet Nam,18.3421,105.9038,34.0,27.4,29.6,4.5,76,10.4,24,88
2026-07-10,684,Khánh Hòa,Viet Nam,12.2467,109.1833,35.2,28.0,31.6,0.1,58,11.9,63,90
2026-07-10,237,Hải Phòng,Viet Nam,20.8449,106.6881,32.1,26.1,28.4,7.9,86,8.0,64,76
2026-07-10,511,Hòa Bình,Viet Nam,20.8171,105.3375,31.4,26.6,27.9,15.3,95,9.2,34,92
2026-07-10,215,Hải Dương,Viet Nam,20.9391,106.3146,32.0,25.6,27.9,10.5,89,10.7,86,79
2026-07-11,108,Lào Cai,Viet Nam,22.4856,103.9707,32.8,26.0,29.1,3.4,84,5.0,28,43
2026-07-11,684,Khánh Hòa,Viet Nam,12.2467,109.1833,35.9,26.7,30.6,1.2,71,10.1,56,73
2026-07-11,767,Kiên Giang,Viet Nam,10.0122,105.0809,30.8,27.7,29.4,1.2,74,30.2,29,46
2026-07-11,226,Kon Tum,Viet Nam,14.35,108.0,27.2,22.2,24.0,18.8,90,23.1,24,81
2026-07-11,960,Lai Châu,Viet Nam,22.3959,103.4621,28.5,20.3,23.8,20.7,91,3.8,22,59
2026-07-11,463,Hậu Giang,Viet Nam,9.7845,105.4735,32.0,26.5,29.0,0.6,73,27.0,33,40
2026-07-11,122,Lâm Đồng,Viet Nam,11.9404,108.4419,22.8,17.3,19.3,9.3,88,31.0,20,73
2026-07-11,861,Lạng Sơn,Viet Nam,21.8519,106.7614,32.1,24.0,27.4,2.9,85,9.9,55,54
2026-07-11,132,Đắk Nông,Viet Nam,12.0,107.7,28.4,20.7,23.5,20.1,89,25.4,22,84
2026-07-11,255,Long An,Viet Nam,10.5332,105.4053,32.4,26.3,29.2,2.1,73,24.7,38,38
2026-07-11,160,Nam Định,Viet Nam,20.4231,106.1681,31.9,27.1,29.1,3.9,86,7.7,83,63
2026-07-11,237,Hải Phòng,Viet Nam,20.8449,106.6881,32.8,26.7,29.2,3.8,82,8.1,69,43
2026-07-11,495,Nghệ An,Viet Nam,18.6667,105.6667,34.9,28.1,30.9,1.5,62,20.3,28,82
2026-07-11,416,Ninh Bình,Viet Nam,20.2506,105.9744,32.6,26.5,28.7,7.4,87,9.3,83,70
2026-07-11,208,Ninh Thuận,Viet Nam,11.5647,108.9892,38.1,27.1,31.8,4.0,60,24.2,28,61
2026-07-11,252,Phú Thọ,Viet Nam,21.3235,105.4011,32.8,26.6,29.5,3.4,83,10.6,85,32
2026-07-11,249,Phú Yên,Viet Nam,13.0883,109.3045,35.1,26.6,30.4,2.7,62,29.8,24,87
2026-07-11,215,Hải Dương,Viet Nam,20.9391,106.3146,32.1,26.6,29.0,1.9,85,8.1,89,51
2026-07-11,981,Quảng Bình,Viet Nam,17.4731,106.5962,33.2,27.1,29.6,0.0,68,23.3,24,43
2026-07-11,123,Quảng Trị,Viet Nam,16.75,107.1833,31.3,27.2,28.7,1.0,70,33.2,24,69
2026-07-11,547,Sóc Trăng,Viet Nam,9.6019,105.9731,31.3,26.3,28.4,4.5,78,22.1,37,30
2026-07-11,503,Sơn La,Viet Nam,21.3262,103.9149,29.7,22.5,25.2,15.0,92,7.3,21,61
2026-07-11,645,Hà Tĩnh,Viet Nam,18.3421,105.9038,33.8,26.7,29.5,4.8,78,6.9,24,66
2026-07-11,915,Tây Ninh,Viet Nam,11.3125,106.1006,33.0,26.6,29.6,0.6,70,22.9,31,59
2026-07-11,872,Thái Bình,Viet Nam,20.4463,106.3364,31.8,27.2,29.1,3.5,86,9.2,83,60
2026-07-11,110,Thái Nguyên,Viet Nam,21.5939,105.8481,32.6,26.4,28.7,1.9,85,13.6,76,31
2026-07-11,454,Thanh Hóa,Viet Nam,19.8075,105.7764,33.2,26.5,28.7,12.1,88,10.1,48,77
2026-07-11,326,Thừa Thiên Huế,Viet Nam,16.4633,107.5847,33.9,27.2,30.1,0.4,65,19.6,21,68
2026-07-11,701,Hà Nội,Viet Nam,21.0285,105.8542,31.3,26.3,28.7,8.4,87,6.1,88,53
2026-07-11,146,Tiền Giang,Viet Nam,10.3606,106.3636,32.3,25.8,29.0,1.5,75,23.3,43,51
2026-07-11,521,TP. Hồ Chí Minh,Viet Nam,10.8231,106.6297,33.1,26.4,29.3,2.8,72,22.3,60,60
2026-07-11,587,Trà Vinh,Viet Nam,9.9342,106.3339,31.9,25.9,28.9,1.2,74,23.3,44,31
2026-07-11,275,Tuyên Quang,Viet Nam,21.8159,105.2132,31.7,25.1,28.1,6.4,89,7.9,47,45
2026-07-11,920,Vĩnh Long,Viet Nam,10.2536,105.9723,32.3,24.9,28.9,3.5,76,26.4,40,50
2026-07-11,696,Hà Nam,Viet Nam,20.5463,105.9142,31.6,25.9,28.1,5.1,90,7.6,83,62
2026-07-11,456,Vĩnh Phúc,Viet Nam,21.3089,105.6047,31.4,26.3,28.6,2.8,86,9.6,85,38
2026-07-11,734,Yên Bái,Viet Nam,21.7051,104.8751,32.9,25.6,29.0,3.5,85,7.1,46,47
2026-07-11,288,Hoàng Sa,Viet Nam,16.641233,112.742024,30.5,27.1,29.6,5.4,78,33.0,38,81
2026-07-11,201,Trường Sa,Viet Nam,10.66936,115.833324,30.7,28.8,29.7,9.4,75,46.8,33,90
2026-07-11,729,Phú Quốc,Viet Nam,10.279526,104.003538,30.5,24.8,27.8,10.5,80,25.4,22,54
2026-07-11,385,Hà Giang,Viet Nam,22.8233,104.9836,33.1,26.2,29.3,2.1,79,5.1,35,33
2026-07-11,168,An Giang,Viet Nam,10.5185,105.1152,32.8,27.1,29.6,0.4,70,24.5,31,40
2026-07-11,327,Bà Rịa – Vũng Tàu,Viet Nam,10.4114,107.1362,32.0,27.2,29.7,1.3,73,28.9,40,38
2026-07-11,849,Bắc Giang,Viet Nam,21.2731,106.1946,32.4,26.4,29.1,2.9,85,7.4,88,45
2026-07-11,811,Điện Biên,Viet Nam,21.3833,103.0167,29.5,23.2,25.5,24.1,92,8.4,18,81
2026-07-11,193,Bắc Kạn,Viet Nam,22.147,105.8326,33.6,25.1,28.4,3.1,88,8.4,57,46
2026-07-11,496,Bạc Liêu,Viet Nam,9.2941,105.7242,31.4,27.1,28.8,1.3,76,23.3,27,30
2026-07-11,797,Gia Lai,Viet Nam,13.9833,108.0,25.0,20.7,21.8,31.6,97,31.5,21,97
2026-07-11,707,Bắc Ninh,Viet Nam,21.1861,106.0763,32.3,26.6,29.0,5.5,85,7.5,88,34
2026-07-11,833,Bến Tre,Viet Nam,10.2424,106.3752,32.3,24.6,28.9,6.6,75,22.6,43,43
2026-07-11,133,Bình Định,Viet Nam,13.782,109.2194,32.7,27.2,29.5,1.8,66,27.0,24,86
2026-07-11,951,Bình Dương,Viet Nam,11.0531,106.6661,32.5,26.7,29.2,0.4,72,22.6,38,62
2026-07-11,347,Bình Phước,Viet Nam,11.7516,106.8778,31.4,23.5,26.9,11.3,86,19.9,29,69
2026-07-11,813,Đồng Tháp,Viet Nam,10.4552,105.6323,32.4,25.7,29.1,2.6,75,24.1,38,38
2026-07-11,784,Bình Thuận,Viet Nam,10.9333,108.1,32.7,25.6,28.6,5.5,75,30.5,42,60
2026-07-11,365,Cà Mau,Viet Nam,9.1769,105.1501,31.6,27.1,29.0,2.0,75,25.4,26,41
2026-07-11,620,Cần Thơ,Viet Nam,10.0451,105.7462,31.9,25.9,28.9,0.4,74,25.9,35,42
2026-07-11,910,Cao Bằng,Viet Nam,22.6661,106.2635,34.2,25.1,28.6,4.3,82,11.6,52,29
2026-07-11,590,Đà Nẵng,Viet Nam,16.0471,108.2068,36.3,28.3,31.6,1.2,58,17.0,47,50
2026-07-11,278,Đồng Nai,Viet Nam,10.9575,106.8427,32.1,26.7,29.0,3.7,74,21.9,60,67
2026-07-11,196,Đắk Lắk,Viet Nam,12.6667,108.05,29.5,22.4,25.3,17.2,84,25.0,21,88
2026-07-11,511,Hòa Bình,Viet Nam,20.8171,105.3375,32.0,26.1,28.8,5.1,89,8.8,42,66
2026-07-11,669,Hưng Yên,Viet Nam,20.6465,106.0511,31.7,26.9,28.9,4.3,88,6.7,95,52
2026-07-12,122,Lâm Đồng,Viet Nam,11.9404,108.4419,21.8,17.0,18.3,14.7,94,26.3,17,99
2026-07-12,503,Sơn La,Viet Nam,21.3262,103.9149,29.8,22.7,25.6,8.3,91,8.4,28,83
2026-07-12,915,Tây Ninh,Viet Nam,11.3125,106.1006,30.9,25.2,27.5,1.1,82,24.8,30,96
2026-07-12,645,Hà Tĩnh,Viet Nam,18.3421,105.9038,31.9,25.9,28.9,6.7,83,9.1,28,70
2026-07-12,767,Kiên Giang,Viet Nam,10.0122,105.0809,29.7,26.1,27.6,7.4,83,28.9,29,98
2026-07-12,288,Hoàng Sa,Viet Nam,16.641233,112.742024,30.5,28.1,29.3,6.5,81,35.8,35,97
2026-07-12,249,Phú Yên,Viet Nam,13.0883,109.3045,34.7,26.6,30.5,0.3,60,29.4,25,98
2026-07-12,108,Lào Cai,Viet Nam,22.4856,103.9707,34.1,25.8,30.2,4.2,77,4.8,40,61
2026-07-12,365,Cà Mau,Viet Nam,9.1769,105.1501,32.0,25.9,28.7,2.0,77,26.1,28,94
2026-07-12,496,Bạc Liêu,Viet Nam,9.2941,105.7242,32.1,26.6,28.8,4.4,77,24.4,30,91
2026-07-12,620,Cần Thơ,Viet Nam,10.0451,105.7462,30.5,25.4,27.5,4.1,82,22.7,37,96
2026-07-12,861,Lạng Sơn,Viet Nam,21.8519,106.7614,32.7,23.7,27.8,2.3,85,9.2,58,69
2026-07-12,201,Trường Sa,Viet Nam,10.66936,115.833324,30.5,28.5,29.7,5.1,73,46.4,30,97
2026-07-12,707,Bắc Ninh,Viet Nam,21.1861,106.0763,33.4,26.9,29.5,3.4,86,8.8,95,75
2026-07-12,521,TP. Hồ Chí Minh,Viet Nam,10.8231,106.6297,30.6,25.1,27.4,6.0,85,15.7,59,93
2026-07-12,133,Bình Định,Viet Nam,13.782,109.2194,33.8,27.7,30.0,0.2,65,22.1,24,97
2026-07-12,208,Ninh Thuận,Viet Nam,11.5647,108.9892,36.2,27.5,30.4,0.4,65,28.4,23,89
2026-07-12,326,Thừa Thiên Huế,Viet Nam,16.4633,107.5847,33.3,25.9,29.2,5.3,76,15.1,24,82
2026-07-12,981,Quảng Bình,Viet Nam,17.4731,106.5962,30.8,25.1,27.2,71.7,87,16.6,24,94
2026-07-12,587,Trà Vinh,Viet Nam,9.9342,106.3339,30.9,25.3,27.5,9.8,84,20.8,46,94
2026-07-12,495,Nghệ An,Viet Nam,18.6667,105.6667,32.3,25.5,28.6,22.2,86,9.5,37,77
2026-07-12,226,Kon Tum,Viet Nam,14.35,108.0,27.5,22.0,24.0,22.2,89,24.1,17,97
2026-07-12,237,Hải Phòng,Viet Nam,20.8449,106.6881,33.8,27.3,30.1,3.3,78,11.7,75,55
2026-07-12,920,Vĩnh Long,Viet Nam,10.2536,105.9723,30.6,25.0,27.5,4.0,84,23.1,42,95
2026-07-12,215,Hải Dương,Viet Nam,20.9391,106.3146,33.2,26.6,29.4,7.6,86,8.6,92,52
2026-07-12,327,Bà Rịa – Vũng Tàu,Viet Nam,10.4114,107.1362,29.2,26.7,28.0,9.9,82,24.9,35,90
2026-07-12,951,Bình Dương,Viet Nam,11.0531,106.6661,29.8,24.7,27.0,10.4,87,23.4,39,94
2026-07-12,696,Hà Nam,Viet Nam,20.5463,105.9142,31.9,25.7,27.8,19.6,91,11.6,101,61
2026-07-12,196,Đắk Lắk,Viet Nam,12.6667,108.05,29.6,23.0,25.5,2.4,83,20.6,19,93
2026-07-12,146,Tiền Giang,Viet Nam,10.3606,106.3636,30.5,25.2,27.3,4.0,86,21.2,45,94
2026-07-12,123,Quảng Trị,Viet Nam,16.75,107.1833,30.1,24.9,27.6,38.1,81,23.1,21,95
2026-07-12,416,Ninh Bình,Viet Nam,20.2506,105.9744,32.8,26.4,28.5,10.5,89,13.4,101,64
2026-07-12,454,Thanh Hóa,Viet Nam,19.8075,105.7764,32.4,24.4,28.3,15.6,88,10.2,70,73
2026-07-12,193,Bắc Kạn,Viet Nam,22.147,105.8326,34.6,25.7,28.9,1.7,86,10.6,68,69
2026-07-12,275,Tuyên Quang,Viet Nam,21.8159,105.2132,33.6,25.5,28.6,5.4,89,6.9,58,67
2026-07-12,160,Nam Định,Viet Nam,20.4231,106.1681,32.3,27.2,29.2,4.2,88,9.2,101,53
2026-07-12,278,Đồng Nai,Viet Nam,10.9575,106.8427,30.0,25.4,27.2,12.4,85,24.2,59,91
2026-07-12,456,Vĩnh Phúc,Viet Nam,21.3089,105.6047,33.0,26.3,29.0,5.9,87,9.8,96,65
2026-07-12,797,Gia Lai,Viet Nam,13.9833,108.0,23.9,20.4,21.8,22.6,97,28.4,17,99
2026-07-12,168,An Giang,Viet Nam,10.5185,105.1152,29.6,25.3,27.1,4.9,86,22.7,28,99
2026-07-12,701,Hà Nội,Viet Nam,21.0285,105.8542,33.1,26.8,29.1,7.5,88,7.9,95,58
2026-07-12,811,Điện Biên,Viet Nam,21.3833,103.0167,28.3,22.7,25.6,16.5,92,5.5,24,76
2026-07-12,347,Bình Phước,Viet Nam,11.7516,106.8778,30.4,24.2,26.2,19.2,91,24.1,25,90
2026-07-12,833,Bến Tre,Viet Nam,10.2424,106.3752,30.5,25.3,27.3,6.0,86,21.6,45,95
2026-07-12,590,Đà Nẵng,Viet Nam,16.0471,108.2068,36.4,26.0,29.9,21.3,73,15.0,43,89
2026-07-12,547,Sóc Trăng,Viet Nam,9.6019,105.9731,31.3,25.8,28.1,3.9,79,23.1,39,90
2026-07-12,110,Thái Nguyên,Viet Nam,21.5939,105.8481,33.7,26.4,29.2,2.1,86,11.3,86,63
2026-07-12,960,Lai Châu,Viet Nam,22.3959,103.4621,28.2,19.8,23.6,11.8,91,5.8,34,76
2026-07-12,849,Bắc Giang,Viet Nam,21.2731,106.1946,33.2,27.0,29.5,3.9,86,9.6,95,78
2026-07-12,669,Hưng Yên,Viet Nam,20.6465,106.0511,32.4,26.8,28.6,15.4,90,9.9,109,54
2026-07-12,385,Hà Giang,Viet Nam,22.8233,104.9836,35.5,27.2,30.8,1.8,75,5.3,35,65
2026-07-12,734,Yên Bái,Viet Nam,21.7051,104.8751,34.8,26.2,29.4,5.0,85,9.4,65,64
2026-07-12,252,Phú Thọ,Viet Nam,21.3235,105.4011,33.4,27.2,29.5,3.4,85,9.7,96,62
2026-07-12,813,Đồng Tháp,Viet Nam,10.4552,105.6323,29.5,25.2,27.1,2.1,86,26.4,39,98
2026-07-12,729,Phú Quốc,Viet Nam,10.279526,104.003538,28.3,22.3,24.9,15.1,96,20.8,21,100
2026-07-12,684,Khánh Hòa,Viet Nam,12.2467,109.1833,32.8,26.7,29.7,1.5,70,10.8,39,97
2026-07-12,255,Long An,Viet Nam,10.5332,105.4053,29.3,25.2,27.0,3.3,87,25.2,39,98
2026-07-12,132,Đắk Nông,Viet Nam,12.0,107.7,26.3,21.5,22.7,16.5,94,21.5,17,99
2026-07-12,872,Thái Bình,Viet Nam,20.4463,106.3364,32.5,27.1,29.5,4.0,84,9.8,89,53
2026-07-12,511,Hòa Bình,Viet Nam,20.8171,105.3375,32.8,26.5,28.8,13.2,90,8.4,67,83
2026-07-12,910,Cao Bằng,Viet Nam,22.6661,106.2635,35.3,25.5,29.9,0.8,80,7.2,38,68
2026-07-12,463,Hậu Giang,Viet Nam,9.7845,105.4735,31.3,25.1,27.8,3.2,80,24.5,34,97
2026-07-12,784,Bình Thuận,Viet Nam,10.9333,108.1,30.3,25.6,27.3,13.2,84,31.0,33,94
2026-07-13,701,Hà Nội,Viet Nam,21.0285,105.8542,33.1,27.0,29.9,1.6,83,11.0,94,52
2026-07-13,784,Bình Thuận,Viet Nam,10.9333,108.1,30.8,25.1,27.0,10.2,87,27.5,34,92
2026-07-13,734,Yên Bái,Viet Nam,21.7051,104.8751,34.4,26.8,30.5,0.6,77,8.9,67,54
2026-07-13,811,Điện Biên,Viet Nam,21.3833,103.0167,32.4,23.5,27.3,7.1,86,4.4,31,66
2026-07-13,915,Tây Ninh,Viet Nam,11.3125,106.1006,31.1,25.2,27.4,5.0,82,22.9,32,91
2026-07-13,547,Sóc Trăng,Viet Nam,9.6019,105.9731,28.6,25.0,26.2,15.8,92,19.5,54,97
2026-07-13,122,Lâm Đồng,Viet Nam,11.9404,108.4419,22.8,16.6,18.3,6.4,92,28.9,19,92
2026-07-13,123,Quảng Trị,Viet Nam,16.75,107.1833,33.2,26.4,29.3,0.8,72,22.8,22,84
2026-07-13,645,Hà Tĩnh,Viet Nam,18.3421,105.9038,31.4,26.7,28.4,8.4,88,6.9,33,86
2026-07-13,833,Bến Tre,Viet Nam,10.2424,106.3752,29.9,24.9,26.5,18.5,91,15.8,60,92
2026-07-13,454,Thanh Hóa,Viet Nam,19.8075,105.7764,33.0,26.2,29.3,0.9,82,10.9,62,68
2026-07-13,288,Hoàng Sa,Viet Nam,16.641233,112.742024,30.4,27.6,28.8,19.6,81,38.6,30,100
2026-07-13,110,Thái Nguyên,Viet Nam,21.5939,105.8481,33.9,26.8,30.2,1.4,81,14.2,94,40
2026-07-13,385,Hà Giang,Viet Nam,22.8233,104.9836,35.2,26.6,30.0,3.3,77,9.5,37,62
2026-07-13,108,Lào Cai,Viet Nam,22.4856,103.9707,34.1,26.3,30.5,2.0,74,5.8,41,54
2026-07-13,255,Long An,Viet Nam,10.5332,105.4053,29.1,24.5,26.4,11.7,89,19.6,43,96
2026-07-13,249,Phú Yên,Viet Nam,13.0883,109.3045,35.6,28.2,30.8,2.2,57,27.7,23,99
2026-07-13,849,Bắc Giang,Viet Nam,21.2731,106.1946,34.2,27.0,30.1,1.4,80,12.2,94,45
2026-07-13,365,Cà Mau,Viet Nam,9.1769,105.1501,28.4,25.5,26.1,24.8,93,18.7,32,99
2026-07-13,521,TP. Hồ Chí Minh,Viet Nam,10.8231,106.6297,31.5,25.0,27.0,14.6,85,16.3,64,97
2026-07-13,201,Trường Sa,Viet Nam,10.66936,115.833324,30.3,29.6,29.9,0.9,74,38.2,31,96
2026-07-13,910,Cao Bằng,Viet Nam,22.6661,106.2635,35.0,25.8,30.3,0.7,77,8.3,41,45
2026-07-13,620,Cần Thơ,Viet Nam,10.0451,105.7462,28.9,24.8,26.0,25.3,92,20.8,44,97
2026-07-13,132,Đắk Nông,Viet Nam,12.0,107.7,25.9,21.3,22.5,15.5,94,22.5,20,97
2026-07-13,237,Hải Phòng,Viet Nam,20.8449,106.6881,33.6,27.7,30.4,0.0,78,11.1,70,68
2026-07-13,861,Lạng Sơn,Viet Nam,21.8519,106.7614,32.8,24.0,28.2,2.5,82,9.6,63,60
2026-07-13,496,Bạc Liêu,Viet Nam,9.2941,105.7242,27.6,25.7,26.3,20.2,93,14.4,36,98
2026-07-13,960,Lai Châu,Viet Nam,22.3959,103.4621,29.5,20.8,24.7,5.9,84,4.9,31,64
2026-07-13,278,Đồng Nai,Viet Nam,10.9575,106.8427,30.9,25.2,27.1,17.2,86,20.2,64,95
2026-07-13,503,Sơn La,Viet Nam,21.3262,103.9149,30.2,22.8,26.5,2.4,83,9.7,41,45
2026-07-13,797,Gia Lai,Viet Nam,13.9833,108.0,24.4,20.9,21.8,18.3,97,29.8,18,98
2026-07-13,511,Hòa Bình,Viet Nam,20.8171,105.3375,32.9,27.0,29.2,5.9,89,9.4,63,74
2026-07-13,587,Trà Vinh,Viet Nam,9.9342,106.3339,29.5,25.0,26.3,9.5,92,26.1,60,92
2026-07-13,495,Nghệ An,Viet Nam,18.6667,105.6667,31.8,27.1,29.0,5.5,82,9.3,46,79
2026-07-13,729,Phú Quốc,Viet Nam,10.279526,104.003538,25.7,23.4,24.6,34.0,98,14.5,21,100
2026-07-13,215,Hải Dương,Viet Nam,20.9391,106.3146,32.8,26.9,29.7,2.8,82,11.3,91,62
2026-07-13,456,Vĩnh Phúc,Viet Nam,21.3089,105.6047,31.9,27.0,29.5,3.6,83,11.5,89,47
2026-07-13,326,Thừa Thiên Huế,Viet Nam,16.4633,107.5847,34.4,26.8,29.4,6.3,81,14.1,30,86
2026-07-13,684,Khánh Hòa,Viet Nam,12.2467,109.1833,33.4,27.3,30.0,1.3,71,14.4,39,82
2026-07-13,133,Bình Định,Viet Nam,13.782,109.2194,34.0,25.3,29.0,3.7,71,24.2,24,94
2026-07-13,168,An Giang,Viet Nam,10.5185,105.1152,28.5,24.9,26.3,10.7,91,21.8,27,99
2026-07-13,707,Bắc Ninh,Viet Nam,21.1861,106.0763,33.4,27.0,30.0,3.0,82,12.2,94,48
2026-07-13,208,Ninh Thuận,Viet Nam,11.5647,108.9892,35.8,27.0,29.9,0.6,67,31.4,24,82
2026-07-13,981,Quảng Bình,Viet Nam,17.4731,106.5962,33.3,25.8,29.1,6.2,77,17.2,28,84
2026-07-13,463,Hậu Giang,Viet Nam,9.7845,105.4735,27.9,24.9,25.7,17.6,94,13.1,42,99
2026-07-13,813,Đồng Tháp,Viet Nam,10.4552,105.6323,29.4,24.1,26.2,14.3,90,25.5,43,98
2026-07-13,226,Kon Tum,Viet Nam,14.35,108.0,26.7,22.5,24.1,17.6,88,23.6,18,93
2026-07-13,193,Bắc Kạn,Viet Nam,22.147,105.8326,33.5,25.5,29.2,2.5,86,7.5,69,52
2026-07-13,669,Hưng Yên,Viet Nam,20.6465,106.0511,32.9,26.9,29.3,7.1,87,8.4,94,64
2026-07-13,252,Phú Thọ,Viet Nam,21.3235,105.4011,32.9,27.5,30.5,1.2,79,13.8,89,35
2026-07-13,920,Vĩnh Long,Viet Nam,10.2536,105.9723,29.0,24.8,26.3,16.6,90,17.9,54,95
2026-07-13,767,Kiên Giang,Viet Nam,10.0122,105.0809,27.5,25.4,26.2,29.5,92,19.9,29,100
2026-07-13,327,Bà Rịa – Vũng Tàu,Viet Nam,10.4114,107.1362,29.3,26.4,27.6,7.5,83,29.2,37,91
2026-07-13,590,Đà Nẵng,Viet Nam,16.0471,108.2068,35.3,27.3,30.1,1.0,71,17.5,46,90
2026-07-13,146,Tiền Giang,Viet Nam,10.3606,106.3636,29.7,24.9,26.6,9.4,89,19.7,60,93
2026-07-13,275,Tuyên Quang,Viet Nam,21.8159,105.2132,33.7,26.1,29.6,1.4,81,12.1,63,55
2026-07-13,160,Nam Định,Viet Nam,20.4231,106.1681,32.4,27.2,29.5,4.6,83,9.6,82,66
2026-07-13,872,Thái Bình,Viet Nam,20.4463,106.3364,32.5,27.5,29.6,8.4,81,8.7,80,68
2026-07-13,416,Ninh Bình,Viet Nam,20.2506,105.9744,32.5,26.0,28.6,10.9,87,11.4,82,75
2026-07-13,196,Đắk Lắk,Viet Nam,12.6667,108.05,29.8,22.6,25.2,4.9,84,19.6,20,91
2026-07-13,696,Hà Nam,Viet Nam,20.5463,105.9142,32.5,26.0,28.5,6.6,87,10.9,82,65
2026-07-13,347,Bình Phước,Viet Nam,11.7516,106.8778,30.2,23.4,26.1,15.9,88,18.3,29,94
2026-07-13,951,Bình Dương,Viet Nam,11.0531,106.6661,30.8,24.9,27.0,9.3,84,22.5,49,91
2026-07-14,193,Bắc Kạn,Viet Nam,22.147,105.8326,35.0,26.7,30.1,0.2,81,8.3,73,89
2026-07-14,208,Ninh Thuận,Viet Nam,11.5647,108.9892,35.3,27.0,30.0,0.3,70,29.9,27,90
2026-07-14,797,Gia Lai,Viet Nam,13.9833,108.0,25.0,20.5,22.0,20.4,95,25.5,18,96
2026-07-14,252,Phú Thọ,Viet Nam,21.3235,105.4011,35.0,28.4,31.3,0.0,76,13.5,93,84
2026-07-14,496,Bạc Liêu,Viet Nam,9.2941,105.7242,29.0,24.9,27.2,8.8,89,14.6,32,94
2026-07-14,696,Hà Nam,Viet Nam,20.5463,105.9142,33.4,27.5,29.7,0.8,82,16.8,101,93
2026-07-14,326,Thừa Thiên Huế,Viet Nam,16.4633,107.5847,35.1,27.8,30.4,1.0,68,13.0,34,99
2026-07-14,511,Hòa Bình,Viet Nam,20.8171,105.3375,34.5,28.2,30.7,1.7,84,9.0,63,88
2026-07-14,226,Kon Tum,Viet Nam,14.35,108.0,28.4,22.2,24.5,13.9,85,21.3,17,86
2026-07-14,920,Vĩnh Long,Viet Nam,10.2536,105.9723,31.1,24.6,27.2,3.2,86,19.9,40,93
2026-07-14,196,Đắk Lắk,Viet Nam,12.6667,108.05,29.3,22.8,25.7,3.3,81,17.8,21,89
2026-07-14,454,Thanh Hóa,Viet Nam,19.8075,105.7764,34.2,27.4,29.5,7.7,84,14.3,70,93
2026-07-14,684,Khánh Hòa,Viet Nam,12.2467,109.1833,33.7,27.2,30.5,1.1,68,13.7,45,88
2026-07-14,767,Kiên Giang,Viet Nam,10.0122,105.0809,29.1,24.7,27.0,6.8,87,18.6,27,89
2026-07-14,456,Vĩnh Phúc,Viet Nam,21.3089,105.6047,34.7,27.7,30.7,0.9,76,16.8,93,84
2026-07-14,278,Đồng Nai,Viet Nam,10.9575,106.8427,31.6,25.4,28.1,2.8,80,21.4,58,82
2026-07-14,590,Đà Nẵng,Viet Nam,16.0471,108.2068,35.7,29.1,31.1,1.1,64,12.0,43,99
2026-07-14,110,Thái Nguyên,Viet Nam,21.5939,105.8481,35.5,27.7,30.9,0.0,75,17.1,82,86
2026-07-14,463,Hậu Giang,Viet Nam,9.7845,105.4735,30.6,24.1,27.1,5.6,88,15.1,36,92
2026-07-14,960,Lai Châu,Viet Nam,22.3959,103.4621,30.1,20.9,25.3,18.0,83,4.2,30,78
2026-07-14,701,Hà Nội,Viet Nam,21.0285,105.8542,34.4,27.7,30.5,0.7,79,15.5,89,86
2026-07-14,872,Thái Bình,Viet Nam,20.4463,106.3364,33.1,28.4,30.1,0.6,80,14.2,77,88
2026-07-14,734,Yên Bái,Viet Nam,21.7051,104.8751,35.8,27.2,30.7,1.4,80,11.2,72,87
2026-07-14,146,Tiền Giang,Viet Nam,10.3606,106.3636,31.2,25.0,27.4,0.9,85,20.3,44,88
2026-07-14,910,Cao Bằng,Viet Nam,22.6661,106.2635,36.0,26.6,30.5,0.0,72,11.2,49,87
2026-07-14,915,Tây Ninh,Viet Nam,11.3125,106.1006,31.5,25.1,27.6,1.6,81,21.8,28,89
2026-07-14,288,Hoàng Sa,Viet Nam,16.641233,112.742024,30.3,28.9,29.5,5.7,78,39.8,33,96
2026-07-14,122,Lâm Đồng,Viet Nam,11.9404,108.4419,21.6,16.7,18.7,4.3,92,21.8,20,95
2026-07-14,620,Cần Thơ,Viet Nam,10.0451,105.7462,30.8,24.3,27.0,5.3,87,18.0,36,93
2026-07-14,645,Hà Tĩnh,Viet Nam,18.3421,105.9038,33.5,27.3,29.7,11.6,76,17.2,34,93
2026-07-14,861,Lạng Sơn,Viet Nam,21.8519,106.7614,34.3,25.5,28.4,1.5,81,12.1,53,91
2026-07-14,503,Sơn La,Viet Nam,21.3262,103.9149,31.7,22.3,26.4,5.4,87,11.1,29,96
2026-07-14,365,Cà Mau,Viet Nam,9.1769,105.1501,30.7,24.1,27.4,11.1,87,14.3,30,92
2026-07-14,201,Trường Sa,Viet Nam,10.66936,115.833324,30.4,29.3,30.0,0.0,71,28.9,29,89
2026-07-14,108,Lào Cai,Viet Nam,22.4856,103.9707,34.3,28.1,31.0,0.6,75,5.8,41,78
2026-07-14,385,Hà Giang,Viet Nam,22.8233,104.9836,35.2,26.9,30.3,0.3,76,11.4,44,86
2026-07-14,784,Bình Thuận,Viet Nam,10.9333,108.1,31.3,24.9,27.6,2.3,83,26.1,37,93
2026-07-14,729,Phú Quốc,Viet Nam,10.279526,104.003538,28.3,24.1,25.4,7.3,93,17.0,27,98
2026-07-14,255,Long An,Viet Nam,10.5332,105.4053,30.0,24.5,27.0,4.3,86,20.4,36,93
2026-07-14,547,Sóc Trăng,Viet Nam,9.6019,105.9731,29.8,24.8,26.7,9.8,90,17.6,41,88
2026-07-14,813,Đồng Tháp,Viet Nam,10.4552,105.6323,30.2,24.8,27.2,2.9,85,21.3,36,85
2026-07-14,347,Bình Phước,Viet Nam,11.7516,106.8778,30.0,24.2,26.1,9.3,91,19.7,29,90
2026-07-14,168,An Giang,Viet Nam,10.5185,105.1152,30.2,24.6,27.0,5.2,85,17.6,26,92
2026-07-14,237,Hải Phòng,Viet Nam,20.8449,106.6881,33.8,28.6,30.3,2.9,81,9.0,64,90
2026-07-14,123,Quảng Trị,Viet Nam,16.75,107.1833,32.5,26.9,29.2,10.2,72,24.6,24,99
2026-07-14,951,Bình Dương,Viet Nam,11.0531,106.6661,31.5,24.6,27.7,1.8,81,21.9,40,79
2026-07-14,160,Nam Định,Viet Nam,20.4231,106.1681,33.4,28.3,30.1,1.4,80,15.3,101,88
2026-07-14,981,Quảng Bình,Viet Nam,17.4731,106.5962,33.7,27.0,29.6,6.2,72,17.7,30,95
2026-07-14,669,Hưng Yên,Viet Nam,20.6465,106.0511,33.8,27.9,30.1,1.2,80,15.5,105,91
2026-07-14,327,Bà Rịa – Vũng Tàu,Viet Nam,10.4114,107.1362,30.7,26.7,28.3,4.7,80,22.2,35,93
2026-07-14,275,Tuyên Quang,Viet Nam,21.8159,105.2132,34.2,27.4,30.5,0.2,77,9.5,64,87
2026-07-14,132,Đắk Nông,Viet Nam,12.0,107.7,26.7,21.0,22.9,7.7,93,19.0,22,95
2026-07-14,133,Bình Định,Viet Nam,13.782,109.2194,34.6,27.2,30.3,1.4,63,23.3,31,92
2026-07-14,495,Nghệ An,Viet Nam,18.6667,105.6667,33.8,28.0,30.4,1.6,73,19.3,54,92
2026-07-14,249,Phú Yên,Viet Nam,13.0883,109.3045,35.1,28.6,31.6,0.5,55,27.2,32,91
2026-07-14,849,Bắc Giang,Viet Nam,21.2731,106.1946,34.8,28.3,30.7,1.1,79,16.2,89,86
2026-07-14,833,Bến Tre,Viet Nam,10.2424,106.3752,31.4,25.0,27.2,1.5,87,17.3,44,86
2026-07-14,416,Ninh Bình,Viet Nam,20.2506,105.9744,34.5,28.0,29.8,8.3,82,17.8,101,86
2026-07-14,587,Trà Vinh,Viet Nam,9.9342,106.3339,30.6,24.9,26.6,9.4,90,19.1,46,87
2026-07-14,215,Hải Dương,Viet Nam,20.9391,106.3146,34.4,27.7,30.1,0.3,82,13.0,82,92
2026-07-14,811,Điện Biên,Viet Nam,21.3833,103.0167,31.5,23.4,27.2,8.2,84,8.9,23,92
2026-07-14,707,Bắc Ninh,Viet Nam,21.1861,106.0763,34.7,28.0,30.6,1.9,78,16.0,89,86
2026-07-14,521,TP. Hồ Chí Minh,Viet Nam,10.8231,106.6297,32.1,25.0,28.1,2.9,80,20.5,58,83
2026-07-15,326,Thừa Thiên Huế,Viet Nam,16.4633,107.5847,31.8,26.7,29.2,0.7,74,15.7,33,96
2026-07-15,910,Cao Bằng,Viet Nam,22.6661,106.2635,34.1,24.8,28.8,7.0,84,10.1,63,92
2026-07-15,920,Vĩnh Long,Viet Nam,10.2536,105.9723,31.0,24.1,26.6,4.4,90,12.4,62,96
2026-07-15,547,Sóc Trăng,Viet Nam,9.6019,105.9731,30.4,24.1,26.6,8.5,90,13.9,56,97
2026-07-15,327,Bà Rịa – Vũng Tàu,Viet Nam,10.4114,107.1362,29.7,25.1,27.2,4.4,85,25.9,39,95
2026-07-15,456,Vĩnh Phúc,Viet Nam,21.3089,105.6047,33.9,26.5,30.1,6.2,80,17.5,94,93
2026-07-15,208,Ninh Thuận,Viet Nam,11.5647,108.9892,36.8,27.3,31.0,0.8,64,28.3,28,95
2026-07-15,160,Nam Định,Viet Nam,20.4231,106.1681,34.1,26.2,30.7,11.1,77,17.9,78,97
2026-07-15,132,Đắk Nông,Viet Nam,12.0,107.7,27.7,20.8,23.2,7.4,91,18.9,26,95
2026-07-15,811,Điện Biên,Viet Nam,21.3833,103.0167,30.4,23.6,26.3,11.9,87,12.1,22,98
2026-07-15,168,An Giang,Viet Nam,10.5185,105.1152,31.0,24.7,27.0,20.5,85,16.3,41,98
2026-07-15,833,Bến Tre,Viet Nam,10.2424,106.3752,31.6,24.4,26.7,8.8,91,20.4,61,95
2026-07-15,511,Hòa Bình,Viet Nam,20.8171,105.3375,35.5,26.2,31.2,5.4,78,10.9,51,89
2026-07-15,587,Trà Vinh,Viet Nam,9.9342,106.3339,30.5,24.0,26.6,13.6,91,11.6,57,97
2026-07-15,237,Hải Phòng,Viet Nam,20.8449,106.6881,34.4,26.1,30.1,3.7,83,14.2,68,95
2026-07-15,797,Gia Lai,Viet Nam,13.9833,108.0,26.2,20.8,22.3,20.4,93,24.5,19,94
2026-07-15,133,Bình Định,Viet Nam,13.782,109.2194,36.2,26.6,30.6,1.3,62,27.5,29,99
2026-07-15,521,TP. Hồ Chí Minh,Viet Nam,10.8231,106.6297,31.7,23.9,26.9,24.4,88,14.3,65,98
2026-07-15,701,Hà Nội,Viet Nam,21.0285,105.8542,34.2,26.4,30.2,3.2,82,15.1,92,88
2026-07-15,696,Hà Nam,Viet Nam,20.5463,105.9142,34.2,25.8,30.3,10.8,79,14.3,78,97
2026-07-15,684,Khánh Hòa,Viet Nam,12.2467,109.1833,34.8,27.9,31.2,0.2,63,17.0,48,91
2026-07-15,215,Hải Dương,Viet Nam,20.9391,106.3146,33.8,26.0,29.7,6.7,85,12.2,81,94
2026-07-15,495,Nghệ An,Viet Nam,18.6667,105.6667,33.5,26.3,29.7,5.2,71,25.0,45,98
2026-07-15,463,Hậu Giang,Viet Nam,9.7845,105.4735,30.3,24.1,26.5,18.0,90,18.3,51,98
2026-07-15,275,Tuyên Quang,Viet Nam,21.8159,105.2132,33.3,25.1,29.5,18.3,83,16.1,76,95
2026-07-15,110,Thái Nguyên,Viet Nam,21.5939,105.8481,33.5,25.7,29.6,4.8,85,14.8,85,92
2026-07-15,249,Phú Yên,Viet Nam,13.0883,109.3045,37.3,27.7,31.9,1.1,54,29.6,35,93
2026-07-15,255,Long An,Viet Nam,10.5332,105.4053,30.3,24.8,26.9,12.3,87,16.4,61,98
2026-07-15,496,Bạc Liêu,Viet Nam,9.2941,105.7242,30.0,24.2,26.6,10.5,90,14.9,32,97
2026-07-15,729,Phú Quốc,Viet Nam,10.279526,104.003538,28.7,24.4,25.6,18.5,91,11.7,31,99
2026-07-15,669,Hưng Yên,Viet Nam,20.6465,106.0511,33.8,26.4,30.5,10.2,79,26.6,92,97
2026-07-15,813,Đồng Tháp,Viet Nam,10.4552,105.6323,30.5,24.8,26.9,9.0,88,13.4,61,97
2026-07-15,365,Cà Mau,Viet Nam,9.1769,105.1501,30.2,24.8,26.7,12.5,89,16.1,32,98
2026-07-15,123,Quảng Trị,Viet Nam,16.75,107.1833,31.9,26.8,29.3,0.3,69,23.1,25,92
2026-07-15,734,Yên Bái,Viet Nam,21.7051,104.8751,34.7,25.7,30.3,22.6,81,13.8,58,96
2026-07-15,503,Sơn La,Viet Nam,21.3262,103.9149,29.9,22.9,26.0,12.8,90,12.0,23,96
2026-07-15,252,Phú Thọ,Viet Nam,21.3235,105.4011,34.3,27.5,30.9,3.2,80,19.3,94,94
2026-07-15,861,Lạng Sơn,Viet Nam,21.8519,106.7614,30.3,24.4,27.4,3.5,87,11.7,64,92
2026-07-15,454,Thanh Hóa,Viet Nam,19.8075,105.7764,34.7,26.2,30.8,2.4,72,24.3,61,98
2026-07-15,645,Hà Tĩnh,Viet Nam,18.3421,105.9038,33.0,25.5,29.6,10.8,75,24.5,30,94
2026-07-15,620,Cần Thơ,Viet Nam,10.0451,105.7462,30.8,24.4,26.6,12.9,89,13.8,61,99
2026-07-15,193,Bắc Kạn,Viet Nam,22.147,105.8326,33.1,26.0,29.0,4.5,86,9.2,80,95
2026-07-15,201,Trường Sa,Viet Nam,10.66936,115.833324,30.0,29.4,29.7,0.4,78,23.6,24,79
2026-07-15,872,Thái Bình,Viet Nam,20.4463,106.3364,33.8,26.2,30.8,7.6,76,19.5,68,97
2026-07-15,347,Bình Phước,Viet Nam,11.7516,106.8778,30.7,23.5,25.9,10.3,91,13.6,40,98
2026-07-15,951,Bình Dương,Viet Nam,11.0531,106.6661,31.6,23.8,26.7,10.4,87,18.2,60,97
2026-07-15,122,Lâm Đồng,Viet Nam,11.9404,108.4419,23.8,16.7,19.7,3.1,85,21.1,21,96
2026-07-15,707,Bắc Ninh,Viet Nam,21.1861,106.0763,34.2,26.3,29.9,1.5,83,15.7,92,90
2026-07-15,767,Kiên Giang,Viet Nam,10.0122,105.0809,29.1,25.5,26.8,14.0,87,18.8,45,98
2026-07-15,849,Bắc Giang,Viet Nam,21.2731,106.1946,33.8,26.3,29.6,3.3,85,13.2,92,92
2026-07-15,196,Đắk Lắk,Viet Nam,12.6667,108.05,30.5,22.4,25.4,14.5,82,17.7,23,98
2026-07-15,278,Đồng Nai,Viet Nam,10.9575,106.8427,31.0,24.3,26.7,18.6,88,16.0,65,97
2026-07-15,385,Hà Giang,Viet Nam,22.8233,104.9836,33.5,25.2,29.1,14.3,85,6.6,39,95
2026-07-15,416,Ninh Bình,Viet Nam,20.2506,105.9744,34.2,26.2,30.6,7.8,77,21.8,78,98
2026-07-15,288,Hoàng Sa,Viet Nam,16.641233,112.742024,30.0,28.7,29.6,4.0,79,40.7,39,86
2026-07-15,915,Tây Ninh,Viet Nam,11.3125,106.1006,31.5,24.0,26.8,5.1,86,19.8,38,98
2026-07-15,108,Lào Cai,Viet Nam,22.4856,103.9707,34.1,26.7,30.8,10.4,79,8.5,25,95
2026-07-15,226,Kon Tum,Viet Nam,14.35,108.0,28.4,22.6,24.7,9.7,84,20.5,18,90
2026-07-15,960,Lai Châu,Viet Nam,22.3959,103.4621,28.9,21.4,23.9,23.2,90,4.5,24,96
2026-07-15,981,Quảng Bình,Viet Nam,17.4731,106.5962,33.4,26.0,29.5,4.8,74,16.6,29,97
2026-07-15,784,Bình Thuận,Viet Nam,10.9333,108.1,32.6,25.5,28.0,2.7,78,30.3,42,93
2026-07-15,590,Đà Nẵng,Viet Nam,16.0471,108.2068,36.7,29.6,32.0,0.1,57,13.8,51,91
2026-07-15,146,Tiền Giang,Viet Nam,10.3606,106.3636,31.2,24.2,26.7,11.8,91,14.8,61,95
2026-07-16,915,Tây Ninh,Viet Nam,11.3125,106.1006,31.6,24.8,27.3,5.1,85,14.6,39,94
2026-07-16,910,Cao Bằng,Viet Nam,22.6661,106.2635,33.3,25.8,28.3,3.2,84,9.5,38,70
2026-07-16,278,Đồng Nai,Viet Nam,10.9575,106.8427,32.0,25.2,27.5,9.0,84,13.0,71,94
2026-07-16,960,Lai Châu,Viet Nam,22.3959,103.4621,24.0,21.1,22.4,14.9,96,4.7,17,96
2026-07-16,734,Yên Bái,Viet Nam,21.7051,104.8751,31.0,26.1,28.0,8.8,90,5.0,51,92
2026-07-16,833,Bến Tre,Viet Nam,10.2424,106.3752,32.2,25.8,28.0,1.3,84,15.1,66,81
2026-07-16,729,Phú Quốc,Viet Nam,10.279526,104.003538,31.0,24.8,27.0,1.8,85,12.1,33,84
2026-07-16,326,Thừa Thiên Huế,Viet Nam,16.4633,107.5847,35.3,27.0,30.7,0.4,64,11.9,38,89
2026-07-16,255,Long An,Viet Nam,10.5332,105.4053,31.4,25.3,27.9,1.4,81,15.3,68,90
2026-07-16,872,Thái Bình,Viet Nam,20.4463,106.3364,32.9,27.7,30.6,0.2,71,18.7,45,98
2026-07-16,547,Sóc Trăng,Viet Nam,9.6019,105.9731,31.9,25.0,27.2,16.8,86,14.5,70,87
2026-07-16,707,Bắc Ninh,Viet Nam,21.1861,106.0763,32.9,27.8,30.2,1.6,75,16.0,75,93
2026-07-16,110,Thái Nguyên,Viet Nam,21.5939,105.8481,32.0,26.4,29.2,4.5,83,7.6,75,83
2026-07-16,521,TP. Hồ Chí Minh,Viet Nam,10.8231,106.6297,32.6,25.0,28.0,3.4,82,14.5,71,89
2026-07-16,813,Đồng Tháp,Viet Nam,10.4552,105.6323,32.1,25.5,28.0,0.7,80,15.8,68,90
2026-07-16,347,Bình Phước,Viet Nam,11.7516,106.8778,30.3,23.7,25.7,3.7,90,10.6,38,96
2026-07-16,208,Ninh Thuận,Viet Nam,11.5647,108.9892,38.5,27.7,32.0,0.2,56,21.5,25,82
2026-07-16,684,Khánh Hòa,Viet Nam,12.2467,109.1833,35.2,26.7,30.8,0.3,65,18.9,40,83
2026-07-16,237,Hải Phòng,Viet Nam,20.8449,106.6881,33.0,28.2,30.4,1.1,77,16.2,51,95
2026-07-16,590,Đà Nẵng,Viet Nam,16.0471,108.2068,37.9,29.6,32.7,1.3,52,16.3,39,79
2026-07-16,456,Vĩnh Phúc,Viet Nam,21.3089,105.6047,32.6,27.6,29.7,2.0,77,11.6,72,94
2026-07-16,168,An Giang,Viet Nam,10.5185,105.1152,31.3,25.2,27.9,0.7,80,14.1,59,95
2026-07-16,463,Hậu Giang,Viet Nam,9.7845,105.4735,32.1,25.2,27.8,2.0,83,14.3,67,78
2026-07-16,811,Điện Biên,Viet Nam,21.3833,103.0167,26.0,23.4,24.6,23.8,95,9.6,20,100
2026-07-16,226,Kon Tum,Viet Nam,14.35,108.0,27.7,22.7,24.5,8.3,86,18.2,17,94
2026-07-16,123,Quảng Trị,Viet Nam,16.75,107.1833,32.7,27.9,29.8,0.0,66,26.4,26,91
2026-07-16,797,Gia Lai,Viet Nam,13.9833,108.0,25.4,20.5,21.9,10.9,94,22.3,19,99
2026-07-16,454,Thanh Hóa,Viet Nam,19.8075,105.7764,33.7,25.8,30.1,8.4,74,19.5,35,97
2026-07-16,951,Bình Dương,Viet Nam,11.0531,106.6661,32.4,24.9,27.3,13.8,85,16.9,62,93
2026-07-16,196,Đắk Lắk,Viet Nam,12.6667,108.05,28.8,22.2,25.0,3.6,84,16.8,20,94
2026-07-16,981,Quảng Bình,Viet Nam,17.4731,106.5962,33.3,26.8,29.5,2.1,71,15.3,26,91
2026-07-16,193,Bắc Kạn,Viet Nam,22.147,105.8326,31.8,25.5,28.0,2.6,89,13.7,63,75
2026-07-16,669,Hưng Yên,Viet Nam,20.6465,106.0511,32.5,28.1,30.1,0.6,76,19.4,67,98
2026-07-16,920,Vĩnh Long,Viet Nam,10.2536,105.9723,31.9,25.4,28.0,1.5,84,15.9,67,82
2026-07-16,416,Ninh Bình,Viet Nam,20.2506,105.9744,33.2,27.6,30.2,2.6,75,17.6,47,98
2026-07-16,327,Bà Rịa – Vũng Tàu,Viet Nam,10.4114,107.1362,30.8,26.1,27.9,6.5,82,16.3,50,90
2026-07-16,160,Nam Định,Viet Nam,20.4231,106.1681,33.0,27.7,30.5,0.4,72,17.8,47,98
2026-07-16,767,Kiên Giang,Viet Nam,10.0122,105.0809,30.3,25.0,27.9,0.0,81,14.9,63,88
2026-07-16,132,Đắk Nông,Viet Nam,12.0,107.7,26.3,21.1,23.0,4.4,88,13.1,22,94
2026-07-16,511,Hòa Bình,Viet Nam,20.8171,105.3375,32.9,27.8,30.3,0.0,74,12.1,26,99
2026-07-16,701,Hà Nội,Viet Nam,21.0285,105.8542,33.1,28.2,30.4,0.7,74,11.4,75,96
2026-07-16,133,Bình Định,Viet Nam,13.782,109.2194,34.2,27.9,30.3,0.2,60,23.5,23,92
2026-07-16,696,Hà Nam,Viet Nam,20.5463,105.9142,32.2,26.9,29.8,1.8,76,17.6,47,98
2026-07-16,495,Nghệ An,Viet Nam,18.6667,105.6667,34.9,27.1,31.3,0.0,62,20.9,29,93
2026-07-16,249,Phú Yên,Viet Nam,13.0883,109.3045,36.1,27.9,31.3,0.0,54,30.3,22,90
2026-07-16,215,Hải Dương,Viet Nam,20.9391,106.3146,32.3,27.9,30.1,1.3,77,15.1,64,96
2026-07-16,496,Bạc Liêu,Viet Nam,9.2941,105.7242,31.9,25.3,27.8,5.3,84,16.3,38,83
2026-07-16,365,Cà Mau,Viet Nam,9.1769,105.1501,32.1,25.6,28.1,2.2,83,14.6,37,82
2026-07-16,861,Lạng Sơn,Viet Nam,21.8519,106.7614,30.7,24.6,26.8,8.9,87,14.5,54,77
2026-07-16,503,Sơn La,Viet Nam,21.3262,103.9149,25.2,22.7,23.9,23.2,98,6.6,20,100
2026-07-16,252,Phú Thọ,Viet Nam,21.3235,105.4011,33.4,28.0,30.2,2.3,78,11.7,72,92
2026-07-16,201,Trường Sa,Viet Nam,10.66936,115.833324,29.9,29.0,29.5,0.4,75,24.7,22,75
2026-07-16,620,Cần Thơ,Viet Nam,10.0451,105.7462,32.0,25.5,27.9,0.9,82,15.0,71,79
2026-07-16,122,Lâm Đồng,Viet Nam,11.9404,108.4419,21.7,16.5,18.8,0.5,86,24.4,17,90
2026-07-16,146,Tiền Giang,Viet Nam,10.3606,106.3636,31.8,25.4,27.9,0.5,85,16.6,66,85
2026-07-16,288,Hoàng Sa,Viet Nam,16.641233,112.742024,30.2,28.8,29.7,1.6,79,36.1,34,73
2026-07-16,587,Trà Vinh,Viet Nam,9.9342,106.3339,31.6,25.3,27.3,4.3,86,14.4,69,83
2026-07-16,385,Hà Giang,Viet Nam,22.8233,104.9836,30.8,25.2,27.3,3.6,88,8.1,26,80
2026-07-16,849,Bắc Giang,Viet Nam,21.2731,106.1946,32.9,27.9,30.0,1.7,79,14.2,75,92
2026-07-16,645,Hà Tĩnh,Viet Nam,18.3421,105.9038,33.9,27.2,30.3,2.2,69,21.6,27,86
2026-07-16,108,Lào Cai,Viet Nam,22.4856,103.9707,29.7,26.6,27.7,14.8,88,7.8,18,77
2026-07-16,784,Bình Thuận,Viet Nam,10.9333,108.1,32.1,25.3,27.9,0.4,76,21.4,46,95
2026-07-16,275,Tuyên Quang,Viet Nam,21.8159,105.2132,30.7,25.9,27.8,7.6,88,5.8,65,85
2026-07-17,645,Hà Tĩnh,Viet Nam,18.3421,105.9038,33.0,27.0,29.8,0.0,68,23.6,30,91
2026-07-17,326,Thừa Thiên Huế,Viet Nam,16.4633,107.5847,36.6,27.3,31.5,0.4,61,14.3,41,78
2026-07-17,767,Kiên Giang,Viet Nam,10.0122,105.0809,30.7,25.4,28.2,6.1,80,17.1,65,79
2026-07-17,275,Tuyên Quang,Viet Nam,21.8159,105.2132,32.4,26.4,29.2,2.0,80,8.1,60,54
2026-07-17,696,Hà Nam,Viet Nam,20.5463,105.9142,33.5,27.3,30.1,1.7,73,12.9,51,89
2026-07-17,701,Hà Nội,Viet Nam,21.0285,105.8542,32.5,27.5,30.3,0.2,75,13.3,65,87
2026-07-17,920,Vĩnh Long,Viet Nam,10.2536,105.9723,32.2,25.5,28.4,0.1,78,16.3,70,77
2026-07-17,454,Thanh Hóa,Viet Nam,19.8075,105.7764,34.7,27.8,30.9,0.4,66,19.6,33,59
2026-07-17,456,Vĩnh Phúc,Viet Nam,21.3089,105.6047,31.5,27.4,29.1,3.7,78,16.3,51,82
2026-07-17,110,Thái Nguyên,Viet Nam,21.5939,105.8481,33.2,27.1,30.2,0.6,77,10.6,68,66
2026-07-17,872,Thái Bình,Viet Nam,20.4463,106.3364,34.4,27.9,30.8,0.5,70,15.8,46,74
2026-07-17,734,Yên Bái,Viet Nam,21.7051,104.8751,33.1,26.4,29.6,5.2,81,8.7,40,67
2026-07-17,915,Tây Ninh,Viet Nam,11.3125,106.1006,32.7,25.6,28.3,0.6,78,18.9,53,83
2026-07-17,288,Hoàng Sa,Viet Nam,16.641233,112.742024,30.2,29.3,29.7,0.0,80,31.9,43,69
2026-07-17,503,Sơn La,Viet Nam,21.3262,103.9149,26.0,23.0,24.0,21.3,94,9.4,20,92
2026-07-17,201,Trường Sa,Viet Nam,10.66936,115.833324,30.5,27.8,29.8,1.8,70,23.6,23,59
2026-07-17,385,Hà Giang,Viet Nam,22.8233,104.9836,31.0,25.4,28.2,8.8,85,5.2,27,75
2026-07-17,729,Phú Quốc,Viet Nam,10.279526,104.003538,30.6,25.0,27.3,2.8,83,13.4,33,89
2026-07-17,547,Sóc Trăng,Viet Nam,9.6019,105.9731,31.7,25.2,27.8,2.4,83,12.3,72,81
2026-07-17,168,An Giang,Viet Nam,10.5185,105.1152,33.1,25.7,28.7,0.8,76,19.2,60,75
2026-07-17,123,Quảng Trị,Viet Nam,16.75,107.1833,33.6,27.2,30.0,0.0,66,26.7,28,82
2026-07-17,981,Quảng Bình,Viet Nam,17.4731,106.5962,32.7,27.7,29.6,0.0,71,16.0,31,95
2026-07-17,327,Bà Rịa – Vũng Tàu,Viet Nam,10.4114,107.1362,30.9,27.1,28.8,1.5,76,16.6,62,95
2026-07-17,249,Phú Yên,Viet Nam,13.0883,109.3045,35.5,28.2,31.3,0.1,54,26.2,23,55
2026-07-17,849,Bắc Giang,Viet Nam,21.2731,106.1946,32.9,27.5,30.2,0.4,74,19.1,65,82
2026-07-17,797,Gia Lai,Viet Nam,13.9833,108.0,26.1,20.9,22.6,3.4,91,22.5,17,76
2026-07-17,669,Hưng Yên,Viet Nam,20.6465,106.0511,33.3,27.5,30.2,3.7,75,12.9,63,92
2026-07-17,193,Bắc Kạn,Viet Nam,22.147,105.8326,32.6,26.2,29.0,1.8,86,10.9,65,58
2026-07-17,252,Phú Thọ,Viet Nam,21.3235,105.4011,32.5,27.1,29.8,9.0,76,17.2,51,78
2026-07-17,132,Đắk Nông,Viet Nam,12.0,107.7,26.5,20.4,22.8,3.0,90,14.9,20,92
2026-07-17,215,Hải Dương,Viet Nam,20.9391,106.3146,33.2,27.2,29.7,1.7,79,14.3,62,93
2026-07-17,496,Bạc Liêu,Viet Nam,9.2941,105.7242,32.2,25.9,28.3,1.4,80,12.5,54,83
2026-07-17,208,Ninh Thuận,Viet Nam,11.5647,108.9892,39.1,27.9,32.6,0.0,54,18.3,25,60
2026-07-17,707,Bắc Ninh,Viet Nam,21.1861,106.0763,32.9,27.4,30.2,0.6,73,19.8,65,83
2026-07-17,416,Ninh Bình,Viet Nam,20.2506,105.9744,34.0,27.7,30.7,1.6,70,15.5,51,73
2026-07-17,833,Bến Tre,Viet Nam,10.2424,106.3752,32.2,25.8,28.2,1.3,80,14.6,70,91
2026-07-17,495,Nghệ An,Viet Nam,18.6667,105.6667,34.7,29.3,31.4,0.0,57,24.4,31,76
2026-07-17,133,Bình Định,Viet Nam,13.782,109.2194,35.5,28.1,31.1,0.0,57,25.1,23,51
2026-07-17,160,Nam Định,Viet Nam,20.4231,106.1681,34.3,27.9,30.8,1.0,70,15.0,51,76
2026-07-17,951,Bình Dương,Viet Nam,11.0531,106.6661,31.5,25.2,27.7,1.0,82,19.1,62,90
2026-07-17,813,Đồng Tháp,Viet Nam,10.4552,105.6323,32.3,25.8,28.4,1.0,79,17.2,69,69
2026-07-17,237,Hải Phòng,Viet Nam,20.8449,106.6881,33.2,27.7,30.0,6.8,77,12.6,49,94
2026-07-17,347,Bình Phước,Viet Nam,11.7516,106.8778,30.0,23.0,26.2,3.3,87,12.8,35,82
2026-07-17,255,Long An,Viet Nam,10.5332,105.4053,32.5,25.8,28.4,1.0,78,16.4,69,69
2026-07-17,784,Bình Thuận,Viet Nam,10.9333,108.1,31.9,25.6,28.6,0.0,74,21.6,48,68
2026-07-17,811,Điện Biên,Viet Nam,21.3833,103.0167,25.9,23.0,24.2,13.6,96,10.6,22,99
2026-07-17,108,Lào Cai,Viet Nam,22.4856,103.9707,31.9,27.5,29.2,4.4,82,5.7,20,78
2026-07-17,365,Cà Mau,Viet Nam,9.1769,105.1501,32.0,25.8,28.5,0.0,78,14.3,55,86
2026-07-17,861,Lạng Sơn,Viet Nam,21.8519,106.7614,32.1,25.2,28.2,0.9,78,18.1,53,55
2026-07-17,620,Cần Thơ,Viet Nam,10.0451,105.7462,32.3,25.3,28.3,0.0,78,14.8,71,75
2026-07-17,122,Lâm Đồng,Viet Nam,11.9404,108.4419,23.8,17.0,19.5,0.4,84,17.3,18,84
2026-07-17,684,Khánh Hòa,Viet Nam,12.2467,109.1833,35.3,27.0,30.9,0.0,62,17.9,49,51
2026-07-17,910,Cao Bằng,Viet Nam,22.6661,106.2635,33.6,25.8,28.6,5.9,87,11.4,45,60
2026-07-17,278,Đồng Nai,Viet Nam,10.9575,106.8427,31.6,25.4,28.0,3.7,82,17.5,80,89
2026-07-17,960,Lai Châu,Viet Nam,22.3959,103.4621,25.2,21.5,23.0,13.5,92,6.1,18,97
2026-07-17,590,Đà Nẵng,Viet Nam,16.0471,108.2068,39.3,28.7,32.6,3.9,55,13.1,48,61
2026-07-17,463,Hậu Giang,Viet Nam,9.7845,105.4735,32.1,24.9,28.3,0.2,78,14.6,69,87
2026-07-17,226,Kon Tum,Viet Nam,14.35,108.0,29.0,21.5,24.8,4.9,83,17.5,17,65
2026-07-17,196,Đắk Lắk,Viet Nam,12.6667,108.05,28.2,22.2,24.7,4.7,85,14.1,19,71
2026-07-17,511,Hòa Bình,Viet Nam,20.8171,105.3375,30.9,27.0,28.8,6.8,82,11.1,25,89
2026-07-17,521,TP. Hồ Chí Minh,Viet Nam,10.8231,106.6297,32.8,25.7,28.5,1.5,78,14.8,80,90
2026-07-17,146,Tiền Giang,Viet Nam,10.3606,106.3636,32.1,25.8,28.2,0.7,80,15.7,70,86
2026-07-17,587,Trà Vinh,Viet Nam,9.9342,106.3339,31.8,25.2,27.8,0.3,83,13.8,73,90
2026-07-18,208,Ninh Thuận,Viet Nam,11.5647,108.9892,37.2,27.2,31.3,1.6,61,32.1,32,7
2026-07-18,193,Bắc Kạn,Viet Nam,22.147,105.8326,32.5,25.9,28.5,8.1,89,8.3,67,96
2026-07-18,347,Bình Phước,Viet Nam,11.7516,106.8778,31.2,24.3,26.9,4.1,87,12.0,57,59
2026-07-18,701,Hà Nội,Viet Nam,21.0285,105.8542,34.5,26.8,30.4,1.8,77,11.0,71,92
2026-07-18,960,Lai Châu,Viet Nam,22.3959,103.4621,26.0,21.8,23.2,12.4,91,5.3,20,99
2026-07-18,797,Gia Lai,Viet Nam,13.9833,108.0,26.2,20.9,23.2,4.7,90,22.1,28,84
2026-07-18,123,Quảng Trị,Viet Nam,16.75,107.1833,34.2,26.3,30.3,0.0,66,26.2,32,42
2026-07-18,456,Vĩnh Phúc,Viet Nam,21.3089,105.6047,34.0,26.4,30.2,0.5,76,12.1,56,83
2026-07-18,160,Nam Định,Viet Nam,20.4231,106.1681,34.5,28.2,31.1,0.8,72,14.9,61,79
2026-07-18,915,Tây Ninh,Viet Nam,11.3125,106.1006,32.7,25.4,28.3,2.7,80,16.9,60,60
2026-07-18,696,Hà Nam,Viet Nam,20.5463,105.9142,34.6,27.1,30.3,0.4,75,12.6,61,85
2026-07-18,327,Bà Rịa – Vũng Tàu,Viet Nam,10.4114,107.1362,31.3,26.7,28.5,3.4,79,17.7,61,54
2026-07-18,981,Quảng Bình,Viet Nam,17.4731,106.5962,34.4,27.5,30.6,0.0,65,19.3,35,62
2026-07-18,288,Hoàng Sa,Viet Nam,16.641233,112.742024,29.9,29.2,29.6,0.0,82,34.0,46,60
2026-07-18,168,An Giang,Viet Nam,10.5185,105.1152,31.6,26.3,28.7,2.9,78,19.5,56,62
2026-07-18,132,Đắk Nông,Viet Nam,12.0,107.7,28.3,20.7,23.6,2.9,88,17.6,29,59
2026-07-18,326,Thừa Thiên Huế,Viet Nam,16.4633,107.5847,37.3,26.5,31.6,0.4,58,11.2,50,39
2026-07-18,416,Ninh Bình,Viet Nam,20.2506,105.9744,34.9,28.7,31.1,0.5,70,14.2,61,80
2026-07-18,813,Đồng Tháp,Viet Nam,10.4552,105.6323,31.8,25.9,28.3,4.2,82,19.3,67,66
2026-07-18,215,Hải Dương,Viet Nam,20.9391,106.3146,34.3,27.6,30.6,0.5,77,10.4,67,89
2026-07-18,275,Tuyên Quang,Viet Nam,21.8159,105.2132,32.7,24.8,28.9,6.8,85,9.4,52,95
2026-07-18,951,Bình Dương,Viet Nam,11.0531,106.6661,32.1,24.8,27.6,2.2,84,18.8,68,65
2026-07-18,511,Hòa Bình,Viet Nam,20.8171,105.3375,34.6,27.4,30.9,0.8,72,11.1,27,89
2026-07-18,122,Lâm Đồng,Viet Nam,11.9404,108.4419,24.6,15.8,19.6,0.4,84,18.5,23,59
2026-07-18,620,Cần Thơ,Viet Nam,10.0451,105.7462,32.0,25.7,28.2,1.4,81,19.3,67,66
2026-07-18,684,Khánh Hòa,Viet Nam,12.2467,109.1833,35.4,26.6,31.0,1.0,67,16.0,60,7
2026-07-18,463,Hậu Giang,Viet Nam,9.7845,105.4735,32.5,25.5,28.3,1.4,80,19.6,64,64
2026-07-18,385,Hà Giang,Viet Nam,22.8233,104.9836,31.5,25.9,28.2,14.4,86,6.2,29,98
2026-07-18,861,Lạng Sơn,Viet Nam,21.8519,106.7614,32.2,24.8,28.1,6.6,81,11.8,64,93
2026-07-18,811,Điện Biên,Viet Nam,21.3833,103.0167,27.6,22.9,24.3,7.9,91,13.2,22,99
2026-07-18,669,Hưng Yên,Viet Nam,20.6465,106.0511,34.4,28.1,30.7,0.6,76,12.4,69,83
2026-07-18,872,Thái Bình,Viet Nam,20.4463,106.3364,34.6,28.2,31.1,0.5,72,15.4,58,77
2026-07-18,226,Kon Tum,Viet Nam,14.35,108.0,29.1,22.5,25.3,3.5,82,17.9,26,69
2026-07-18,767,Kiên Giang,Viet Nam,10.0122,105.0809,30.6,27.2,28.6,2.0,78,24.7,56,60
2026-07-18,365,Cà Mau,Viet Nam,9.1769,105.1501,31.4,25.9,28.4,0.6,80,19.8,43,74
2026-07-18,146,Tiền Giang,Viet Nam,10.3606,106.3636,32.0,25.4,27.6,8.0,86,16.1,69,78
2026-07-18,454,Thanh Hóa,Viet Nam,19.8075,105.7764,35.3,27.6,31.1,0.8,67,16.0,41,70
2026-07-18,503,Sơn La,Viet Nam,21.3262,103.9149,28.3,23.4,25.3,2.5,82,11.7,22,99
2026-07-18,201,Trường Sa,Viet Nam,10.66936,115.833324,30.6,27.8,29.6,3.5,72,23.8,21,73
2026-07-18,521,TP. Hồ Chí Minh,Viet Nam,10.8231,106.6297,32.8,25.1,28.0,5.8,84,12.5,78,64
2026-07-18,278,Đồng Nai,Viet Nam,10.9575,106.8427,32.1,25.4,27.9,3.0,83,14.2,78,64
2026-07-18,249,Phú Yên,Viet Nam,13.0883,109.3045,38.1,28.1,32.5,0.3,51,26.6,39,9
2026-07-18,196,Đắk Lắk,Viet Nam,12.6667,108.05,30.1,22.1,25.3,1.5,83,15.0,27,23
2026-07-18,734,Yên Bái,Viet Nam,21.7051,104.8751,33.9,25.9,29.5,10.8,83,5.4,32,95
2026-07-18,833,Bến Tre,Viet Nam,10.2424,106.3752,32.0,25.4,27.6,5.2,86,15.8,69,87
2026-07-18,707,Bắc Ninh,Viet Nam,21.1861,106.0763,34.6,27.1,30.7,1.6,76,9.6,71,93
2026-07-18,108,Lào Cai,Viet Nam,22.4856,103.9707,32.0,26.2,29.0,25.6,85,4.9,23,97
2026-07-18,849,Bắc Giang,Viet Nam,21.2731,106.1946,34.4,27.0,30.6,1.1,78,9.4,71,93
2026-07-18,920,Vĩnh Long,Viet Nam,10.2536,105.9723,32.0,25.5,28.1,2.7,83,18.3,69,61
2026-07-18,910,Cao Bằng,Viet Nam,22.6661,106.2635,32.7,24.7,27.8,18.2,91,7.0,42,98
2026-07-18,496,Bạc Liêu,Viet Nam,9.2941,105.7242,32.1,26.1,28.5,1.9,81,17.5,40,78
2026-07-18,784,Bình Thuận,Viet Nam,10.9333,108.1,33.1,25.9,28.4,2.7,78,23.8,58,24
2026-07-18,590,Đà Nẵng,Viet Nam,16.0471,108.2068,39.1,28.4,32.9,1.0,54,19.1,55,40
2026-07-18,133,Bình Định,Viet Nam,13.782,109.2194,37.2,28.3,32.2,1.6,55,22.7,40,35
2026-07-18,645,Hà Tĩnh,Viet Nam,18.3421,105.9038,35.2,27.5,31.1,0.0,63,13.3,39,59
2026-07-18,110,Thái Nguyên,Viet Nam,21.5939,105.8481,33.2,25.4,29.8,3.9,83,10.7,76,87
2026-07-18,237,Hải Phòng,Viet Nam,20.8449,106.6881,35.0,27.9,30.9,1.8,77,12.3,60,84
2026-07-18,547,Sóc Trăng,Viet Nam,9.6019,105.9731,31.5,25.7,28.0,1.8,84,17.1,67,87
2026-07-18,587,Trà Vinh,Viet Nam,9.9342,106.3339,31.6,25.4,27.6,5.1,87,16.6,69,77
2026-07-18,252,Phú Thọ,Viet Nam,21.3235,105.4011,34.4,26.3,30.7,7.6,77,14.5,56,86
2026-07-18,495,Nghệ An,Viet Nam,18.6667,105.6667,36.3,29.8,32.5,0.0,52,22.8,39,60
2026-07-18,729,Phú Quốc,Viet Nam,10.279526,104.003538,29.3,24.9,26.8,5.8,86,15.9,25,74
2026-07-18,255,Long An,Viet Nam,10.5332,105.4053,31.1,26.0,28.4,4.1,81,21.0,67,67
2026-07-19,226,Kon Tum,Viet Nam,14.35,108.0,29.2,21.0,25.1,1.6,81,16.2,31,52
2026-07-19,872,Thái Bình,Viet Nam,20.4463,106.3364,33.7,27.1,30.0,0.4,75,11.5,68,100
2026-07-19,249,Phú Yên,Viet Nam,13.0883,109.3045,38.4,28.2,32.9,0.0,48,26.1,45,26
2026-07-19,110,Thái Nguyên,Viet Nam,21.5939,105.8481,31.2,26.0,28.0,18.8,90,11.0,69,100
2026-07-19,456,Vĩnh Phúc,Viet Nam,21.3089,105.6047,30.7,26.0,27.8,8.7,87,13.7,73,100
2026-07-19,590,Đà Nẵng,Viet Nam,16.0471,108.2068,39.6,28.3,32.6,1.3,56,17.9,63,74
2026-07-19,511,Hòa Bình,Viet Nam,20.8171,105.3375,33.3,27.2,29.2,2.8,84,8.8,37,100
2026-07-19,701,Hà Nội,Viet Nam,21.0285,105.8542,31.3,26.7,28.6,1.5,85,12.2,82,100
2026-07-19,920,Vĩnh Long,Viet Nam,10.2536,105.9723,32.1,25.4,28.5,0.7,79,17.2,64,13
2026-07-19,132,Đắk Nông,Viet Nam,12.0,107.7,29.1,21.6,24.8,0.6,82,13.9,30,38
2026-07-19,196,Đắk Lắk,Viet Nam,12.6667,108.05,31.2,22.8,26.3,0.1,76,14.7,31,19
2026-07-19,454,Thanh Hóa,Viet Nam,19.8075,105.7764,34.8,27.2,29.9,7.8,81,9.5,61,100
2026-07-19,463,Hậu Giang,Viet Nam,9.7845,105.4735,32.4,25.2,28.4,0.2,78,16.8,52,8
2026-07-19,133,Bình Định,Viet Nam,13.782,109.2194,38.4,27.9,32.7,0.0,52,21.0,44,36
2026-07-19,252,Phú Thọ,Viet Nam,21.3235,105.4011,31.1,26.8,28.2,12.2,88,14.3,73,99
2026-07-19,521,TP. Hồ Chí Minh,Viet Nam,10.8231,106.6297,33.0,25.3,28.7,1.0,80,12.6,76,26
2026-07-19,208,Ninh Thuận,Viet Nam,11.5647,108.9892,38.4,27.3,31.7,2.0,61,31.0,31,8
2026-07-19,416,Ninh Bình,Viet Nam,20.2506,105.9744,34.1,27.5,30.4,0.4,73,14.9,69,100
2026-07-19,160,Nam Định,Viet Nam,20.4231,106.1681,33.6,26.8,29.8,1.0,77,11.1,69,100
2026-07-19,275,Tuyên Quang,Viet Nam,21.8159,105.2132,28.2,25.9,26.9,11.3,94,9.0,30,100
2026-07-19,327,Bà Rịa – Vũng Tàu,Viet Nam,10.4114,107.1362,31.7,27.0,29.1,1.1,77,17.8,46,21
2026-07-19,981,Quảng Bình,Viet Nam,17.4731,106.5962,34.6,27.4,30.7,0.0,63,20.5,40,97
2026-07-19,951,Bình Dương,Viet Nam,11.0531,106.6661,32.3,25.0,28.4,1.1,81,14.9,68,25
2026-07-19,813,Đồng Tháp,Viet Nam,10.4552,105.6323,31.6,25.6,28.4,1.4,81,17.5,60,20
2026-07-19,168,An Giang,Viet Nam,10.5185,105.1152,32.4,25.3,28.9,1.8,76,18.0,36,42
2026-07-19,326,Thừa Thiên Huế,Viet Nam,16.4633,107.5847,39.0,26.7,32.7,0.0,52,12.6,61,80
2026-07-19,797,Gia Lai,Viet Nam,13.9833,108.0,26.9,20.8,23.5,2.3,86,19.3,30,55
2026-07-19,123,Quảng Trị,Viet Nam,16.75,107.1833,34.7,26.0,30.4,0.0,65,25.3,36,86
2026-07-19,669,Hưng Yên,Viet Nam,20.6465,106.0511,32.2,26.8,29.3,3.7,81,9.9,89,99
2026-07-19,347,Bình Phước,Viet Nam,11.7516,106.8778,31.5,24.5,27.7,0.9,81,10.7,54,34
2026-07-19,255,Long An,Viet Nam,10.5332,105.4053,31.7,25.6,28.6,1.5,79,17.2,60,25
2026-07-19,729,Phú Quốc,Viet Nam,10.279526,104.003538,29.9,24.6,27.0,4.5,85,16.0,24,23
2026-07-19,547,Sóc Trăng,Viet Nam,9.6019,105.9731,32.0,25.3,28.3,0.6,79,15.4,61,21
2026-07-19,237,Hải Phòng,Viet Nam,20.8449,106.6881,32.4,26.9,29.4,1.9,80,13.0,68,100
2026-07-19,645,Hà Tĩnh,Viet Nam,18.3421,105.9038,35.2,28.0,31.3,0.2,63,13.1,51,97
2026-07-19,784,Bình Thuận,Viet Nam,10.9333,108.1,33.1,26.0,28.9,2.9,76,24.0,47,16
2026-07-19,496,Bạc Liêu,Viet Nam,9.2941,105.7242,32.2,25.9,28.6,0.4,78,15.8,30,18
2026-07-19,849,Bắc Giang,Viet Nam,21.2731,106.1946,31.2,26.6,28.5,6.4,88,8.8,82,100
2026-07-19,108,Lào Cai,Viet Nam,22.4856,103.9707,28.8,25.8,27.1,80.8,92,4.0,23,100
2026-07-19,146,Tiền Giang,Viet Nam,10.3606,106.3636,32.2,25.4,28.6,1.1,79,16.7,65,17
2026-07-19,684,Khánh Hòa,Viet Nam,12.2467,109.1833,34.9,26.6,31.4,0.5,63,21.4,57,9
2026-07-19,201,Trường Sa,Viet Nam,10.66936,115.833324,30.5,29.2,29.9,0.5,71,24.7,22,44
2026-07-19,215,Hải Dương,Viet Nam,20.9391,106.3146,31.4,26.5,28.7,2.0,84,11.2,83,99
2026-07-19,503,Sơn La,Viet Nam,21.3262,103.9149,27.1,22.4,24.5,15.3,91,10.0,25,100
2026-07-19,365,Cà Mau,Viet Nam,9.1769,105.1501,31.9,25.9,28.6,0.4,77,17.6,29,11
2026-07-19,833,Bến Tre,Viet Nam,10.2424,106.3752,32.3,25.4,28.6,0.5,78,15.8,65,14
2026-07-19,767,Kiên Giang,Viet Nam,10.0122,105.0809,30.5,27.0,28.7,0.1,78,20.5,36,16
2026-07-19,861,Lạng Sơn,Viet Nam,21.8519,106.7614,30.5,23.7,26.1,6.7,91,10.1,49,100
2026-07-19,587,Trà Vinh,Viet Nam,9.9342,106.3339,32.0,25.1,28.3,1.0,78,16.2,64,14
2026-07-19,385,Hà Giang,Viet Nam,22.8233,104.9836,27.9,25.7,26.8,17.9,95,3.1,26,99
2026-07-19,193,Bắc Kạn,Viet Nam,22.147,105.8326,31.0,25.4,27.1,8.8,93,6.4,31,99
2026-07-19,620,Cần Thơ,Viet Nam,10.0451,105.7462,32.1,25.4,28.4,0.3,79,16.9,59,11
2026-07-19,707,Bắc Ninh,Viet Nam,21.1861,106.0763,31.4,26.0,28.5,3.1,86,10.7,82,100
2026-07-19,122,Lâm Đồng,Viet Nam,11.9404,108.4419,24.1,16.0,19.6,0.2,83,17.5,25,45
2026-07-19,811,Điện Biên,Viet Nam,21.3833,103.0167,27.5,22.9,24.9,12.2,89,9.7,25,100
2026-07-19,288,Hoàng Sa,Viet Nam,16.641233,112.742024,29.9,29.0,29.5,0.0,84,29.8,50,74
2026-07-19,915,Tây Ninh,Viet Nam,11.3125,106.1006,32.9,25.2,29.0,0.8,76,12.5,55,18
2026-07-19,495,Nghệ An,Viet Nam,18.6667,105.6667,36.9,30.2,33.2,0.0,49,22.0,61,100
2026-07-19,696,Hà Nam,Viet Nam,20.5463,105.9142,32.3,25.7,28.6,5.8,83,8.8,69,100
2026-07-19,910,Cao Bằng,Viet Nam,22.6661,106.2635,28.0,25.7,26.8,15.7,95,7.0,28,100
2026-07-19,278,Đồng Nai,Viet Nam,10.9575,106.8427,32.3,25.9,28.6,0.8,81,13.2,76,22
2026-07-19,734,Yên Bái,Viet Nam,21.7051,104.8751,29.6,26.2,27.6,5.6,92,6.7,29,99
2026-07-19,960,Lai Châu,Viet Nam,22.3959,103.4621,23.4,21.8,22.4,26.6,97,3.7,22,99
2026-07-20,463,Hậu Giang,Viet Nam,9.7845,105.4735,32.1,24.9,28.3,0.3,78,17.9,39,46
2026-07-20,275,Tuyên Quang,Viet Nam,21.8159,105.2132,32.9,25.4,28.6,1.1,77,11.3,44,89
2026-07-20,587,Trà Vinh,Viet Nam,9.9342,106.3339,32.2,24.7,28.2,0.8,78,16.1,61,42
2026-07-20,456,Vĩnh Phúc,Viet Nam,21.3089,105.6047,32.0,26.2,29.0,0.4,75,12.5,72,96
2026-07-20,767,Kiên Giang,Viet Nam,10.0122,105.0809,30.6,27.2,28.8,0.2,75,21.5,32,49
2026-07-20,521,TP. Hồ Chí Minh,Viet Nam,10.8231,106.6297,34.1,24.8,29.1,0.0,72,12.2,65,35
2026-07-20,133,Bình Định,Viet Nam,13.782,109.2194,38.4,27.6,32.6,0.6,50,23.4,52,19
2026-07-20,122,Lâm Đồng,Viet Nam,11.9404,108.4419,25.1,13.8,19.3,0.0,81,18.4,30,44
2026-07-20,193,Bắc Kạn,Viet Nam,22.147,105.8326,31.9,25.6,27.9,3.6,90,6.5,39,96
2026-07-20,385,Hà Giang,Viet Nam,22.8233,104.9836,33.4,25.1,29.2,1.3,78,8.6,41,84
2026-07-20,110,Thái Nguyên,Viet Nam,21.5939,105.8481,32.5,25.5,28.7,1.8,78,12.8,64,97
2026-07-20,669,Hưng Yên,Viet Nam,20.6465,106.0511,31.3,27.5,29.2,3.9,80,9.6,84,99
2026-07-20,511,Hòa Bình,Viet Nam,20.8171,105.3375,31.3,27.5,28.7,4.2,90,7.9,29,98
2026-07-20,915,Tây Ninh,Viet Nam,11.3125,106.1006,33.5,25.2,29.2,0.0,71,12.6,39,44
2026-07-20,326,Thừa Thiên Huế,Viet Nam,16.4633,107.5847,38.9,26.8,32.4,1.8,52,16.9,59,95
2026-07-20,252,Phú Thọ,Viet Nam,21.3235,105.4011,33.3,26.9,29.8,0.8,77,11.6,72,95
2026-07-20,196,Đắk Lắk,Viet Nam,12.6667,108.05,31.1,22.5,26.4,0.4,74,12.9,32,24
2026-07-20,620,Cần Thơ,Viet Nam,10.0451,105.7462,32.2,25.0,28.3,0.3,78,16.8,49,47
2026-07-20,784,Bình Thuận,Viet Nam,10.9333,108.1,34.1,25.6,29.7,0.9,70,22.3,46,15
2026-07-20,201,Trường Sa,Viet Nam,10.66936,115.833324,30.3,29.0,29.7,0.9,75,22.3,22,72
2026-07-20,920,Vĩnh Long,Viet Nam,10.2536,105.9723,32.6,24.7,28.5,0.2,77,17.2,59,44
2026-07-20,249,Phú Yên,Viet Nam,13.0883,109.3045,39.1,28.2,33.2,0.0,46,24.0,57,17
2026-07-20,684,Khánh Hòa,Viet Nam,12.2467,109.1833,35.0,26.4,31.3,0.0,63,19.0,56,10
2026-07-20,951,Bình Dương,Viet Nam,11.0531,106.6661,33.1,24.5,28.6,0.2,74,14.1,61,39
2026-07-20,849,Bắc Giang,Viet Nam,21.2731,106.1946,32.1,25.2,28.8,6.9,83,11.7,88,97
2026-07-20,729,Phú Quốc,Viet Nam,10.279526,104.003538,30.8,24.5,27.6,0.3,78,16.7,22,47
2026-07-20,132,Đắk Nông,Viet Nam,12.0,107.7,29.2,20.5,24.5,0.3,81,15.6,32,32
2026-07-20,590,Đà Nẵng,Viet Nam,16.0471,108.2068,38.1,28.0,32.4,2.1,55,15.7,61,88
2026-07-20,813,Đồng Tháp,Viet Nam,10.4552,105.6323,32.3,24.9,28.5,0.0,78,17.1,54,46
2026-07-20,237,Hải Phòng,Viet Nam,20.8449,106.6881,31.3,26.5,28.7,9.7,86,12.4,77,98
2026-07-20,547,Sóc Trăng,Viet Nam,9.6019,105.9731,32.3,25.0,28.3,1.0,78,15.7,50,48
2026-07-20,701,Hà Nội,Viet Nam,21.0285,105.8542,32.2,26.2,29.2,0.6,81,9.1,88,97
2026-07-20,495,Nghệ An,Viet Nam,18.6667,105.6667,37.6,30.4,32.8,1.2,51,22.8,44,98
2026-07-20,981,Quảng Bình,Viet Nam,17.4731,106.5962,34.5,27.9,30.6,0.0,63,17.3,39,99
2026-07-20,960,Lai Châu,Viet Nam,22.3959,103.4621,28.0,21.3,23.9,0.9,85,7.3,29,88
2026-07-20,168,An Giang,Viet Nam,10.5185,105.1152,33.2,24.9,28.9,1.1,73,16.7,33,50
2026-07-20,365,Cà Mau,Viet Nam,9.1769,105.1501,32.0,25.7,28.5,0.6,78,18.3,25,50
2026-07-20,208,Ninh Thuận,Viet Nam,11.5647,108.9892,38.8,26.3,31.8,0.9,60,31.1,34,8
2026-07-20,160,Nam Định,Viet Nam,20.4231,106.1681,31.7,26.7,29.2,7.2,80,11.8,76,98
2026-07-20,278,Đồng Nai,Viet Nam,10.9575,106.8427,33.5,25.4,29.0,0.2,74,12.8,65,34
2026-07-20,215,Hải Dương,Viet Nam,20.9391,106.3146,30.3,26.4,28.4,8.6,89,8.5,86,98
2026-07-20,454,Thanh Hóa,Viet Nam,19.8075,105.7764,33.0,27.7,29.9,1.4,82,6.9,71,99
2026-07-20,645,Hà Tĩnh,Viet Nam,18.3421,105.9038,35.1,27.6,30.7,0.0,73,6.6,38,94
2026-07-20,255,Long An,Viet Nam,10.5332,105.4053,32.6,24.9,28.6,0.0,75,16.3,54,48
2026-07-20,734,Yên Bái,Viet Nam,21.7051,104.8751,34.1,26.2,29.3,0.5,81,8.5,37,87
2026-07-20,226,Kon Tum,Viet Nam,14.35,108.0,29.7,21.7,25.5,1.5,78,15.9,37,51
2026-07-20,123,Quảng Trị,Viet Nam,16.75,107.1833,34.5,25.6,30.2,0.0,64,28.0,33,95
2026-07-20,872,Thái Bình,Viet Nam,20.4463,106.3364,31.4,26.8,29.2,9.0,80,11.7,76,98
2026-07-20,797,Gia Lai,Viet Nam,13.9833,108.0,27.2,20.9,23.8,1.7,83,21.1,37,49
2026-07-20,833,Bến Tre,Viet Nam,10.2424,106.3752,32.8,25.0,28.7,0.4,76,15.7,61,37
2026-07-20,146,Tiền Giang,Viet Nam,10.3606,106.3636,32.6,25.0,28.7,0.2,77,15.9,61,37
2026-07-20,327,Bà Rịa – Vũng Tàu,Viet Nam,10.4114,107.1362,31.7,26.7,29.4,0.1,75,19.2,45,28
2026-07-20,288,Hoàng Sa,Viet Nam,16.641233,112.742024,29.9,28.9,29.5,0.0,83,28.1,51,32
2026-07-20,347,Bình Phước,Viet Nam,11.7516,106.8778,31.8,23.7,27.7,0.2,78,10.6,43,30
2026-07-20,861,Lạng Sơn,Viet Nam,21.8519,106.7614,31.6,24.4,27.0,3.0,85,9.4,29,98
2026-07-20,910,Cao Bằng,Viet Nam,22.6661,106.2635,33.2,25.2,27.4,13.3,90,6.4,28,98
2026-07-20,496,Bạc Liêu,Viet Nam,9.2941,105.7242,32.4,25.6,28.7,0.2,77,17.0,26,44
2026-07-20,416,Ninh Bình,Viet Nam,20.2506,105.9744,32.2,26.7,29.4,6.6,78,12.4,76,98
2026-07-20,811,Điện Biên,Viet Nam,21.3833,103.0167,27.5,22.5,24.2,8.6,91,10.7,17,97
2026-07-20,707,Bắc Ninh,Viet Nam,21.1861,106.0763,31.9,25.6,28.9,1.0,83,13.8,88,97
2026-07-20,108,Lào Cai,Viet Nam,22.4856,103.9707,33.7,26.7,30.0,0.0,74,8.8,35,83
2026-07-20,503,Sơn La,Viet Nam,21.3262,103.9149,27.8,22.2,24.6,13.3,92,7.2,22,95
2026-07-20,696,Hà Nam,Viet Nam,20.5463,105.9142,30.7,26.5,28.6,1.3,82,10.4,76,98
2026-07-21,684,Khánh Hòa,Viet Nam,12.2467,109.1833,35.3,27.0,31.5,0.1,59,19.4,62,44
2026-07-21,327,Bà Rịa – Vũng Tàu,Viet Nam,10.4114,107.1362,32.3,26.9,29.5,0.0,73,20.2,48,62
2026-07-21,707,Bắc Ninh,Viet Nam,21.1861,106.0763,31.5,26.7,28.6,3.1,85,11.8,106,99
2026-07-21,252,Phú Thọ,Viet Nam,21.3235,105.4011,32.8,25.3,29.2,0.2,82,17.8,99,93
2026-07-21,416,Ninh Bình,Viet Nam,20.2506,105.9744,33.0,25.8,28.8,11.6,80,14.1,76,91
2026-07-21,133,Bình Định,Viet Nam,13.782,109.2194,39.1,27.7,32.5,1.6,51,19.7,54,34
2026-07-21,110,Thái Nguyên,Viet Nam,21.5939,105.8481,31.5,26.5,28.6,5.5,84,14.5,85,97
2026-07-21,547,Sóc Trăng,Viet Nam,9.6019,105.9731,32.0,24.9,28.1,0.2,79,15.8,58,35
2026-07-21,849,Bắc Giang,Viet Nam,21.2731,106.1946,31.2,26.7,28.8,10.7,84,11.0,106,99
2026-07-21,146,Tiền Giang,Viet Nam,10.3606,106.3636,32.5,25.3,28.5,0.0,77,15.0,62,62
2026-07-21,454,Thanh Hóa,Viet Nam,19.8075,105.7764,32.9,25.2,29.1,5.8,79,12.2,63,89
2026-07-21,784,Bình Thuận,Viet Nam,10.9333,108.1,34.4,25.8,29.7,0.0,69,21.0,53,56
2026-07-21,249,Phú Yên,Viet Nam,13.0883,109.3045,38.3,28.4,32.6,1.8,50,23.7,54,38
2026-07-21,237,Hải Phòng,Viet Nam,20.8449,106.6881,30.6,27.6,28.9,5.8,82,8.8,80,94
2026-07-21,463,Hậu Giang,Viet Nam,9.7845,105.4735,31.9,24.3,28.0,0.0,79,18.2,49,44
2026-07-21,108,Lào Cai,Viet Nam,22.4856,103.9707,34.6,24.9,29.9,2.6,76,7.3,35,57
2026-07-21,960,Lai Châu,Viet Nam,22.3959,103.4621,28.2,20.8,24.2,2.3,85,5.9,29,60
2026-07-21,511,Hòa Bình,Viet Nam,20.8171,105.3375,34.4,26.1,29.0,3.9,87,9.9,47,90
2026-07-21,587,Trà Vinh,Viet Nam,9.9342,106.3339,32.2,24.5,28.1,0.0,78,16.2,62,54
2026-07-21,196,Đắk Lắk,Viet Nam,12.6667,108.05,30.9,22.7,26.4,0.9,75,13.9,32,31
2026-07-21,201,Trường Sa,Viet Nam,10.66936,115.833324,30.6,29.3,30.0,0.5,70,22.9,27,75
2026-07-21,915,Tây Ninh,Viet Nam,11.3125,106.1006,33.4,25.5,29.1,0.0,69,11.6,45,34
2026-07-21,590,Đà Nẵng,Viet Nam,16.0471,108.2068,39.6,28.7,32.6,4.2,54,16.5,66,59
2026-07-21,920,Vĩnh Long,Viet Nam,10.2536,105.9723,32.2,25.1,28.3,0.0,77,16.8,62,56
2026-07-21,193,Bắc Kạn,Viet Nam,22.147,105.8326,33.4,24.8,27.7,6.0,89,13.0,68,87
2026-07-21,734,Yên Bái,Viet Nam,21.7051,104.8751,34.4,25.0,29.4,4.7,80,16.3,62,88
2026-07-21,701,Hà Nội,Viet Nam,21.0285,105.8542,32.2,26.6,28.7,1.7,86,10.7,106,95
2026-07-21,365,Cà Mau,Viet Nam,9.1769,105.1501,31.6,25.3,28.3,0.0,79,18.9,28,28
2026-07-21,696,Hà Nam,Viet Nam,20.5463,105.9142,32.7,25.7,28.2,2.7,84,13.3,76,97
2026-07-21,861,Lạng Sơn,Viet Nam,21.8519,106.7614,30.5,23.5,26.6,4.4,88,11.2,55,86
2026-07-21,226,Kon Tum,Viet Nam,14.35,108.0,29.6,21.2,25.3,1.7,78,15.1,34,28
2026-07-21,910,Cao Bằng,Viet Nam,22.6661,106.2635,34.3,24.8,27.6,6.8,88,13.5,44,80
2026-07-21,503,Sơn La,Viet Nam,21.3262,103.9149,30.1,22.4,25.8,2.5,86,8.5,26,87
2026-07-21,833,Bến Tre,Viet Nam,10.2424,106.3752,32.6,25.1,28.5,0.0,76,15.0,62,61
2026-07-21,122,Lâm Đồng,Viet Nam,11.9404,108.4419,25.7,13.8,19.5,0.2,80,16.5,32,49
2026-07-21,385,Hà Giang,Viet Nam,22.8233,104.9836,34.2,24.6,28.8,1.8,80,9.7,46,71
2026-07-21,288,Hoàng Sa,Viet Nam,16.641233,112.742024,29.8,29.1,29.5,0.0,83,28.6,49,17
2026-07-21,872,Thái Bình,Viet Nam,20.4463,106.3364,32.7,27.0,29.3,1.9,78,9.6,74,87
2026-07-21,620,Cần Thơ,Viet Nam,10.0451,105.7462,31.8,24.8,28.2,0.0,78,17.1,60,51
2026-07-21,456,Vĩnh Phúc,Viet Nam,21.3089,105.6047,31.3,25.4,28.7,0.5,85,13.6,99,95
2026-07-21,767,Kiên Giang,Viet Nam,10.0122,105.0809,30.5,26.7,28.6,0.0,77,21.0,39,40
2026-07-21,275,Tuyên Quang,Viet Nam,21.8159,105.2132,32.9,24.3,28.5,5.7,83,12.6,67,87
2026-07-21,951,Bình Dương,Viet Nam,11.0531,106.6661,33.1,24.8,28.6,0.0,73,13.4,63,34
2026-07-21,521,TP. Hồ Chí Minh,Viet Nam,10.8231,106.6297,34.2,25.0,29.1,0.0,72,11.1,67,42
2026-07-21,813,Đồng Tháp,Viet Nam,10.4552,105.6323,32.5,25.5,28.7,0.0,76,16.7,61,37
2026-07-21,495,Nghệ An,Viet Nam,18.6667,105.6667,36.4,28.2,31.7,0.4,54,23.7,34,95
2026-07-21,208,Ninh Thuận,Viet Nam,11.5647,108.9892,37.2,27.0,31.5,0.9,61,23.3,38,46
2026-07-21,981,Quảng Bình,Viet Nam,17.4731,106.5962,35.0,27.7,30.8,0.0,62,19.0,35,77
2026-07-21,215,Hải Dương,Viet Nam,20.9391,106.3146,31.5,26.4,28.6,6.1,85,9.9,98,95
2026-07-21,168,An Giang,Viet Nam,10.5185,105.1152,33.3,25.6,29.2,0.0,71,17.5,39,24
2026-07-21,278,Đồng Nai,Viet Nam,10.9575,106.8427,33.2,25.5,28.9,0.0,74,12.5,67,40
2026-07-21,160,Nam Định,Viet Nam,20.4231,106.1681,32.8,26.6,29.3,2.0,78,9.5,76,89
2026-07-21,255,Long An,Viet Nam,10.5332,105.4053,32.6,25.8,28.9,0.0,74,16.3,61,29
2026-07-21,811,Điện Biên,Viet Nam,21.3833,103.0167,30.6,22.9,25.8,5.1,85,8.3,22,81
2026-07-21,123,Quảng Trị,Viet Nam,16.75,107.1833,34.9,27.1,30.7,0.0,60,25.5,38,66
2026-07-21,326,Thừa Thiên Huế,Viet Nam,16.4633,107.5847,39.0,28.2,33.0,0.0,49,17.3,59,58
2026-07-21,496,Bạc Liêu,Viet Nam,9.2941,105.7242,32.1,25.8,28.6,0.0,77,17.3,28,26
2026-07-21,347,Bình Phước,Viet Nam,11.7516,106.8778,31.5,23.8,27.7,0.4,77,10.2,52,32
2026-07-21,797,Gia Lai,Viet Nam,13.9833,108.0,27.2,21.5,24.0,1.9,82,18.6,35,39
2026-07-21,645,Hà Tĩnh,Viet Nam,18.3421,105.9038,35.1,26.3,30.1,0.3,69,11.6,35,92
2026-07-21,132,Đắk Nông,Viet Nam,12.0,107.7,29.5,19.8,24.3,0.9,82,13.9,33,44
2026-07-21,669,Hưng Yên,Viet Nam,20.6465,106.0511,32.7,26.7,28.9,2.6,83,10.5,104,97
2026-07-21,729,Phú Quốc,Viet Nam,10.279526,104.003538,31.1,24.9,27.5,0.1,78,17.8,21,27
2026-07-22,252,Phú Thọ,Viet Nam,21.3235,105.4011,32.5,25.7,29.3,5.6,83,11.9,103,79
2026-07-22,707,Bắc Ninh,Viet Nam,21.1861,106.0763,33.2,25.0,29.0,8.4,82,10.5,93,74
2026-07-22,215,Hải Dương,Viet Nam,20.9391,106.3146,33.0,25.1,29.2,3.6,82,9.9,82,77
2026-07-22,416,Ninh Bình,Viet Nam,20.2506,105.9744,33.2,25.5,29.6,1.0,81,10.3,88,83
2026-07-22,849,Bắc Giang,Viet Nam,21.2731,106.1946,33.1,24.8,29.0,11.1,82,11.1,93,74
2026-07-22,521,TP. Hồ Chí Minh,Viet Nam,10.8231,106.6297,33.5,25.8,29.5,0.4,71,13.2,67,31
2026-07-22,833,Bến Tre,Viet Nam,10.2424,106.3752,32.5,25.8,28.9,0.5,75,15.8,62,28
2026-07-22,495,Nghệ An,Viet Nam,18.6667,105.6667,35.2,27.6,30.7,0.8,61,20.7,29,81
2026-07-22,669,Hưng Yên,Viet Nam,20.6465,106.0511,32.7,25.4,29.4,3.9,84,12.3,104,76
2026-07-22,249,Phú Yên,Viet Nam,13.0883,109.3045,37.5,26.4,29.8,17.3,68,20.8,49,68
2026-07-22,797,Gia Lai,Viet Nam,13.9833,108.0,27.4,20.6,23.4,4.4,87,18.4,32,72
2026-07-22,133,Bình Định,Viet Nam,13.782,109.2194,38.2,26.6,30.2,11.6,70,19.3,49,57
2026-07-22,327,Bà Rịa – Vũng Tàu,Viet Nam,10.4114,107.1362,31.8,27.2,29.6,1.9,73,21.6,49,37
2026-07-22,813,Đồng Tháp,Viet Nam,10.4552,105.6323,32.7,26.0,29.1,0.0,75,15.9,57,19
2026-07-22,160,Nam Định,Viet Nam,20.4231,106.1681,32.9,26.1,29.8,0.3,80,9.5,88,85
2026-07-22,981,Quảng Bình,Viet Nam,17.4731,106.5962,34.3,26.9,30.0,0.9,67,15.4,29,50
2026-07-22,951,Bình Dương,Viet Nam,11.0531,106.6661,32.4,25.5,29.0,0.3,73,15.6,64,34
2026-07-22,168,An Giang,Viet Nam,10.5185,105.1152,33.5,26.2,29.6,0.3,70,15.4,35,21
2026-07-22,255,Long An,Viet Nam,10.5332,105.4053,32.8,26.2,29.2,0.0,73,16.4,57,21
2026-07-22,684,Khánh Hòa,Viet Nam,12.2467,109.1833,35.4,26.4,30.6,1.7,63,19.6,67,36
2026-07-22,123,Quảng Trị,Viet Nam,16.75,107.1833,34.3,27.2,30.6,0.0,62,24.3,29,38
2026-07-22,347,Bình Phước,Viet Nam,11.7516,106.8778,31.6,23.7,27.6,5.2,81,9.1,56,54
2026-07-22,645,Hà Tĩnh,Viet Nam,18.3421,105.9038,33.8,25.7,29.4,1.2,71,12.0,28,67
2026-07-22,729,Phú Quốc,Viet Nam,10.279526,104.003538,30.8,24.5,27.9,2.2,77,18.0,22,24
2026-07-22,146,Tiền Giang,Viet Nam,10.3606,106.3636,32.4,25.8,28.9,0.2,75,16.5,62,27
2026-07-22,547,Sóc Trăng,Viet Nam,9.6019,105.9731,32.2,25.8,28.6,0.2,77,16.7,59,19
2026-07-22,784,Bình Thuận,Viet Nam,10.9333,108.1,33.8,25.0,28.9,3.4,76,21.8,59,63
2026-07-22,237,Hải Phòng,Viet Nam,20.8449,106.6881,32.1,25.4,29.4,2.9,78,14.2,58,90
2026-07-22,108,Lào Cai,Viet Nam,22.4856,103.9707,32.8,24.9,28.7,3.0,84,7.5,34,83
2026-07-22,132,Đắk Nông,Viet Nam,12.0,107.7,28.8,20.8,23.5,5.6,89,12.5,33,73
2026-07-22,201,Trường Sa,Viet Nam,10.66936,115.833324,30.7,25.9,27.7,12.9,81,27.2,29,94
2026-07-22,365,Cà Mau,Viet Nam,9.1769,105.1501,31.4,26.4,28.6,0.4,78,20.9,31,14
2026-07-22,861,Lạng Sơn,Viet Nam,21.8519,106.7614,31.9,23.3,26.9,5.1,85,15.5,58,69
2026-07-22,503,Sơn La,Viet Nam,21.3262,103.9149,29.6,21.8,25.7,13.8,87,8.3,26,81
2026-07-22,122,Lâm Đồng,Viet Nam,11.9404,108.4419,24.4,16.0,19.2,10.4,86,10.3,30,63
2026-07-22,385,Hà Giang,Viet Nam,22.8233,104.9836,31.7,25.2,27.8,5.3,86,8.0,47,78
2026-07-22,288,Hoàng Sa,Viet Nam,16.641233,112.742024,29.7,29.0,29.4,0.1,80,19.4,45,6
2026-07-22,620,Cần Thơ,Viet Nam,10.0451,105.7462,31.8,25.6,28.5,0.3,77,16.9,58,19
2026-07-22,278,Đồng Nai,Viet Nam,10.9575,106.8427,32.5,25.9,29.1,0.9,75,15.0,67,41
2026-07-22,960,Lai Châu,Viet Nam,22.3959,103.4621,28.4,20.7,24.3,11.5,85,5.1,29,78
2026-07-22,326,Thừa Thiên Huế,Viet Nam,16.4633,107.5847,38.3,27.9,32.0,3.3,59,13.9,54,34
2026-07-22,915,Tây Ninh,Viet Nam,11.3125,106.1006,33.6,25.7,29.6,0.1,69,14.4,40,23
2026-07-22,734,Yên Bái,Viet Nam,21.7051,104.8751,32.7,24.2,28.1,4.3,85,9.6,74,71
2026-07-22,910,Cao Bằng,Viet Nam,22.6661,106.2635,32.4,24.2,27.2,8.0,89,11.7,52,72
2026-07-22,872,Thái Bình,Viet Nam,20.4463,106.3364,32.9,26.6,29.8,0.5,79,9.7,63,88
2026-07-22,456,Vĩnh Phúc,Viet Nam,21.3089,105.6047,32.8,24.9,28.6,7.0,84,10.1,103,80
2026-07-22,590,Đà Nẵng,Viet Nam,16.0471,108.2068,37.0,28.6,32.3,2.5,57,16.2,56,39
2026-07-22,110,Thái Nguyên,Viet Nam,21.5939,105.8481,33.0,23.9,28.3,11.2,86,9.4,86,72
2026-07-22,701,Hà Nội,Viet Nam,21.0285,105.8542,32.9,25.3,29.0,11.4,84,10.8,93,72
2026-07-22,696,Hà Nam,Viet Nam,20.5463,105.9142,32.8,24.2,28.6,9.2,85,9.2,88,77
2026-07-22,226,Kon Tum,Viet Nam,14.35,108.0,29.2,22.4,25.0,4.9,85,13.6,30,69
2026-07-22,920,Vĩnh Long,Viet Nam,10.2536,105.9723,32.4,25.6,28.8,0.0,76,16.5,60,25
2026-07-22,587,Trà Vinh,Viet Nam,9.9342,106.3339,32.1,25.6,28.6,0.0,77,16.9,62,21
2026-07-22,196,Đắk Lắk,Viet Nam,12.6667,108.05,30.6,22.5,25.6,6.0,81,13.6,32,61
2026-07-22,811,Điện Biên,Viet Nam,21.3833,103.0167,29.4,22.7,26.3,13.0,85,7.6,22,80
2026-07-22,463,Hậu Giang,Viet Nam,9.7845,105.4735,31.7,25.5,28.4,0.1,78,18.2,52,19
2026-07-22,454,Thanh Hóa,Viet Nam,19.8075,105.7764,33.7,26.4,29.8,0.4,79,10.5,62,95
2026-07-22,511,Hòa Bình,Viet Nam,20.8171,105.3375,33.1,25.7,29.3,5.3,85,8.5,73,91
2026-07-22,275,Tuyên Quang,Viet Nam,21.8159,105.2132,31.3,24.0,27.3,11.8,88,10.3,69,76
2026-07-22,767,Kiên Giang,Viet Nam,10.0122,105.0809,30.4,27.5,29.0,0.1,75,22.3,38,22
2026-07-22,496,Bạc Liêu,Viet Nam,9.2941,105.7242,32.1,26.6,28.9,0.3,76,18.1,30,14
2026-07-22,208,Ninh Thuận,Viet Nam,11.5647,108.9892,36.5,26.9,30.9,2.1,65,21.9,39,45
2026-07-22,193,Bắc Kạn,Viet Nam,22.147,105.8326,32.4,24.6,27.3,12.3,90,10.2,71,80
2026-07-23,910,Cao Bằng,Viet Nam,22.6661,106.2635,30.4,23.7,26.6,11.7,89,14.5,41,94
2026-07-23,385,Hà Giang,Viet Nam,22.8233,104.9836,31.2,24.2,26.8,15.0,87,5.5,53,92
2026-07-23,833,Bến Tre,Viet Nam,10.2424,106.3752,31.6,25.6,27.3,8.0,88,22.5,57,75
2026-07-23,511,Hòa Bình,Viet Nam,20.8171,105.3375,32.2,25.5,27.8,5.6,90,8.6,69,90
2026-07-23,960,Lai Châu,Viet Nam,22.3959,103.4621,25.6,19.6,22.3,14.2,90,6.0,26,83
2026-07-23,132,Đắk Nông,Viet Nam,12.0,107.7,28.0,20.6,23.3,20.6,91,13.3,28,83
2026-07-23,849,Bắc Giang,Viet Nam,21.2731,106.1946,31.6,24.9,27.8,6.9,87,13.5,86,92
2026-07-23,278,Đồng Nai,Viet Nam,10.9575,106.8427,32.8,24.6,27.8,10.6,82,14.9,66,68
2026-07-23,767,Kiên Giang,Viet Nam,10.0122,105.0809,29.5,27.2,28.5,7.3,78,25.5,30,74
2026-07-23,252,Phú Thọ,Viet Nam,21.3235,105.4011,30.7,24.1,27.4,19.7,90,11.6,89,95
2026-07-23,620,Cần Thơ,Viet Nam,10.0451,105.7462,30.8,25.2,27.4,19.4,85,20.0,44,79
2026-07-23,122,Lâm Đồng,Viet Nam,11.9404,108.4419,23.1,16.5,19.2,7.0,89,15.7,24,75
2026-07-23,861,Lạng Sơn,Viet Nam,21.8519,106.7614,30.5,23.2,26.0,4.9,88,14.3,42,87
2026-07-23,365,Cà Mau,Viet Nam,9.1769,105.1501,31.3,25.9,27.9,8.7,82,23.6,26,68
2026-07-23,684,Khánh Hòa,Viet Nam,12.2467,109.1833,35.3,26.5,30.6,1.2,65,16.9,63,32
2026-07-23,237,Hải Phòng,Viet Nam,20.8449,106.6881,32.2,24.7,28.9,13.9,80,11.8,38,86
2026-07-23,108,Lào Cai,Viet Nam,22.4856,103.9707,31.3,23.9,27.5,4.9,84,7.4,31,80
2026-07-23,784,Bình Thuận,Viet Nam,10.9333,108.1,34.3,25.3,29.6,0.4,68,22.4,54,62
2026-07-23,347,Bình Phước,Viet Nam,11.7516,106.8778,30.1,23.8,26.2,15.6,90,12.8,42,80
2026-07-23,811,Điện Biên,Viet Nam,21.3833,103.0167,28.2,22.5,24.6,27.2,93,5.0,21,88
2026-07-23,416,Ninh Bình,Viet Nam,20.2506,105.9744,31.1,25.7,28.3,3.4,87,10.4,79,87
2026-07-23,496,Bạc Liêu,Viet Nam,9.2941,105.7242,31.1,26.2,28.0,7.3,82,22.4,27,66
2026-07-23,645,Hà Tĩnh,Viet Nam,18.3421,105.9038,33.3,25.9,29.3,2.8,80,12.1,37,95
2026-07-23,255,Long An,Viet Nam,10.5332,105.4053,31.3,26.5,27.9,11.0,83,17.8,48,76
2026-07-23,168,An Giang,Viet Nam,10.5185,105.1152,31.8,25.5,27.7,9.7,83,20.7,31,52
2026-07-23,208,Ninh Thuận,Viet Nam,11.5647,108.9892,36.8,26.2,30.1,14.2,72,14.1,33,58
2026-07-23,215,Hải Dương,Viet Nam,20.9391,106.3146,31.1,24.6,27.9,6.5,88,15.5,71,82
2026-07-23,951,Bình Dương,Viet Nam,11.0531,106.6661,32.7,23.9,27.5,10.2,82,16.5,59,70
2026-07-23,981,Quảng Bình,Viet Nam,17.4731,106.5962,34.8,25.9,29.1,10.8,80,13.4,30,64
2026-07-23,669,Hưng Yên,Viet Nam,20.6465,106.0511,30.3,25.9,27.9,2.7,89,8.5,94,91
2026-07-23,160,Nam Định,Viet Nam,20.4231,106.1681,31.6,26.0,28.3,6.2,87,12.9,79,88
2026-07-23,813,Đồng Tháp,Viet Nam,10.4552,105.6323,31.0,26.1,27.6,12.5,86,19.4,48,79
2026-07-23,327,Bà Rịa – Vũng Tàu,Viet Nam,10.4114,107.1362,32.0,25.5,28.5,4.9,80,24.9,48,58
2026-07-23,133,Bình Định,Viet Nam,13.782,109.2194,37.1,26.7,30.7,6.1,64,21.1,45,41
2026-07-23,193,Bắc Kạn,Viet Nam,22.147,105.8326,30.2,23.8,26.3,21.7,94,9.7,58,96
2026-07-23,707,Bắc Ninh,Viet Nam,21.1861,106.0763,31.3,24.8,27.8,9.1,87,12.9,86,96
2026-07-23,797,Gia Lai,Viet Nam,13.9833,108.0,26.2,20.7,22.9,6.0,89,20.3,21,66
2026-07-23,196,Đắk Lắk,Viet Nam,12.6667,108.05,28.4,22.0,24.7,11.1,89,14.7,29,57
2026-07-23,249,Phú Yên,Viet Nam,13.0883,109.3045,36.9,26.1,30.3,1.7,65,22.0,57,42
2026-07-23,463,Hậu Giang,Viet Nam,9.7845,105.4735,30.4,26.0,27.7,8.5,83,21.6,38,77
2026-07-23,495,Nghệ An,Viet Nam,18.6667,105.6667,36.4,26.1,30.0,7.9,75,12.8,50,98
2026-07-23,696,Hà Nam,Viet Nam,20.5463,105.9142,29.9,24.4,26.7,5.2,93,11.0,79,98
2026-07-23,226,Kon Tum,Viet Nam,14.35,108.0,27.5,22.3,24.5,8.8,87,14.6,21,71
2026-07-23,701,Hà Nội,Viet Nam,21.0285,105.8542,30.7,25.2,27.7,4.9,88,9.3,86,93
2026-07-23,590,Đà Nẵng,Viet Nam,16.0471,108.2068,36.9,27.0,30.7,11.2,68,14.0,64,65
