date,city_id,province,country,latitude,longitude,temperature_max,temperature_min,temperature_mean,rain_sum,humidity_mean,wind_speed_max,aqi,cloud_cover_mean
2026-04-24,122,Lâm Đồng,Viet Nam,11.9404,108.4419,25.3,15.7,20.1,2.3,80,10.1,63,89
2026-04-24,146,Tiền Giang,Viet Nam,10.3606,106.3636,34.0,25.3,28.7,0.0,70,14.3,62,74
2026-04-24,981,Quảng Bình,Viet Nam,17.4731,106.5962,26.7,23.8,25.0,10.4,92,10.5,55,100
2026-04-24,767,Kiên Giang,Viet Nam,10.0122,105.0809,34.9,23.7,29.1,0.0,66,12.9,68,86
2026-04-24,684,Khánh Hòa,Viet Nam,12.2467,109.1833,32.7,25.5,29.0,1.2,71,18.6,45,90
2026-04-24,326,Thừa Thiên Huế,Viet Nam,16.4633,107.5847,30.5,24.2,26.2,1.9,85,17.0,77,100
2026-04-24,547,Sóc Trăng,Viet Nam,9.6019,105.9731,34.3,24.9,28.9,0.0,67,14.1,66,75
2026-04-24,645,Hà Tĩnh,Viet Nam,18.3421,105.9038,26.5,23.6,24.6,17.0,92,9.8,55,99
2026-04-24,587,Trà Vinh,Viet Nam,9.9342,106.3339,34.2,25.0,28.8,0.0,68,13.9,57,74
2026-04-24,208,Ninh Thuận,Viet Nam,11.5647,108.9892,33.2,25.7,29.5,1.8,71,18.9,40,95
2026-04-24,365,Cà Mau,Viet Nam,9.1769,105.1501,34.7,25.1,29.6,0.0,65,18.2,33,79
2026-04-24,669,Hưng Yên,Viet Nam,20.6465,106.0511,27.1,22.5,24.3,0.4,83,9.8,114,64
2026-04-24,861,Lạng Sơn,Viet Nam,21.8519,106.7614,26.2,18.0,22.5,0.0,72,15.2,46,60
2026-04-24,496,Bạc Liêu,Viet Nam,9.2941,105.7242,32.8,25.2,28.9,0.0,68,14.1,33,70
2026-04-24,521,TP. Hồ Chí Minh,Viet Nam,10.8231,106.6297,36.2,27.0,30.3,0.0,62,14.2,49,80
2026-04-24,813,Đồng Tháp,Viet Nam,10.4552,105.6323,33.5,23.9,28.5,0.0,70,10.9,82,83
2026-04-24,503,Sơn La,Viet Nam,21.3262,103.9149,28.0,20.2,23.2,0.0,77,23.2,60,37
2026-04-24,701,Hà Nội,Viet Nam,21.0285,105.8542,27.9,22.1,24.7,0.7,81,9.9,103,77
2026-04-24,193,Bắc Kạn,Viet Nam,22.147,105.8326,27.3,20.1,23.9,0.0,77,12.7,49,72
2026-04-24,132,Đắk Nông,Viet Nam,12.0,107.7,32.5,20.3,25.5,3.1,78,14.4,51,88
2026-04-24,734,Yên Bái,Viet Nam,21.7051,104.8751,27.1,22.0,24.5,0.2,80,9.8,74,71
2026-04-24,249,Phú Yên,Viet Nam,13.0883,109.3045,33.9,24.2,29.0,1.3,72,18.3,58,92
2026-04-24,275,Tuyên Quang,Viet Nam,21.8159,105.2132,27.9,22.4,24.8,0.0,76,10.7,69,83
2026-04-24,910,Cao Bằng,Viet Nam,22.6661,106.2635,27.0,19.4,23.8,0.0,72,8.6,40,67
2026-04-24,123,Quảng Trị,Viet Nam,16.75,107.1833,28.8,23.7,25.7,4.9,89,14.5,68,100
2026-04-24,951,Bình Dương,Viet Nam,11.0531,106.6661,34.9,26.0,29.5,0.0,67,17.9,48,86
2026-04-24,797,Gia Lai,Viet Nam,13.9833,108.0,31.8,21.0,25.5,1.2,73,17.2,76,86
2026-04-24,811,Điện Biên,Viet Nam,21.3833,103.0167,30.8,20.9,25.5,0.4,76,9.1,72,44
2026-04-24,696,Hà Nam,Viet Nam,20.5463,105.9142,26.6,21.6,23.7,1.6,85,10.0,106,69
2026-04-24,784,Bình Thuận,Viet Nam,10.9333,108.1,32.2,27.0,29.4,0.2,68,17.6,34,89
2026-04-24,327,Bà Rịa – Vũng Tàu,Viet Nam,10.4114,107.1362,30.2,27.7,28.8,0.0,72,17.1,36,75
2026-04-24,385,Hà Giang,Viet Nam,22.8233,104.9836,27.2,20.5,24.0,0.3,79,6.4,56,78
2026-04-24,215,Hải Dương,Viet Nam,20.9391,106.3146,28.0,21.8,24.4,0.2,81,8.9,89,63
2026-04-24,110,Thái Nguyên,Viet Nam,21.5939,105.8481,28.7,21.3,25.0,0.0,75,8.8,69,56
2026-04-24,729,Phú Quốc,Viet Nam,10.279526,104.003538,33.4,25.1,28.7,0.0,67,12.2,39,92
2026-04-24,707,Bắc Ninh,Viet Nam,21.1861,106.0763,28.6,21.8,24.6,0.0,80,12.5,103,64
2026-04-24,456,Vĩnh Phúc,Viet Nam,21.3089,105.6047,27.9,22.5,24.8,0.0,77,9.8,100,91
2026-04-24,495,Nghệ An,Viet Nam,18.6667,105.6667,26.6,24.1,24.9,10.9,89,11.5,72,99
2026-04-24,620,Cần Thơ,Viet Nam,10.0451,105.7462,34.4,24.7,29.0,0.0,67,15.6,79,72
2026-04-24,160,Nam Định,Viet Nam,20.4231,106.1681,26.6,22.6,24.2,1.1,85,13.9,106,64
2026-04-24,454,Thanh Hóa,Viet Nam,19.8075,105.7764,26.1,22.7,24.0,15.5,88,14.8,88,87
2026-04-24,915,Tây Ninh,Viet Nam,11.3125,106.1006,36.0,25.7,30.3,0.0,61,14.6,71,91
2026-04-24,168,An Giang,Viet Nam,10.5185,105.1152,34.2,23.0,28.6,0.0,68,10.8,81,87
2026-04-24,849,Bắc Giang,Viet Nam,21.2731,106.1946,28.7,21.7,24.7,0.0,80,14.6,103,62
2026-04-24,133,Bình Định,Viet Nam,13.782,109.2194,33.6,23.4,28.1,20.0,77,18.4,57,90
2026-04-24,347,Bình Phước,Viet Nam,11.7516,106.8778,33.7,25.5,29.2,0.0,68,14.1,46,93
2026-04-24,590,Đà Nẵng,Viet Nam,16.0471,108.2068,31.0,25.0,26.6,1.7,82,17.6,66,100
2026-04-24,278,Đồng Nai,Viet Nam,10.9575,106.8427,35.5,26.7,29.8,0.0,66,17.5,49,82
2026-04-24,288,Hoàng Sa,Viet Nam,16.641233,112.742024,28.1,26.9,27.5,0.1,76,18.5,36,75
2026-04-24,920,Vĩnh Long,Viet Nam,10.2536,105.9723,34.8,24.6,28.8,0.0,67,16.1,73,72
2026-04-24,196,Đắk Lắk,Viet Nam,12.6667,108.05,34.4,24.6,28.8,0.4,64,15.5,66,99
2026-04-24,416,Ninh Bình,Viet Nam,20.2506,105.9744,26.9,22.2,24.1,0.5,86,12.4,106,65
2026-04-24,108,Lào Cai,Viet Nam,22.4856,103.9707,27.3,22.1,24.8,0.1,77,10.6,53,61
2026-04-24,255,Long An,Viet Nam,10.5332,105.4053,33.9,24.0,29.0,0.0,65,10.1,82,87
2026-04-24,226,Kon Tum,Viet Nam,14.35,108.0,33.2,23.0,27.1,0.4,67,13.9,77,85
2026-04-24,511,Hòa Bình,Viet Nam,20.8171,105.3375,27.6,22.3,24.6,0.5,87,11.0,79,92
2026-04-24,237,Hải Phòng,Viet Nam,20.8449,106.6881,27.9,22.1,24.4,1.6,80,12.0,61,55
2026-04-24,463,Hậu Giang,Viet Nam,9.7845,105.4735,34.5,23.5,28.5,0.0,69,15.0,67,82
2026-04-24,252,Phú Thọ,Viet Nam,21.3235,105.4011,28.5,23.6,25.5,0.2,79,12.1,100,86
2026-04-24,201,Trường Sa,Viet Nam,10.66936,115.833324,29.6,28.6,29.0,0.2,75,25.9,34,25
2026-04-24,960,Lai Châu,Viet Nam,22.3959,103.4621,27.0,18.6,22.4,0.6,78,9.2,56,31
2026-04-24,833,Bến Tre,Viet Nam,10.2424,106.3752,33.8,24.6,28.2,0.0,73,12.7,62,77
2026-04-24,872,Thái Bình,Viet Nam,20.4463,106.3364,26.5,22.5,24.1,1.1,85,15.4,77,62
2026-04-25,463,Hậu Giang,Viet Nam,9.7845,105.4735,33.7,24.6,29.0,0.2,71,14.3,66,24
2026-04-25,252,Phú Thọ,Viet Nam,21.3235,105.4011,29.8,23.4,26.2,0.2,76,13.4,122,58
2026-04-25,590,Đà Nẵng,Viet Nam,16.0471,108.2068,29.6,24.9,26.9,0.7,78,16.0,54,80
2026-04-25,278,Đồng Nai,Viet Nam,10.9575,106.8427,36.2,26.5,30.6,0.1,64,13.9,43,49
2026-04-25,701,Hà Nội,Viet Nam,21.0285,105.8542,29.3,22.6,25.6,0.3,79,12.0,124,52
2026-04-25,684,Khánh Hòa,Viet Nam,12.2467,109.1833,30.6,25.6,27.9,1.4,75,15.8,36,47
2026-04-25,767,Kiên Giang,Viet Nam,10.0122,105.0809,34.4,25.0,29.2,0.9,70,14.4,68,38
2026-04-25,196,Đắk Lắk,Viet Nam,12.6667,108.05,33.8,23.2,27.6,0.9,65,21.8,48,62
2026-04-25,981,Quảng Bình,Viet Nam,17.4731,106.5962,27.7,23.0,25.1,0.8,88,17.3,49,82
2026-04-25,503,Sơn La,Viet Nam,21.3262,103.9149,28.0,20.1,24.0,9.2,74,18.4,78,72
2026-04-25,620,Cần Thơ,Viet Nam,10.0451,105.7462,33.9,25.4,29.3,0.5,71,14.4,75,37
2026-04-25,108,Lào Cai,Viet Nam,22.4856,103.9707,29.7,23.6,26.5,0.6,71,10.2,75,78
2026-04-25,132,Đắk Nông,Viet Nam,12.0,107.7,32.5,21.2,24.9,2.4,82,15.7,63,73
2026-04-25,110,Thái Nguyên,Viet Nam,21.5939,105.8481,30.0,22.1,25.6,0.0,75,11.9,96,52
2026-04-25,365,Cà Mau,Viet Nam,9.1769,105.1501,34.5,25.8,29.9,0.2,70,16.4,33,40
2026-04-25,255,Long An,Viet Nam,10.5332,105.4053,34.2,25.7,29.3,0.3,72,14.0,77,41
2026-04-25,960,Lai Châu,Viet Nam,22.3959,103.4621,27.2,18.5,22.5,5.0,76,9.9,72,74
2026-04-25,734,Yên Bái,Viet Nam,21.7051,104.8751,29.2,22.4,25.5,1.3,77,11.2,95,71
2026-04-25,456,Vĩnh Phúc,Viet Nam,21.3089,105.6047,29.6,22.8,25.6,0.2,77,11.9,122,60
2026-04-25,146,Tiền Giang,Viet Nam,10.3606,106.3636,33.6,25.7,29.5,0.1,70,17.0,58,28
2026-04-25,454,Thanh Hóa,Viet Nam,19.8075,105.7764,28.4,21.9,24.9,0.7,85,15.3,98,86
2026-04-25,813,Đồng Tháp,Viet Nam,10.4552,105.6323,33.9,25.3,28.7,1.5,77,13.0,77,45
2026-04-25,160,Nam Định,Viet Nam,20.4231,106.1681,28.7,22.6,25.0,0.0,83,12.6,110,50
2026-04-25,168,An Giang,Viet Nam,10.5185,105.1152,34.2,25.0,28.9,0.4,74,15.6,78,44
2026-04-25,275,Tuyên Quang,Viet Nam,21.8159,105.2132,29.6,22.5,25.7,0.0,73,11.4,86,63
2026-04-25,797,Gia Lai,Viet Nam,13.9833,108.0,30.0,20.6,24.4,7.1,75,16.4,41,81
2026-04-25,416,Ninh Bình,Viet Nam,20.2506,105.9744,28.6,22.6,25.1,0.1,83,12.9,110,67
2026-04-25,326,Thừa Thiên Huế,Viet Nam,16.4633,107.5847,29.3,24.2,26.3,1.8,82,14.2,66,86
2026-04-25,237,Hải Phòng,Viet Nam,20.8449,106.6881,28.8,21.8,25.1,0.0,79,10.7,66,35
2026-04-25,496,Bạc Liêu,Viet Nam,9.2941,105.7242,33.5,25.3,29.2,0.0,71,17.3,32,33
2026-04-25,385,Hà Giang,Viet Nam,22.8233,104.9836,29.9,22.8,26.0,0.0,73,9.1,69,66
2026-04-25,327,Bà Rịa – Vũng Tàu,Viet Nam,10.4114,107.1362,30.9,27.0,29.1,0.1,74,23.3,35,15
2026-04-25,288,Hoàng Sa,Viet Nam,16.641233,112.742024,28.3,27.3,27.6,0.0,71,8.3,35,50
2026-04-25,920,Vĩnh Long,Viet Nam,10.2536,105.9723,33.5,25.8,29.4,0.2,71,14.9,68,26
2026-04-25,645,Hà Tĩnh,Viet Nam,18.3421,105.9038,27.4,22.3,24.9,2.3,87,14.3,49,89
2026-04-25,215,Hải Dương,Viet Nam,20.9391,106.3146,29.8,21.2,25.1,0.0,81,14.2,94,49
2026-04-25,347,Bình Phước,Viet Nam,11.7516,106.8778,34.5,24.2,28.1,5.2,78,15.5,48,87
2026-04-25,707,Bắc Ninh,Viet Nam,21.1861,106.0763,29.8,22.2,25.4,0.2,79,14.5,124,62
2026-04-25,511,Hòa Bình,Viet Nam,20.8171,105.3375,30.1,23.0,26.1,0.1,79,11.9,100,70
2026-04-25,872,Thái Bình,Viet Nam,20.4463,106.3364,28.3,22.4,24.8,0.0,84,12.8,76,55
2026-04-25,208,Ninh Thuận,Viet Nam,11.5647,108.9892,33.6,23.8,29.0,0.9,69,20.8,38,37
2026-04-25,915,Tây Ninh,Viet Nam,11.3125,106.1006,36.0,26.6,30.1,2.5,66,12.8,67,53
2026-04-25,696,Hà Nam,Viet Nam,20.5463,105.9142,29.2,22.3,25.0,0.0,81,12.5,110,61
2026-04-25,495,Nghệ An,Viet Nam,18.6667,105.6667,28.1,22.7,25.2,0.7,86,14.3,71,80
2026-04-25,521,TP. Hồ Chí Minh,Viet Nam,10.8231,106.6297,36.1,27.0,30.9,1.8,63,13.4,43,43
2026-04-25,910,Cao Bằng,Viet Nam,22.6661,106.2635,28.4,21.3,24.5,0.0,70,8.5,52,70
2026-04-25,861,Lạng Sơn,Viet Nam,21.8519,106.7614,28.3,18.5,23.3,0.0,72,8.5,56,60
2026-04-25,122,Lâm Đồng,Viet Nam,11.9404,108.4419,24.8,14.0,19.1,5.1,80,13.0,53,69
2026-04-25,201,Trường Sa,Viet Nam,10.66936,115.833324,29.6,27.9,29.1,7.4,76,25.3,31,43
2026-04-25,729,Phú Quốc,Viet Nam,10.279526,104.003538,32.9,25.7,28.9,0.3,69,12.3,45,47
2026-04-25,123,Quảng Trị,Viet Nam,16.75,107.1833,28.3,23.4,25.8,2.5,85,15.0,46,77
2026-04-25,587,Trà Vinh,Viet Nam,9.9342,106.3339,33.8,25.9,29.6,0.1,68,17.7,47,43
2026-04-25,833,Bến Tre,Viet Nam,10.2424,106.3752,33.0,25.4,28.8,0.1,75,15.2,58,35
2026-04-25,669,Hưng Yên,Viet Nam,20.6465,106.0511,29.2,22.4,25.2,0.0,81,12.3,126,54
2026-04-25,249,Phú Yên,Viet Nam,13.0883,109.3045,30.6,24.3,27.1,1.9,81,17.0,39,52
2026-04-25,547,Sóc Trăng,Viet Nam,9.6019,105.9731,34.2,25.5,29.5,0.0,68,18.2,63,18
2026-04-25,193,Bắc Kạn,Viet Nam,22.147,105.8326,29.1,21.4,25.2,0.0,75,5.6,61,71
2026-04-25,849,Bắc Giang,Viet Nam,21.2731,106.1946,29.8,22.1,25.5,0.0,78,14.4,124,53
2026-04-25,951,Bình Dương,Viet Nam,11.0531,106.6661,35.4,26.2,30.2,0.4,66,14.5,47,63
2026-04-25,226,Kon Tum,Viet Nam,14.35,108.0,32.2,22.5,26.3,3.5,68,15.4,42,76
2026-04-25,133,Bình Định,Viet Nam,13.782,109.2194,30.3,23.9,26.7,2.1,83,15.6,37,75
2026-04-25,811,Điện Biên,Viet Nam,21.3833,103.0167,29.7,21.0,25.3,11.9,78,10.7,72,89
2026-04-25,784,Bình Thuận,Viet Nam,10.9333,108.1,32.3,24.3,29.1,0.0,69,24.5,33,28
2026-04-26,915,Tây Ninh,Viet Nam,11.3125,106.1006,34.3,25.6,29.4,0.3,69,13.7,66,85
2026-04-26,587,Trà Vinh,Viet Nam,9.9342,106.3339,34.2,26.3,29.7,0.1,70,16.2,38,23
2026-04-26,920,Vĩnh Long,Viet Nam,10.2536,105.9723,34.5,26.1,29.7,0.0,70,14.9,68,64
2026-04-26,503,Sơn La,Viet Nam,21.3262,103.9149,27.0,19.9,22.8,8.6,85,10.4,75,62
2026-04-26,861,Lạng Sơn,Viet Nam,21.8519,106.7614,28.0,21.3,24.0,0.7,79,13.7,65,94
2026-04-26,201,Trường Sa,Viet Nam,10.66936,115.833324,29.6,29.0,29.4,0.0,74,26.7,36,29
2026-04-26,326,Thừa Thiên Huế,Viet Nam,16.4633,107.5847,30.7,24.5,27.2,0.3,79,15.1,46,82
2026-04-26,729,Phú Quốc,Viet Nam,10.279526,104.003538,33.8,26.1,29.3,0.1,69,14.2,45,71
2026-04-26,784,Bình Thuận,Viet Nam,10.9333,108.1,33.6,26.1,29.5,0.0,65,27.6,33,59
2026-04-26,278,Đồng Nai,Viet Nam,10.9575,106.8427,37.2,26.4,30.7,0.0,60,13.7,43,56
2026-04-26,521,TP. Hồ Chí Minh,Viet Nam,10.8231,106.6297,37.3,26.7,30.9,0.6,60,12.5,43,68
2026-04-26,833,Bến Tre,Viet Nam,10.2424,106.3752,33.8,25.4,28.9,0.0,74,14.7,51,47
2026-04-26,590,Đà Nẵng,Viet Nam,16.0471,108.2068,30.7,25.4,27.6,0.0,74,13.4,45,91
2026-04-26,110,Thái Nguyên,Viet Nam,21.5939,105.8481,29.2,23.2,25.7,0.1,79,14.0,94,86
2026-04-26,193,Bắc Kạn,Viet Nam,22.147,105.8326,28.5,22.8,24.8,2.2,81,11.1,80,98
2026-04-26,463,Hậu Giang,Viet Nam,9.7845,105.4735,34.8,25.2,29.5,0.0,71,13.6,67,46
2026-04-26,237,Hải Phòng,Viet Nam,20.8449,106.6881,28.9,23.4,25.7,6.8,82,11.9,71,74
2026-04-26,669,Hưng Yên,Viet Nam,20.6465,106.0511,28.7,23.7,25.6,3.0,85,11.3,98,65
2026-04-26,701,Hà Nội,Viet Nam,21.0285,105.8542,29.4,23.3,25.5,3.4,83,13.7,97,67
2026-04-26,108,Lào Cai,Viet Nam,22.4856,103.9707,26.2,22.0,23.9,2.1,89,7.9,79,88
2026-04-26,454,Thanh Hóa,Viet Nam,19.8075,105.7764,29.4,23.3,26.0,0.9,83,13.0,83,67
2026-04-26,734,Yên Bái,Viet Nam,21.7051,104.8751,27.8,23.0,25.0,0.8,85,8.0,102,94
2026-04-26,960,Lai Châu,Viet Nam,22.3959,103.4621,24.0,17.4,20.2,11.1,87,6.8,70,89
2026-04-26,872,Thái Bình,Viet Nam,20.4463,106.3364,28.6,23.5,25.7,0.5,84,11.9,86,68
2026-04-26,813,Đồng Tháp,Viet Nam,10.4552,105.6323,34.3,25.7,29.6,0.0,70,14.1,79,81
2026-04-26,252,Phú Thọ,Viet Nam,21.3235,105.4011,30.0,23.5,26.1,0.0,80,18.1,105,76
2026-04-26,416,Ninh Bình,Viet Nam,20.2506,105.9744,28.9,23.9,25.8,0.6,83,12.8,96,64
2026-04-26,495,Nghệ An,Viet Nam,18.6667,105.6667,30.0,24.2,26.5,0.0,81,12.1,75,69
2026-04-26,620,Cần Thơ,Viet Nam,10.0451,105.7462,35.0,25.7,29.9,0.1,69,14.1,75,59
2026-04-26,684,Khánh Hòa,Viet Nam,12.2467,109.1833,31.3,25.8,28.2,0.3,72,16.6,36,67
2026-04-26,797,Gia Lai,Viet Nam,13.9833,108.0,30.2,20.4,24.1,1.5,74,14.7,31,95
2026-04-26,696,Hà Nam,Viet Nam,20.5463,105.9142,28.7,23.0,25.2,1.9,85,12.1,96,62
2026-04-26,496,Bạc Liêu,Viet Nam,9.2941,105.7242,33.9,26.5,29.7,0.2,72,18.4,34,40
2026-04-26,767,Kiên Giang,Viet Nam,10.0122,105.0809,35.6,25.2,29.9,0.8,66,13.9,68,59
2026-04-26,511,Hòa Bình,Viet Nam,20.8171,105.3375,31.2,23.2,26.3,0.6,80,8.9,90,71
2026-04-26,456,Vĩnh Phúc,Viet Nam,21.3089,105.6047,29.1,23.2,25.5,1.5,81,14.7,105,76
2026-04-26,123,Quảng Trị,Viet Nam,16.75,107.1833,29.2,24.0,26.5,3.5,84,15.2,38,80
2026-04-26,288,Hoàng Sa,Viet Nam,16.641233,112.742024,28.6,27.6,28.0,0.0,70,18.3,37,31
2026-04-26,951,Bình Dương,Viet Nam,11.0531,106.6661,35.4,25.5,30.1,0.1,63,15.7,59,73
2026-04-26,707,Bắc Ninh,Viet Nam,21.1861,106.0763,29.2,23.3,25.7,0.3,81,13.5,97,73
2026-04-26,547,Sóc Trăng,Viet Nam,9.6019,105.9731,34.6,26.1,29.9,0.1,70,17.5,62,31
2026-04-26,146,Tiền Giang,Viet Nam,10.3606,106.3636,34.2,25.7,29.5,0.0,70,15.7,51,56
2026-04-26,249,Phú Yên,Viet Nam,13.0883,109.3045,31.4,24.7,27.7,0.1,74,15.1,37,75
2026-04-26,347,Bình Phước,Viet Nam,11.7516,106.8778,32.9,24.6,27.8,1.2,76,17.8,58,81
2026-04-26,215,Hải Dương,Viet Nam,20.9391,106.3146,29.4,22.8,25.5,1.9,83,12.8,89,69
2026-04-26,255,Long An,Viet Nam,10.5332,105.4053,34.3,26.0,30.0,0.1,66,13.9,79,79
2026-04-26,122,Lâm Đồng,Viet Nam,11.9404,108.4419,25.0,14.8,19.0,0.0,72,13.2,40,87
2026-04-26,160,Nam Định,Viet Nam,20.4231,106.1681,28.7,23.6,25.7,1.0,84,11.6,96,65
2026-04-26,196,Đắk Lắk,Viet Nam,12.6667,108.05,34.8,23.2,28.3,0.0,58,22.9,38,63
2026-04-26,385,Hà Giang,Viet Nam,22.8233,104.9836,27.9,22.5,24.5,3.8,82,10.0,77,100
2026-04-26,133,Bình Định,Viet Nam,13.782,109.2194,31.1,24.2,27.0,1.0,77,14.6,36,87
2026-04-26,226,Kon Tum,Viet Nam,14.35,108.0,31.7,21.4,26.0,1.2,72,19.1,32,88
2026-04-26,132,Đắk Nông,Viet Nam,12.0,107.7,32.1,20.4,25.2,0.0,71,20.9,65,61
2026-04-26,811,Điện Biên,Viet Nam,21.3833,103.0167,27.0,19.4,23.1,4.8,87,7.2,71,63
2026-04-26,168,An Giang,Viet Nam,10.5185,105.1152,33.8,25.4,29.4,0.0,68,12.1,74,74
2026-04-26,327,Bà Rịa – Vũng Tàu,Viet Nam,10.4114,107.1362,31.6,27.6,29.2,0.0,74,22.6,36,38
2026-04-26,849,Bắc Giang,Viet Nam,21.2731,106.1946,29.0,23.3,25.7,1.3,81,13.7,97,77
2026-04-26,275,Tuyên Quang,Viet Nam,21.8159,105.2132,29.5,22.7,25.1,0.8,80,10.6,90,91
2026-04-26,365,Cà Mau,Viet Nam,9.1769,105.1501,35.4,26.4,30.4,0.0,69,18.5,34,48
2026-04-26,910,Cao Bằng,Viet Nam,22.6661,106.2635,28.8,22.1,24.7,1.1,77,13.8,69,88
2026-04-26,981,Quảng Bình,Viet Nam,17.4731,106.5962,28.2,24.5,26.0,1.2,87,14.2,40,87
2026-04-26,208,Ninh Thuận,Viet Nam,11.5647,108.9892,35.0,25.5,29.5,0.0,65,23.4,33,63
2026-04-26,645,Hà Tĩnh,Viet Nam,18.3421,105.9038,28.3,23.6,25.9,1.0,86,14.0,64,77
2026-04-27,122,Lâm Đồng,Viet Nam,11.9404,108.4419,24.9,16.0,19.9,1.2,79,10.3,44,57
2026-04-27,707,Bắc Ninh,Viet Nam,21.1861,106.0763,30.7,24.0,26.8,0.9,82,19.8,74,67
2026-04-27,193,Bắc Kạn,Viet Nam,22.147,105.8326,30.2,23.0,26.1,1.3,82,12.7,71,69
2026-04-27,645,Hà Tĩnh,Viet Nam,18.3421,105.9038,31.5,24.5,27.1,1.7,86,12.1,52,54
2026-04-27,146,Tiền Giang,Viet Nam,10.3606,106.3636,34.5,26.6,29.9,0.0,71,17.0,45,36
2026-04-27,960,Lai Châu,Viet Nam,22.3959,103.4621,25.3,16.5,20.7,6.2,80,6.9,51,75
2026-04-27,734,Yên Bái,Viet Nam,21.7051,104.8751,32.3,23.0,26.5,0.5,80,10.6,93,58
2026-04-27,767,Kiên Giang,Viet Nam,10.0122,105.0809,35.7,25.8,30.5,0.0,66,13.8,66,43
2026-04-27,861,Lạng Sơn,Viet Nam,21.8519,106.7614,28.4,21.5,24.3,2.9,85,20.7,48,71
2026-04-27,669,Hưng Yên,Viet Nam,20.6465,106.0511,30.3,24.6,26.7,0.8,85,20.4,72,63
2026-04-27,872,Thái Bình,Viet Nam,20.4463,106.3364,29.1,24.8,26.5,2.2,86,21.8,36,51
2026-04-27,123,Quảng Trị,Viet Nam,16.75,107.1833,31.4,24.4,27.9,1.8,81,12.2,62,89
2026-04-27,252,Phú Thọ,Viet Nam,21.3235,105.4011,31.8,23.9,27.2,0.0,79,21.1,79,60
2026-04-27,108,Lào Cai,Viet Nam,22.4856,103.9707,30.0,21.8,25.5,0.2,75,8.7,66,71
2026-04-27,503,Sơn La,Viet Nam,21.3262,103.9149,28.6,20.2,23.8,1.0,80,12.8,67,60
2026-04-27,811,Điện Biên,Viet Nam,21.3833,103.0167,28.1,19.5,23.3,1.4,86,10.6,66,67
2026-04-27,915,Tây Ninh,Viet Nam,11.3125,106.1006,36.3,26.8,31.1,0.0,63,14.4,64,68
2026-04-27,587,Trà Vinh,Viet Nam,9.9342,106.3339,34.3,26.2,29.8,0.0,71,16.7,40,34
2026-04-27,365,Cà Mau,Viet Nam,9.1769,105.1501,35.1,27.4,30.4,0.6,70,20.5,35,62
2026-04-27,385,Hà Giang,Viet Nam,22.8233,104.9836,30.0,22.3,25.4,1.6,79,8.6,65,77
2026-04-27,521,TP. Hồ Chí Minh,Viet Nam,10.8231,106.6297,36.9,27.6,31.2,0.0,64,14.3,38,43
2026-04-27,249,Phú Yên,Viet Nam,13.0883,109.3045,31.9,25.4,28.6,0.6,75,15.8,41,53
2026-04-27,495,Nghệ An,Viet Nam,18.6667,105.6667,31.6,24.2,27.1,0.1,85,10.1,70,50
2026-04-27,813,Đồng Tháp,Viet Nam,10.4552,105.6323,34.4,26.0,29.9,0.0,71,13.0,71,49
2026-04-27,729,Phú Quốc,Viet Nam,10.279526,104.003538,34.0,26.5,29.4,1.4,70,12.5,44,76
2026-04-27,910,Cao Bằng,Viet Nam,22.6661,106.2635,31.5,22.5,26.1,5.4,78,14.0,57,78
2026-04-27,132,Đắk Nông,Viet Nam,12.0,107.7,31.2,21.4,25.9,3.8,72,9.7,60,64
2026-04-27,496,Bạc Liêu,Viet Nam,9.2941,105.7242,34.3,26.9,30.0,0.3,71,19.6,35,53
2026-04-27,454,Thanh Hóa,Viet Nam,19.8075,105.7764,29.7,24.0,26.4,1.5,88,17.7,64,49
2026-04-27,278,Đồng Nai,Viet Nam,10.9575,106.8427,36.6,27.1,31.0,0.0,63,16.4,38,50
2026-04-27,547,Sóc Trăng,Viet Nam,9.6019,105.9731,34.9,26.5,30.0,0.0,71,18.6,62,49
2026-04-27,684,Khánh Hòa,Viet Nam,12.2467,109.1833,31.6,26.0,28.7,0.3,74,12.6,40,36
2026-04-27,456,Vĩnh Phúc,Viet Nam,21.3089,105.6047,31.1,23.7,26.6,0.1,80,17.5,79,71
2026-04-27,160,Nam Định,Viet Nam,20.4231,106.1681,29.6,24.6,26.5,2.0,86,20.7,64,58
2026-04-27,511,Hòa Bình,Viet Nam,20.8171,105.3375,33.7,23.5,27.3,0.6,80,9.4,75,51
2026-04-27,701,Hà Nội,Viet Nam,21.0285,105.8542,31.4,24.3,27.0,0.2,82,19.1,74,65
2026-04-27,275,Tuyên Quang,Viet Nam,21.8159,105.2132,30.3,22.1,26.1,0.2,79,11.8,78,64
2026-04-27,208,Ninh Thuận,Viet Nam,11.5647,108.9892,33.8,26.5,29.7,0.3,69,20.5,35,41
2026-04-27,784,Bình Thuận,Viet Nam,10.9333,108.1,33.4,27.0,29.7,0.3,70,24.2,34,60
2026-04-27,110,Thái Nguyên,Viet Nam,21.5939,105.8481,31.9,24.1,27.2,0.2,78,19.0,73,75
2026-04-27,168,An Giang,Viet Nam,10.5185,105.1152,34.8,25.7,30.1,0.1,67,11.3,69,62
2026-04-27,951,Bình Dương,Viet Nam,11.0531,106.6661,35.9,26.7,30.8,0.1,64,16.1,43,52
2026-04-27,237,Hải Phòng,Viet Nam,20.8449,106.6881,29.4,24.6,26.3,2.4,84,17.5,30,57
2026-04-27,416,Ninh Bình,Viet Nam,20.2506,105.9744,29.4,24.5,26.5,1.0,87,19.8,64,59
2026-04-27,981,Quảng Bình,Viet Nam,17.4731,106.5962,29.5,24.8,26.9,0.1,86,15.1,48,69
2026-04-27,463,Hậu Giang,Viet Nam,9.7845,105.4735,34.6,25.5,29.6,0.1,73,13.8,65,39
2026-04-27,849,Bắc Giang,Viet Nam,21.2731,106.1946,30.2,23.9,26.6,2.9,82,21.0,74,61
2026-04-27,226,Kon Tum,Viet Nam,14.35,108.0,31.4,22.1,26.4,0.3,73,16.5,36,92
2026-04-27,215,Hải Dương,Viet Nam,20.9391,106.3146,30.1,24.3,26.5,1.7,85,17.6,58,63
2026-04-27,326,Thừa Thiên Huế,Viet Nam,16.4633,107.5847,33.3,24.8,28.7,1.0,74,12.2,58,90
2026-04-27,833,Bến Tre,Viet Nam,10.2424,106.3752,33.7,25.8,29.1,0.0,76,15.3,45,29
2026-04-27,288,Hoàng Sa,Viet Nam,16.641233,112.742024,28.9,27.8,28.3,0.0,74,19.0,38,61
2026-04-27,196,Đắk Lắk,Viet Nam,12.6667,108.05,34.2,25.0,28.9,2.1,61,12.8,45,75
2026-04-27,133,Bình Định,Viet Nam,13.782,109.2194,31.7,25.4,27.9,0.9,78,16.5,42,63
2026-04-27,920,Vĩnh Long,Viet Nam,10.2536,105.9723,34.7,25.9,29.7,0.1,72,14.6,63,34
2026-04-27,347,Bình Phước,Viet Nam,11.7516,106.8778,33.7,25.7,29.1,0.5,73,10.7,57,53
2026-04-27,201,Trường Sa,Viet Nam,10.66936,115.833324,29.8,28.6,29.4,0.9,76,22.8,36,65
2026-04-27,590,Đà Nẵng,Viet Nam,16.0471,108.2068,32.4,25.9,28.2,0.0,77,18.9,46,91
2026-04-27,696,Hà Nam,Viet Nam,20.5463,105.9142,30.7,23.9,26.4,0.3,86,18.1,64,68
2026-04-27,620,Cần Thơ,Viet Nam,10.0451,105.7462,34.9,26.1,30.0,0.0,71,14.5,71,27
2026-04-27,255,Long An,Viet Nam,10.5332,105.4053,35.1,26.2,30.4,0.1,67,12.5,71,55
2026-04-27,797,Gia Lai,Viet Nam,13.9833,108.0,30.5,21.6,25.1,0.1,72,11.7,38,85
2026-04-27,327,Bà Rịa – Vũng Tàu,Viet Nam,10.4114,107.1362,31.5,28.1,29.4,0.0,76,21.8,36,42
2026-04-28,833,Bến Tre,Viet Nam,10.2424,106.3752,34.4,25.3,29.1,0.0,75,12.8,57,62
2026-04-28,133,Bình Định,Viet Nam,13.782,109.2194,32.0,25.1,27.7,4.6,81,14.8,44,92
2026-04-28,503,Sơn La,Viet Nam,21.3262,103.9149,28.8,18.6,23.3,20.7,82,16.2,70,63
2026-04-28,981,Quảng Bình,Viet Nam,17.4731,106.5962,34.5,24.8,28.4,0.9,76,18.7,63,55
2026-04-28,196,Đắk Lắk,Viet Nam,12.6667,108.05,32.9,23.5,26.3,12.4,76,13.8,59,95
2026-04-28,278,Đồng Nai,Viet Nam,10.9575,106.8427,36.6,26.2,30.6,0.2,68,14.9,39,55
2026-04-28,861,Lạng Sơn,Viet Nam,21.8519,106.7614,30.1,18.6,24.5,35.7,81,21.4,58,72
2026-04-28,910,Cao Bằng,Viet Nam,22.6661,106.2635,32.5,20.4,25.1,28.7,79,14.7,43,75
2026-04-28,784,Bình Thuận,Viet Nam,10.9333,108.1,33.1,25.6,29.1,0.1,75,17.6,35,69
2026-04-28,872,Thái Bình,Viet Nam,20.4463,106.3364,30.6,23.9,27.3,1.3,84,23.6,60,65
2026-04-28,684,Khánh Hòa,Viet Nam,12.2467,109.1833,32.2,26.1,28.9,0.0,74,12.2,42,93
2026-04-28,495,Nghệ An,Viet Nam,18.6667,105.6667,33.7,25.4,28.9,0.0,77,15.2,78,65
2026-04-28,201,Trường Sa,Viet Nam,10.66936,115.833324,29.7,28.0,28.8,1.2,79,20.7,22,94
2026-04-28,208,Ninh Thuận,Viet Nam,11.5647,108.9892,34.0,25.5,29.5,0.3,71,17.5,37,77
2026-04-28,108,Lào Cai,Viet Nam,22.4856,103.9707,32.2,21.9,26.5,4.2,73,9.7,72,66
2026-04-28,123,Quảng Trị,Viet Nam,16.75,107.1833,34.2,24.6,28.6,0.1,73,16.1,66,75
2026-04-28,669,Hưng Yên,Viet Nam,20.6465,106.0511,31.7,23.1,27.5,0.9,83,23.6,79,70
2026-04-28,813,Đồng Tháp,Viet Nam,10.4552,105.6323,35.0,24.9,30.0,0.0,69,14.2,77,39
2026-04-28,960,Lai Châu,Viet Nam,22.3959,103.4621,25.5,17.7,20.9,17.3,84,6.7,70,79
2026-04-28,496,Bạc Liêu,Viet Nam,9.2941,105.7242,34.0,25.6,29.5,0.0,72,17.0,34,62
2026-04-28,252,Phú Thọ,Viet Nam,21.3235,105.4011,32.4,23.4,27.7,2.8,80,17.1,80,60
2026-04-28,920,Vĩnh Long,Viet Nam,10.2536,105.9723,35.6,24.7,29.7,0.0,70,14.7,69,41
2026-04-28,327,Bà Rịa – Vũng Tàu,Viet Nam,10.4114,107.1362,31.1,27.0,29.2,0.0,76,17.8,33,63
2026-04-28,454,Thanh Hóa,Viet Nam,19.8075,105.7764,32.1,24.5,27.6,0.0,82,24.7,75,65
2026-04-28,645,Hà Tĩnh,Viet Nam,18.3421,105.9038,33.1,24.9,28.2,0.0,77,15.0,66,68
2026-04-28,767,Kiên Giang,Viet Nam,10.0122,105.0809,35.3,25.0,30.2,0.0,67,12.1,67,44
2026-04-28,226,Kon Tum,Viet Nam,14.35,108.0,30.9,21.1,25.5,0.7,75,14.4,44,96
2026-04-28,146,Tiền Giang,Viet Nam,10.3606,106.3636,35.2,26.0,29.7,0.0,73,14.2,57,52
2026-04-28,160,Nam Định,Viet Nam,20.4231,106.1681,31.2,23.6,27.4,0.5,83,23.5,72,69
2026-04-28,915,Tây Ninh,Viet Nam,11.3125,106.1006,36.0,25.9,29.8,0.3,72,14.8,64,57
2026-04-28,547,Sóc Trăng,Viet Nam,9.6019,105.9731,34.9,25.2,29.6,0.0,72,15.6,66,72
2026-04-28,275,Tuyên Quang,Viet Nam,21.8159,105.2132,31.6,21.8,26.5,52.3,79,19.0,67,70
2026-04-28,132,Đắk Nông,Viet Nam,12.0,107.7,29.8,21.5,23.7,6.6,87,16.6,43,85
2026-04-28,193,Bắc Kạn,Viet Nam,22.147,105.8326,31.5,20.1,25.5,36.8,84,19.2,67,72
2026-04-28,416,Ninh Bình,Viet Nam,20.2506,105.9744,31.7,23.3,27.5,0.0,83,27.1,72,66
2026-04-28,811,Điện Biên,Viet Nam,21.3833,103.0167,29.6,20.0,23.4,6.1,85,13.3,71,67
2026-04-28,951,Bình Dương,Viet Nam,11.0531,106.6661,35.7,25.8,30.1,2.6,70,15.0,43,58
2026-04-28,326,Thừa Thiên Huế,Viet Nam,16.4633,107.5847,32.2,24.8,28.4,0.3,72,13.0,63,83
2026-04-28,365,Cà Mau,Viet Nam,9.1769,105.1501,35.5,25.9,30.2,0.0,69,17.2,34,69
2026-04-28,734,Yên Bái,Viet Nam,21.7051,104.8751,32.9,22.2,26.9,19.6,81,11.8,80,63
2026-04-28,110,Thái Nguyên,Viet Nam,21.5939,105.8481,32.1,22.1,27.1,18.5,79,20.0,75,62
2026-04-28,255,Long An,Viet Nam,10.5332,105.4053,35.3,25.5,30.5,0.0,65,11.5,77,41
2026-04-28,696,Hà Nam,Viet Nam,20.5463,105.9142,32.1,22.7,27.4,0.4,81,23.2,72,68
2026-04-28,797,Gia Lai,Viet Nam,13.9833,108.0,28.2,21.7,24.2,0.9,80,10.5,60,96
2026-04-28,122,Lâm Đồng,Viet Nam,11.9404,108.4419,23.9,14.9,18.5,23.9,89,10.3,44,97
2026-04-28,463,Hậu Giang,Viet Nam,9.7845,105.4735,35.0,24.0,29.4,0.0,72,15.3,68,44
2026-04-28,587,Trà Vinh,Viet Nam,9.9342,106.3339,34.9,25.1,29.5,0.0,72,14.3,54,70
2026-04-28,215,Hải Dương,Viet Nam,20.9391,106.3146,31.7,22.4,27.2,9.0,83,22.3,64,63
2026-04-28,288,Hoàng Sa,Viet Nam,16.641233,112.742024,28.8,28.1,28.4,0.0,78,22.1,39,71
2026-04-28,385,Hà Giang,Viet Nam,22.8233,104.9836,29.7,21.5,24.9,17.8,82,13.4,61,71
2026-04-28,707,Bắc Ninh,Viet Nam,21.1861,106.0763,32.0,22.6,27.2,24.6,81,24.9,78,64
2026-04-28,511,Hòa Bình,Viet Nam,20.8171,105.3375,34.2,23.1,27.9,11.2,79,14.6,70,63
2026-04-28,590,Đà Nẵng,Viet Nam,16.0471,108.2068,32.6,25.3,27.9,2.7,82,10.8,72,94
2026-04-28,237,Hải Phòng,Viet Nam,20.8449,106.6881,30.2,23.0,26.8,5.0,86,17.9,48,75
2026-04-28,249,Phú Yên,Viet Nam,13.0883,109.3045,34.1,25.3,28.7,0.7,75,17.2,47,89
2026-04-28,701,Hà Nội,Viet Nam,21.0285,105.8542,31.9,22.6,27.3,22.5,82,22.4,78,62
2026-04-28,347,Bình Phước,Viet Nam,11.7516,106.8778,34.3,24.9,27.9,0.8,80,15.3,45,71
2026-04-28,849,Bắc Giang,Viet Nam,21.2731,106.1946,31.6,22.4,27.1,17.9,81,19.8,78,64
2026-04-28,729,Phú Quốc,Viet Nam,10.279526,104.003538,34.0,25.5,28.6,2.5,76,10.1,38,58
2026-04-28,456,Vĩnh Phúc,Viet Nam,21.3089,105.6047,31.6,22.8,27.2,21.6,81,21.6,80,62
2026-04-28,620,Cần Thơ,Viet Nam,10.0451,105.7462,35.7,25.0,29.9,0.0,71,16.9,77,42
2026-04-28,521,TP. Hồ Chí Minh,Viet Nam,10.8231,106.6297,37.2,26.8,31.1,0.0,65,15.3,39,53
2026-04-28,168,An Giang,Viet Nam,10.5185,105.1152,35.0,24.1,29.6,0.7,71,10.1,72,53
2026-04-29,193,Bắc Kạn,Viet Nam,22.147,105.8326,28.1,18.6,23.0,0.0,60,17.4,45,57
2026-04-29,327,Bà Rịa – Vũng Tàu,Viet Nam,10.4114,107.1362,31.1,28.1,29.4,0.0,73,14.5,31,76
2026-04-29,590,Đà Nẵng,Viet Nam,16.0471,108.2068,33.3,25.4,28.4,0.0,72,17.8,83,51
2026-04-29,729,Phú Quốc,Viet Nam,10.279526,104.003538,33.0,25.6,28.6,0.9,78,8.1,36,68
2026-04-29,701,Hà Nội,Viet Nam,21.0285,105.8542,28.6,20.1,24.1,0.0,64,18.6,59,86
2026-04-29,767,Kiên Giang,Viet Nam,10.0122,105.0809,35.5,26.1,30.5,0.0,62,9.7,76,53
2026-04-29,278,Đồng Nai,Viet Nam,10.9575,106.8427,35.1,27.2,30.8,1.0,65,10.4,56,57
2026-04-29,160,Nam Định,Viet Nam,20.4231,106.1681,27.3,20.6,24.0,0.0,68,22.6,73,66
2026-04-29,813,Đồng Tháp,Viet Nam,10.4552,105.6323,34.5,25.6,30.0,0.0,67,12.8,90,41
2026-04-29,872,Thái Bình,Viet Nam,20.4463,106.3364,27.1,20.4,23.8,0.0,68,23.4,62,64
2026-04-29,861,Lạng Sơn,Viet Nam,21.8519,106.7614,25.8,17.0,20.7,0.9,62,24.2,45,65
2026-04-29,201,Trường Sa,Viet Nam,10.66936,115.833324,30.1,28.3,29.4,0.6,74,20.1,23,67
2026-04-29,811,Điện Biên,Viet Nam,21.3833,103.0167,28.4,18.9,23.3,1.1,82,10.0,54,66
2026-04-29,495,Nghệ An,Viet Nam,18.6667,105.6667,28.6,23.8,26.0,0.4,74,22.7,74,90
2026-04-29,833,Bến Tre,Viet Nam,10.2424,106.3752,34.0,25.8,29.2,0.3,73,11.1,70,39
2026-04-29,133,Bình Định,Viet Nam,13.782,109.2194,32.9,25.2,28.9,2.7,77,17.8,63,82
2026-04-29,385,Hà Giang,Viet Nam,22.8233,104.9836,30.7,18.7,24.4,0.0,60,12.4,41,77
2026-04-29,208,Ninh Thuận,Viet Nam,11.5647,108.9892,34.1,26.4,30.0,0.0,70,18.1,38,39
2026-04-29,521,TP. Hồ Chí Minh,Viet Nam,10.8231,106.6297,36.7,27.9,31.6,1.7,61,9.2,56,54
2026-04-29,454,Thanh Hóa,Viet Nam,19.8075,105.7764,28.2,21.3,24.8,0.0,67,25.2,71,67
2026-04-29,252,Phú Thọ,Viet Nam,21.3235,105.4011,28.9,21.3,25.1,0.2,62,18.4,68,95
2026-04-29,951,Bình Dương,Viet Nam,11.0531,106.6661,34.8,26.5,29.6,0.8,71,20.0,61,55
2026-04-29,960,Lai Châu,Viet Nam,22.3959,103.4621,25.7,17.7,20.8,4.2,77,7.7,48,81
2026-04-29,168,An Giang,Viet Nam,10.5185,105.1152,35.0,25.7,30.0,0.0,64,6.7,85,56
2026-04-29,196,Đắk Lắk,Viet Nam,12.6667,108.05,32.5,23.6,26.9,3.7,78,11.2,65,85
2026-04-29,496,Bạc Liêu,Viet Nam,9.2941,105.7242,34.4,25.7,29.6,0.1,70,13.0,46,68
2026-04-29,237,Hải Phòng,Viet Nam,20.8449,106.6881,27.7,20.0,23.6,0.5,65,14.4,41,65
2026-04-29,547,Sóc Trăng,Viet Nam,9.6019,105.9731,35.2,25.6,29.8,0.1,67,12.7,79,61
2026-04-29,920,Vĩnh Long,Viet Nam,10.2536,105.9723,34.2,25.7,29.9,0.0,67,11.0,82,41
2026-04-29,620,Cần Thơ,Viet Nam,10.0451,105.7462,34.8,26.0,30.3,0.0,64,11.6,90,38
2026-04-29,587,Trà Vinh,Viet Nam,9.9342,106.3339,35.0,25.9,29.8,0.0,67,12.8,67,50
2026-04-29,797,Gia Lai,Viet Nam,13.9833,108.0,30.4,21.4,24.6,2.3,78,12.3,66,87
2026-04-29,275,Tuyên Quang,Viet Nam,21.8159,105.2132,29.2,20.7,24.4,0.0,58,16.5,41,90
2026-04-29,456,Vĩnh Phúc,Viet Nam,21.3089,105.6047,28.3,19.9,24.5,0.1,63,13.7,68,86
2026-04-29,981,Quảng Bình,Viet Nam,17.4731,106.5962,31.2,24.5,26.2,13.9,81,24.8,57,92
2026-04-29,288,Hoàng Sa,Viet Nam,16.641233,112.742024,28.9,27.2,28.3,0.0,81,20.8,34,42
2026-04-29,915,Tây Ninh,Viet Nam,11.3125,106.1006,35.2,25.2,29.7,0.9,71,16.4,75,52
2026-04-29,249,Phú Yên,Viet Nam,13.0883,109.3045,33.8,25.3,29.2,2.2,76,17.3,64,90
2026-04-29,416,Ninh Bình,Viet Nam,20.2506,105.9744,27.0,20.6,24.1,0.0,68,25.8,73,75
2026-04-29,226,Kon Tum,Viet Nam,14.35,108.0,33.6,22.2,26.0,1.8,70,25.5,60,81
2026-04-29,734,Yên Bái,Viet Nam,21.7051,104.8751,28.4,21.3,24.1,0.4,69,10.8,57,84
2026-04-29,122,Lâm Đồng,Viet Nam,11.9404,108.4419,24.2,15.4,19.0,8.5,85,9.4,59,77
2026-04-29,110,Thái Nguyên,Viet Nam,21.5939,105.8481,30.0,20.8,24.7,0.0,59,15.7,49,85
2026-04-29,255,Long An,Viet Nam,10.5332,105.4053,34.8,26.3,30.4,0.0,62,12.3,90,50
2026-04-29,123,Quảng Trị,Viet Nam,16.75,107.1833,34.5,24.7,27.0,15.6,81,22.8,60,72
2026-04-29,132,Đắk Nông,Viet Nam,12.0,107.7,29.5,20.6,23.9,6.4,86,6.6,62,77
2026-04-29,365,Cà Mau,Viet Nam,9.1769,105.1501,35.6,26.6,30.6,0.1,66,14.8,45,57
2026-04-29,669,Hưng Yên,Viet Nam,20.6465,106.0511,27.5,20.3,23.9,0.0,69,21.2,73,67
2026-04-29,910,Cao Bằng,Viet Nam,22.6661,106.2635,27.5,16.6,22.1,0.0,60,16.2,36,56
2026-04-29,146,Tiền Giang,Viet Nam,10.3606,106.3636,34.6,26.5,29.9,0.4,70,12.4,70,44
2026-04-29,707,Bắc Ninh,Viet Nam,21.1861,106.0763,28.4,19.7,23.9,0.0,61,18.9,59,74
2026-04-29,347,Bình Phước,Viet Nam,11.7516,106.8778,33.3,24.9,27.7,4.8,83,8.2,65,72
2026-04-29,849,Bắc Giang,Viet Nam,21.2731,106.1946,28.3,19.6,23.8,0.0,60,18.9,59,71
2026-04-29,696,Hà Nam,Viet Nam,20.5463,105.9142,27.4,19.9,23.6,0.0,69,25.2,73,68
2026-04-29,463,Hậu Giang,Viet Nam,9.7845,105.4735,34.0,25.3,29.4,0.0,68,12.1,80,53
2026-04-29,503,Sơn La,Viet Nam,21.3262,103.9149,25.8,19.2,22.1,2.4,70,19.3,53,66
2026-04-29,108,Lào Cai,Viet Nam,22.4856,103.9707,29.3,22.2,25.4,0.0,61,10.7,47,81
2026-04-29,684,Khánh Hòa,Viet Nam,12.2467,109.1833,33.1,26.7,29.6,0.1,71,15.3,48,67
2026-04-29,645,Hà Tĩnh,Viet Nam,18.3421,105.9038,28.0,23.2,25.7,2.3,79,23.2,59,91
2026-04-29,511,Hòa Bình,Viet Nam,20.8171,105.3375,28.0,21.5,24.6,1.0,69,17.0,54,68
2026-04-29,326,Thừa Thiên Huế,Viet Nam,16.4633,107.5847,33.3,24.3,26.9,12.0,83,15.9,62,73
2026-04-29,784,Bình Thuận,Viet Nam,10.9333,108.1,32.9,27.6,29.8,0.0,70,16.5,35,67
2026-04-29,215,Hải Dương,Viet Nam,20.9391,106.3146,27.8,19.6,23.6,0.2,66,19.9,60,72
2026-04-30,249,Phú Yên,Viet Nam,13.0883,109.3045,30.6,24.8,27.6,1.1,79,23.9,54,32
2026-04-30,160,Nam Định,Viet Nam,20.4231,106.1681,26.7,21.4,23.7,0.0,72,11.0,76,13
2026-04-30,701,Hà Nội,Viet Nam,21.0285,105.8542,26.4,20.1,23.1,0.0,71,10.9,64,25
2026-04-30,385,Hà Giang,Viet Nam,22.8233,104.9836,27.2,20.2,23.7,0.0,69,6.0,41,67
2026-04-30,278,Đồng Nai,Viet Nam,10.9575,106.8427,36.6,27.5,31.5,0.0,57,16.8,56,42
2026-04-30,365,Cà Mau,Viet Nam,9.1769,105.1501,35.4,26.7,30.4,1.0,71,18.3,37,64
2026-04-30,503,Sơn La,Viet Nam,21.3262,103.9149,27.9,19.4,22.5,0.6,69,18.6,50,58
2026-04-30,108,Lào Cai,Viet Nam,22.4856,103.9707,26.2,20.7,23.1,0.0,71,6.5,48,79
2026-04-30,326,Thừa Thiên Huế,Viet Nam,16.4633,107.5847,27.7,23.1,25.4,1.3,81,17.0,49,64
2026-04-30,193,Bắc Kạn,Viet Nam,22.147,105.8326,28.8,19.1,23.2,0.0,70,13.6,46,37
2026-04-30,456,Vĩnh Phúc,Viet Nam,21.3089,105.6047,27.5,20.5,23.3,0.0,68,13.2,71,28
2026-04-30,327,Bà Rịa – Vũng Tàu,Viet Nam,10.4114,107.1362,31.5,28.0,29.6,0.0,73,22.5,32,31
2026-04-30,784,Bình Thuận,Viet Nam,10.9333,108.1,33.2,25.2,29.6,0.0,66,27.3,33,25
2026-04-30,122,Lâm Đồng,Viet Nam,11.9404,108.4419,24.5,14.7,19.2,2.1,73,17.5,49,22
2026-04-30,495,Nghệ An,Viet Nam,18.6667,105.6667,26.6,21.2,23.6,3.2,81,13.4,61,63
2026-04-30,132,Đắk Nông,Viet Nam,12.0,107.7,30.8,21.0,25.4,1.2,79,10.4,48,40
2026-04-30,872,Thái Bình,Viet Nam,20.4463,106.3364,27.2,21.1,23.5,0.0,73,11.0,57,16
2026-04-30,133,Bình Định,Viet Nam,13.782,109.2194,31.4,24.4,27.6,0.7,76,20.7,54,47
2026-04-30,960,Lai Châu,Viet Nam,22.3959,103.4621,25.3,17.4,20.9,1.1,74,8.7,45,74
2026-04-30,861,Lạng Sơn,Viet Nam,21.8519,106.7614,26.1,17.1,21.0,0.0,68,16.3,36,37
2026-04-30,196,Đắk Lắk,Viet Nam,12.6667,108.05,32.2,22.7,27.1,0.3,69,23.5,51,41
2026-04-30,707,Bắc Ninh,Viet Nam,21.1861,106.0763,27.0,20.2,23.0,0.0,72,11.9,64,25
2026-04-30,226,Kon Tum,Viet Nam,14.35,108.0,33.4,21.6,26.9,0.5,63,17.4,42,63
2026-04-30,645,Hà Tĩnh,Viet Nam,18.3421,105.9038,26.0,20.9,23.7,0.4,80,17.1,49,57
2026-04-30,811,Điện Biên,Viet Nam,21.3833,103.0167,28.2,19.8,23.2,2.1,83,10.8,45,72
2026-04-30,521,TP. Hồ Chí Minh,Viet Nam,10.8231,106.6297,36.9,27.8,31.8,0.6,57,15.1,56,48
2026-04-30,729,Phú Quốc,Viet Nam,10.279526,104.003538,34.0,25.5,29.0,2.9,79,9.6,58,78
2026-04-30,767,Kiên Giang,Viet Nam,10.0122,105.0809,35.6,25.6,30.6,0.5,63,15.0,76,60
2026-04-30,275,Tuyên Quang,Viet Nam,21.8159,105.2132,28.1,19.8,23.3,0.0,67,12.6,47,41
2026-04-30,547,Sóc Trăng,Viet Nam,9.6019,105.9731,35.1,26.4,30.0,0.1,70,18.6,69,48
2026-04-30,454,Thanh Hóa,Viet Nam,19.8075,105.7764,27.6,20.0,23.7,0.0,73,13.4,69,27
2026-04-30,951,Bình Dương,Viet Nam,11.0531,106.6661,35.4,27.0,30.8,0.2,61,18.5,63,46
2026-04-30,168,An Giang,Viet Nam,10.5185,105.1152,34.5,25.6,30.1,0.1,66,11.3,83,64
2026-04-30,496,Bạc Liêu,Viet Nam,9.2941,105.7242,34.8,26.2,30.0,0.2,72,18.2,36,49
2026-04-30,252,Phú Thọ,Viet Nam,21.3235,105.4011,27.6,21.2,23.9,0.0,69,15.5,71,29
2026-04-30,684,Khánh Hòa,Viet Nam,12.2467,109.1833,31.9,25.7,28.6,1.3,74,20.2,60,23
2026-04-30,288,Hoàng Sa,Viet Nam,16.641233,112.742024,28.1,26.9,27.6,0.1,82,25.5,44,44
2026-04-30,620,Cần Thơ,Viet Nam,10.0451,105.7462,35.7,26.2,30.3,0.0,69,15.5,85,65
2026-04-30,123,Quảng Trị,Viet Nam,16.75,107.1833,27.8,22.4,25.2,0.1,79,15.1,52,79
2026-04-30,587,Trà Vinh,Viet Nam,9.9342,106.3339,35.0,26.8,30.1,0.0,69,18.0,57,57
2026-04-30,696,Hà Nam,Viet Nam,20.5463,105.9142,26.3,20.3,22.9,0.0,73,13.8,76,11
2026-04-30,463,Hậu Giang,Viet Nam,9.7845,105.4735,35.1,25.1,29.7,0.1,70,15.3,73,64
2026-04-30,215,Hải Dương,Viet Nam,20.9391,106.3146,26.7,20.2,23.0,0.0,74,9.4,65,22
2026-04-30,920,Vĩnh Long,Viet Nam,10.2536,105.9723,34.9,26.0,29.9,0.3,70,15.8,75,60
2026-04-30,146,Tiền Giang,Viet Nam,10.3606,106.3636,34.5,27.2,30.2,0.1,68,18.3,65,47
2026-04-30,813,Đồng Tháp,Viet Nam,10.4552,105.6323,34.3,26.1,30.0,0.1,70,12.9,86,57
2026-04-30,237,Hải Phòng,Viet Nam,20.8449,106.6881,27.0,21.0,23.5,0.0,73,10.4,44,16
2026-04-30,734,Yên Bái,Viet Nam,21.7051,104.8751,28.9,20.1,23.7,0.0,68,8.5,56,51
2026-04-30,669,Hưng Yên,Viet Nam,20.6465,106.0511,27.1,20.9,23.5,0.0,74,11.2,77,7
2026-04-30,915,Tây Ninh,Viet Nam,11.3125,106.1006,35.7,27.3,31.2,0.7,62,14.3,78,59
2026-04-30,590,Đà Nẵng,Viet Nam,16.0471,108.2068,29.9,24.8,27.0,0.0,71,22.8,63,71
2026-04-30,110,Thái Nguyên,Viet Nam,21.5939,105.8481,27.5,19.9,23.4,0.0,69,16.0,56,37
2026-04-30,416,Ninh Bình,Viet Nam,20.2506,105.9744,26.9,21.1,23.5,0.0,74,12.5,76,21
2026-04-30,511,Hòa Bình,Viet Nam,20.8171,105.3375,26.8,21.3,23.8,0.0,72,9.7,64,20
2026-04-30,981,Quảng Bình,Viet Nam,17.4731,106.5962,27.2,21.9,24.8,0.4,76,17.2,53,73
2026-04-30,208,Ninh Thuận,Viet Nam,11.5647,108.9892,34.9,25.4,30.0,0.0,65,23.7,37,28
2026-04-30,201,Trường Sa,Viet Nam,10.66936,115.833324,30.2,29.1,29.7,0.3,72,26.2,30,18
2026-04-30,347,Bình Phước,Viet Nam,11.7516,106.8778,34.3,25.7,29.4,1.1,73,10.9,66,52
2026-04-30,849,Bắc Giang,Viet Nam,21.2731,106.1946,27.5,19.9,23.1,0.0,72,12.7,64,20
2026-04-30,833,Bến Tre,Viet Nam,10.2424,106.3752,34.3,26.2,29.5,0.0,73,16.3,65,51
2026-04-30,797,Gia Lai,Viet Nam,13.9833,108.0,30.6,20.4,24.6,1.4,73,18.0,46,59
2026-04-30,910,Cao Bằng,Viet Nam,22.6661,106.2635,28.0,18.6,22.5,0.0,63,10.7,41,43
2026-04-30,255,Long An,Viet Nam,10.5332,105.4053,34.7,26.5,30.5,0.2,66,14.4,86,63
2026-05-01,278,Đồng Nai,Viet Nam,10.9575,106.8427,38.3,27.6,31.3,0.1,60,21.0,44,56
2026-05-01,326,Thừa Thiên Huế,Viet Nam,16.4633,107.5847,29.6,23.8,26.3,0.0,84,16.0,53,82
2026-05-01,160,Nam Định,Viet Nam,20.4231,106.1681,28.3,23.5,25.5,0.2,77,14.3,75,84
2026-05-01,196,Đắk Lắk,Viet Nam,12.6667,108.05,33.1,23.3,27.3,0.4,68,25.2,37,83
2026-05-01,813,Đồng Tháp,Viet Nam,10.4552,105.6323,35.4,26.4,30.4,0.0,66,16.5,74,59
2026-05-01,249,Phú Yên,Viet Nam,13.0883,109.3045,31.0,25.2,27.9,0.6,77,20.1,42,66
2026-05-01,122,Lâm Đồng,Viet Nam,11.9404,108.4419,24.6,15.3,19.3,3.6,78,14.6,39,67
2026-05-01,503,Sơn La,Viet Nam,21.3262,103.9149,27.9,19.9,23.2,12.2,83,14.3,63,89
2026-05-01,669,Hưng Yên,Viet Nam,20.6465,106.0511,28.4,22.6,25.0,0.0,79,15.9,78,83
2026-05-01,696,Hà Nam,Viet Nam,20.5463,105.9142,28.2,22.4,24.6,0.0,78,15.4,75,85
2026-05-01,684,Khánh Hòa,Viet Nam,12.2467,109.1833,32.2,25.7,28.6,1.0,73,22.1,49,66
2026-05-01,910,Cao Bằng,Viet Nam,22.6661,106.2635,27.8,21.0,24.0,0.0,76,15.4,60,93
2026-05-01,208,Ninh Thuận,Viet Nam,11.5647,108.9892,35.9,26.4,30.5,0.0,63,23.8,34,50
2026-05-01,385,Hà Giang,Viet Nam,22.8233,104.9836,26.3,22.1,23.9,3.5,79,11.9,67,99
2026-05-01,237,Hải Phòng,Viet Nam,20.8449,106.6881,27.8,23.0,25.5,0.0,77,14.0,56,92
2026-05-01,123,Quảng Trị,Viet Nam,16.75,107.1833,28.4,23.3,25.6,0.1,85,16.6,49,85
2026-05-01,511,Hòa Bình,Viet Nam,20.8171,105.3375,30.5,22.2,25.6,0.0,74,14.5,71,89
2026-05-01,495,Nghệ An,Viet Nam,18.6667,105.6667,28.2,21.8,24.8,0.0,79,10.8,70,87
2026-05-01,960,Lai Châu,Viet Nam,22.3959,103.4621,25.4,17.6,20.4,28.3,87,5.0,57,90
2026-05-01,201,Trường Sa,Viet Nam,10.66936,115.833324,30.3,29.3,29.8,0.2,71,25.6,30,48
2026-05-01,872,Thái Bình,Viet Nam,20.4463,106.3364,28.1,23.3,25.5,0.0,77,13.9,68,87
2026-05-01,620,Cần Thơ,Viet Nam,10.0451,105.7462,36.1,26.0,30.5,0.0,66,17.5,71,43
2026-05-01,811,Điện Biên,Viet Nam,21.3833,103.0167,29.1,20.2,23.6,15.3,85,12.6,47,82
2026-05-01,645,Hà Tĩnh,Viet Nam,18.3421,105.9038,27.8,22.6,24.8,0.0,79,17.7,60,89
2026-05-01,521,TP. Hồ Chí Minh,Viet Nam,10.8231,106.6297,39.4,28.0,31.8,0.2,59,18.5,44,45
2026-05-01,133,Bình Định,Viet Nam,13.782,109.2194,32.6,24.6,27.9,0.1,75,17.1,42,69
2026-05-01,547,Sóc Trăng,Viet Nam,9.6019,105.9731,34.5,25.2,29.7,1.3,70,23.0,55,61
2026-05-01,456,Vĩnh Phúc,Viet Nam,21.3089,105.6047,28.2,22.0,24.6,0.0,78,17.7,81,90
2026-05-01,454,Thanh Hóa,Viet Nam,19.8075,105.7764,28.6,22.3,25.4,0.0,74,15.2,66,92
2026-05-01,168,An Giang,Viet Nam,10.5185,105.1152,35.1,26.0,30.3,0.0,66,14.4,71,57
2026-05-01,496,Bạc Liêu,Viet Nam,9.2941,105.7242,32.4,25.8,29.0,3.2,75,23.6,28,71
2026-05-01,288,Hoàng Sa,Viet Nam,16.641233,112.742024,28.7,27.9,28.2,0.0,77,22.1,40,45
2026-05-01,797,Gia Lai,Viet Nam,13.9833,108.0,30.5,20.3,24.7,0.1,72,18.9,34,76
2026-05-01,463,Hậu Giang,Viet Nam,9.7845,105.4735,35.5,25.6,29.9,0.3,70,18.5,64,35
2026-05-01,833,Bến Tre,Viet Nam,10.2424,106.3752,34.9,26.6,30.0,0.1,69,19.5,44,46
2026-05-01,915,Tây Ninh,Viet Nam,11.3125,106.1006,36.0,26.5,30.9,0.0,64,16.5,67,72
2026-05-01,587,Trà Vinh,Viet Nam,9.9342,106.3339,35.0,26.3,30.4,0.0,66,20.6,32,48
2026-05-01,146,Tiền Giang,Viet Nam,10.3606,106.3636,36.0,27.5,30.7,0.0,64,19.2,44,47
2026-05-01,215,Hải Dương,Viet Nam,20.9391,106.3146,28.1,22.4,25.0,0.0,78,15.2,70,88
2026-05-01,255,Long An,Viet Nam,10.5332,105.4053,35.7,26.4,30.7,0.0,64,15.8,74,58
2026-05-01,275,Tuyên Quang,Viet Nam,21.8159,105.2132,27.8,21.2,24.2,0.0,77,15.2,73,98
2026-05-01,252,Phú Thọ,Viet Nam,21.3235,105.4011,28.8,22.3,25.1,0.0,77,22.1,81,89
2026-05-01,327,Bà Rịa – Vũng Tàu,Viet Nam,10.4114,107.1362,32.7,28.4,29.9,0.0,72,28.7,33,54
2026-05-01,784,Bình Thuận,Viet Nam,10.9333,108.1,34.7,27.1,30.2,0.0,65,29.6,33,54
2026-05-01,193,Bắc Kạn,Viet Nam,22.147,105.8326,26.9,21.4,24.0,0.1,80,15.1,69,90
2026-05-01,110,Thái Nguyên,Viet Nam,21.5939,105.8481,27.8,21.7,24.6,0.0,77,16.9,74,89
2026-05-01,734,Yên Bái,Viet Nam,21.7051,104.8751,27.5,21.3,24.1,0.1,79,9.7,82,95
2026-05-01,132,Đắk Nông,Viet Nam,12.0,107.7,32.4,21.3,26.1,0.0,70,10.1,43,72
2026-05-01,108,Lào Cai,Viet Nam,22.4856,103.9707,26.5,20.1,23.1,9.7,83,9.7,69,92
2026-05-01,590,Đà Nẵng,Viet Nam,16.0471,108.2068,31.8,25.6,27.5,0.0,75,13.9,57,81
2026-05-01,365,Cà Mau,Viet Nam,9.1769,105.1501,33.3,26.3,29.4,3.7,74,25.6,28,73
2026-05-01,981,Quảng Bình,Viet Nam,17.4731,106.5962,27.1,23.5,25.2,0.0,81,13.2,46,89
2026-05-01,416,Ninh Bình,Viet Nam,20.2506,105.9744,28.1,22.9,25.0,0.0,78,15.9,75,85
2026-05-01,347,Bình Phước,Viet Nam,11.7516,106.8778,33.9,25.1,29.3,0.0,70,12.3,68,83
2026-05-01,849,Bắc Giang,Viet Nam,21.2731,106.1946,27.9,21.8,24.8,0.1,78,15.8,76,90
2026-05-01,951,Bình Dương,Viet Nam,11.0531,106.6661,36.7,26.7,30.6,0.0,63,21.9,58,62
2026-05-01,729,Phú Quốc,Viet Nam,10.279526,104.003538,33.7,25.7,29.2,0.3,71,14.0,57,79
2026-05-01,701,Hà Nội,Viet Nam,21.0285,105.8542,28.1,21.8,24.6,0.0,79,15.6,76,86
2026-05-01,707,Bắc Ninh,Viet Nam,21.1861,106.0763,28.0,22.1,24.8,0.0,78,15.4,76,90
2026-05-01,920,Vĩnh Long,Viet Nam,10.2536,105.9723,35.5,26.5,30.4,0.0,66,17.6,64,62
2026-05-01,861,Lạng Sơn,Viet Nam,21.8519,106.7614,27.4,20.1,23.5,0.0,75,16.8,53,88
2026-05-01,226,Kon Tum,Viet Nam,14.35,108.0,33.2,20.6,26.7,0.7,65,16.2,32,89
2026-05-01,767,Kiên Giang,Viet Nam,10.0122,105.0809,36.4,26.5,30.9,0.0,64,18.1,66,42
2026-05-02,811,Điện Biên,Viet Nam,21.3833,103.0167,28.5,20.3,23.2,13.4,89,12.1,36,85
2026-05-02,645,Hà Tĩnh,Viet Nam,18.3421,105.9038,32.0,24.4,27.9,2.2,81,11.7,52,75
2026-05-02,365,Cà Mau,Viet Nam,9.1769,105.1501,33.2,26.8,29.6,2.5,74,17.4,29,79
2026-05-02,385,Hà Giang,Viet Nam,22.8233,104.9836,27.8,21.8,23.6,2.5,86,6.6,72,95
2026-05-02,122,Lâm Đồng,Viet Nam,11.9404,108.4419,24.1,14.3,18.8,10.0,81,11.8,33,93
2026-05-02,160,Nam Định,Viet Nam,20.4231,106.1681,29.9,24.3,26.9,1.6,86,22.2,66,68
2026-05-02,326,Thừa Thiên Huế,Viet Nam,16.4633,107.5847,32.3,24.0,28.2,0.0,80,11.1,57,85
2026-05-02,813,Đồng Tháp,Viet Nam,10.4552,105.6323,32.6,25.6,28.8,6.7,78,15.6,69,94
2026-05-02,456,Vĩnh Phúc,Viet Nam,21.3089,105.6047,30.6,23.3,25.8,3.5,84,22.1,80,88
2026-05-02,669,Hưng Yên,Viet Nam,20.6465,106.0511,30.2,24.1,26.8,3.6,87,20.0,73,62
2026-05-02,503,Sơn La,Viet Nam,21.3262,103.9149,27.4,19.8,22.8,7.4,86,8.7,47,82
2026-05-02,237,Hải Phòng,Viet Nam,20.8449,106.6881,29.0,24.1,26.5,8.9,89,17.1,40,72
2026-05-02,208,Ninh Thuận,Viet Nam,11.5647,108.9892,35.3,26.4,30.3,0.0,66,23.3,31,96
2026-05-02,701,Hà Nội,Viet Nam,21.0285,105.8542,31.6,23.3,25.7,6.5,89,21.7,76,86
2026-05-02,327,Bà Rịa – Vũng Tàu,Viet Nam,10.4114,107.1362,31.2,28.2,29.4,8.2,76,20.9,33,92
2026-05-02,784,Bình Thuận,Viet Nam,10.9333,108.1,33.1,26.3,29.4,3.9,71,22.7,33,89
2026-05-02,278,Đồng Nai,Viet Nam,10.9575,106.8427,35.6,26.7,29.8,1.8,71,17.3,37,89
2026-05-02,861,Lạng Sơn,Viet Nam,21.8519,106.7614,27.2,21.2,24.1,2.3,90,20.9,56,92
2026-05-02,495,Nghệ An,Viet Nam,18.6667,105.6667,31.6,23.7,27.7,0.0,83,8.5,73,80
2026-05-02,201,Trường Sa,Viet Nam,10.66936,115.833324,30.1,29.1,29.7,0.1,73,23.2,25,84
2026-05-02,511,Hòa Bình,Viet Nam,20.8171,105.3375,33.5,23.8,26.7,5.6,86,12.7,64,88
2026-05-02,797,Gia Lai,Viet Nam,13.9833,108.0,31.1,20.7,25.3,0.8,73,13.6,28,85
2026-05-02,707,Bắc Ninh,Viet Nam,21.1861,106.0763,30.4,23.6,25.8,11.9,88,17.9,76,88
2026-05-02,696,Hà Nam,Viet Nam,20.5463,105.9142,31.4,23.1,26.5,1.1,87,18.3,66,63
2026-05-02,981,Quảng Bình,Viet Nam,17.4731,106.5962,30.7,25.1,27.6,0.0,84,14.2,47,86
2026-05-02,910,Cao Bằng,Viet Nam,22.6661,106.2635,31.4,22.5,25.0,6.6,86,21.4,65,96
2026-05-02,133,Bình Định,Viet Nam,13.782,109.2194,32.6,24.1,28.1,0.0,78,15.2,41,83
2026-05-02,960,Lai Châu,Viet Nam,22.3959,103.4621,24.4,17.3,19.9,9.0,86,5.1,29,93
2026-05-02,920,Vĩnh Long,Viet Nam,10.2536,105.9723,32.8,26.3,28.9,1.7,77,14.2,58,99
2026-05-02,521,TP. Hồ Chí Minh,Viet Nam,10.8231,106.6297,36.4,27.1,30.3,4.0,69,14.8,37,89
2026-05-02,108,Lào Cai,Viet Nam,22.4856,103.9707,26.7,21.5,23.5,2.3,85,5.6,48,86
2026-05-02,123,Quảng Trị,Viet Nam,16.75,107.1833,31.1,24.2,27.7,0.0,84,10.8,57,85
2026-05-02,463,Hậu Giang,Viet Nam,9.7845,105.4735,35.0,25.3,29.0,7.2,77,17.2,63,89
2026-05-02,951,Bình Dương,Viet Nam,11.0531,106.6661,34.1,26.0,29.1,1.7,75,11.7,50,89
2026-05-02,547,Sóc Trăng,Viet Nam,9.6019,105.9731,33.8,26.3,29.4,1.3,74,18.2,51,84
2026-05-02,496,Bạc Liêu,Viet Nam,9.2941,105.7242,33.1,26.7,29.3,1.8,75,16.8,29,77
2026-05-02,288,Hoàng Sa,Viet Nam,16.641233,112.742024,29.1,28.3,28.7,0.0,75,18.4,35,92
2026-05-02,454,Thanh Hóa,Viet Nam,19.8075,105.7764,31.1,24.8,27.5,0.0,84,22.1,64,57
2026-05-02,146,Tiền Giang,Viet Nam,10.3606,106.3636,32.8,26.6,29.0,6.9,76,18.6,41,98
2026-05-02,915,Tây Ninh,Viet Nam,11.3125,106.1006,35.5,26.3,30.0,16.8,74,10.5,62,96
2026-05-02,620,Cần Thơ,Viet Nam,10.0451,105.7462,35.0,26.4,29.5,3.9,74,17.1,70,94
2026-05-02,249,Phú Yên,Viet Nam,13.0883,109.3045,31.5,24.6,28.1,0.5,80,13.3,45,97
2026-05-02,833,Bến Tre,Viet Nam,10.2424,106.3752,33.0,26.2,28.5,4.2,80,17.5,41,98
2026-05-02,215,Hải Dương,Viet Nam,20.9391,106.3146,30.3,23.9,26.2,19.0,89,17.0,63,72
2026-05-02,255,Long An,Viet Nam,10.5332,105.4053,33.4,25.1,29.2,11.6,74,19.0,69,92
2026-05-02,416,Ninh Bình,Viet Nam,20.2506,105.9744,30.2,24.4,26.8,0.4,87,21.3,66,63
2026-05-02,275,Tuyên Quang,Viet Nam,21.8159,105.2132,30.1,22.4,25.3,0.3,84,16.4,75,91
2026-05-02,872,Thái Bình,Viet Nam,20.4463,106.3364,29.5,24.4,26.9,1.4,86,23.1,46,64
2026-05-02,193,Bắc Kạn,Viet Nam,22.147,105.8326,30.1,23.3,25.6,1.9,86,13.2,74,99
2026-05-02,110,Thái Nguyên,Viet Nam,21.5939,105.8481,31.4,23.2,25.8,1.2,86,18.3,73,93
2026-05-02,684,Khánh Hòa,Viet Nam,12.2467,109.1833,31.9,25.9,28.7,0.5,74,15.8,37,97
2026-05-02,734,Yên Bái,Viet Nam,21.7051,104.8751,30.3,21.6,24.9,0.5,84,9.6,87,88
2026-05-02,168,An Giang,Viet Nam,10.5185,105.1152,33.7,24.8,29.1,3.9,75,13.2,67,95
2026-05-02,196,Đắk Lắk,Viet Nam,12.6667,108.05,33.9,22.7,27.5,2.5,69,17.4,34,91
2026-05-02,587,Trà Vinh,Viet Nam,9.9342,106.3339,33.5,26.4,29.2,8.0,74,17.5,33,87
2026-05-02,132,Đắk Nông,Viet Nam,12.0,107.7,31.0,20.8,24.3,16.0,84,5.4,50,96
2026-05-02,767,Kiên Giang,Viet Nam,10.0122,105.0809,34.7,25.2,29.5,7.2,71,14.9,65,98
2026-05-02,226,Kon Tum,Viet Nam,14.35,108.0,33.7,21.9,27.3,0.3,66,14.0,29,75
2026-05-02,347,Bình Phước,Viet Nam,11.7516,106.8778,33.6,25.4,28.4,1.4,80,11.4,59,93
2026-05-02,849,Bắc Giang,Viet Nam,21.2731,106.1946,30.1,23.7,25.7,40.8,89,18.1,76,83
2026-05-02,729,Phú Quốc,Viet Nam,10.279526,104.003538,32.5,26.0,28.3,1.8,78,10.4,34,99
2026-05-02,252,Phú Thọ,Viet Nam,21.3235,105.4011,31.4,23.7,26.3,2.2,85,20.0,80,87
2026-05-02,590,Đà Nẵng,Viet Nam,16.0471,108.2068,32.4,25.8,28.7,0.0,75,14.8,48,76
2026-05-03,811,Điện Biên,Viet Nam,21.3833,103.0167,28.6,20.4,23.4,6.6,87,11.6,37,70
2026-05-03,122,Lâm Đồng,Viet Nam,11.9404,108.4419,24.6,15.4,19.9,1.7,82,11.9,34,96
2026-05-03,456,Vĩnh Phúc,Viet Nam,21.3089,105.6047,29.7,20.5,24.4,17.0,85,14.8,99,84
2026-05-03,365,Cà Mau,Viet Nam,9.1769,105.1501,33.7,26.2,28.9,7.0,79,16.2,36,89
2026-05-03,669,Hưng Yên,Viet Nam,20.6465,106.0511,28.8,20.3,24.8,40.4,89,17.9,92,93
2026-05-03,385,Hà Giang,Viet Nam,22.8233,104.9836,24.4,18.9,21.8,24.8,87,8.5,48,96
2026-05-03,910,Cao Bằng,Viet Nam,22.6661,106.2635,24.2,18.6,21.6,10.8,81,10.5,57,95
2026-05-03,503,Sơn La,Viet Nam,21.3262,103.9149,27.1,17.3,22.1,22.8,87,20.1,43,80
2026-05-03,813,Đồng Tháp,Viet Nam,10.4552,105.6323,33.3,25.6,28.6,0.4,82,13.3,83,88
2026-05-03,237,Hải Phòng,Viet Nam,20.8449,106.6881,29.4,19.9,24.8,51.4,86,13.7,50,86
2026-05-03,327,Bà Rịa – Vũng Tàu,Viet Nam,10.4114,107.1362,30.2,26.6,28.9,0.4,79,21.7,27,97
2026-05-03,326,Thừa Thiên Huế,Viet Nam,16.4633,107.5847,34.7,25.9,29.7,0.7,76,10.1,66,75
2026-05-03,784,Bình Thuận,Viet Nam,10.9333,108.1,31.4,27.0,29.1,1.9,76,20.5,29,91
2026-05-03,201,Trường Sa,Viet Nam,10.66936,115.833324,30.1,25.9,29.1,8.4,76,23.3,23,71
2026-05-03,797,Gia Lai,Viet Nam,13.9833,108.0,30.9,21.9,26.0,0.6,70,14.1,35,86
2026-05-03,495,Nghệ An,Viet Nam,18.6667,105.6667,33.2,22.7,27.1,40.6,86,16.7,73,77
2026-05-03,645,Hà Tĩnh,Viet Nam,18.3421,105.9038,32.7,23.0,27.5,14.1,84,18.9,64,67
2026-05-03,108,Lào Cai,Viet Nam,22.4856,103.9707,26.3,19.9,22.6,26.0,86,8.9,39,94
2026-05-03,521,TP. Hồ Chí Minh,Viet Nam,10.8231,106.6297,34.4,24.0,29.5,6.4,74,12.8,39,96
2026-05-03,252,Phú Thọ,Viet Nam,21.3235,105.4011,30.0,21.2,24.6,13.9,86,14.8,99,82
2026-05-03,133,Bình Định,Viet Nam,13.782,109.2194,33.8,25.3,28.8,0.4,77,18.1,42,91
2026-05-03,861,Lạng Sơn,Viet Nam,21.8519,106.7614,23.9,16.8,20.6,54.3,88,20.2,45,86
2026-05-03,249,Phú Yên,Viet Nam,13.0883,109.3045,32.7,26.0,28.9,0.2,77,15.8,41,90
2026-05-03,511,Hòa Bình,Viet Nam,20.8171,105.3375,30.7,20.9,24.7,29.0,89,14.4,68,86
2026-05-03,981,Quảng Bình,Viet Nam,17.4731,106.5962,31.8,25.0,28.1,6.0,86,13.2,52,73
2026-05-03,701,Hà Nội,Viet Nam,21.0285,105.8542,27.7,19.7,24.0,48.2,86,17.4,79,90
2026-05-03,951,Bình Dương,Viet Nam,11.0531,106.6661,35.6,24.7,29.7,5.3,73,15.0,59,98
2026-05-03,168,An Giang,Viet Nam,10.5185,105.1152,33.0,25.1,28.0,7.6,85,14.0,80,83
2026-05-03,288,Hoàng Sa,Viet Nam,16.641233,112.742024,29.5,27.3,28.6,0.1,79,16.3,34,50
2026-05-03,496,Bạc Liêu,Viet Nam,9.2941,105.7242,32.3,26.0,29.0,1.4,78,15.8,31,100
2026-05-03,215,Hải Dương,Viet Nam,20.9391,106.3146,29.3,19.5,24.5,27.6,86,16.5,69,86
2026-05-03,547,Sóc Trăng,Viet Nam,9.6019,105.9731,31.7,26.2,28.8,3.9,77,19.9,64,100
2026-05-03,463,Hậu Giang,Viet Nam,9.7845,105.4735,33.6,25.6,28.5,4.0,82,14.0,72,99
2026-05-03,920,Vĩnh Long,Viet Nam,10.2536,105.9723,31.8,25.6,28.8,0.8,78,14.5,73,100
2026-05-03,275,Tuyên Quang,Viet Nam,21.8159,105.2132,28.0,19.2,23.0,22.4,88,11.6,72,86
2026-05-03,146,Tiền Giang,Viet Nam,10.3606,106.3636,33.1,25.9,29.2,1.1,75,18.4,59,98
2026-05-03,416,Ninh Bình,Viet Nam,20.2506,105.9744,29.8,20.5,25.1,28.4,90,19.3,87,90
2026-05-03,915,Tây Ninh,Viet Nam,11.3125,106.1006,36.1,24.8,29.6,5.6,75,19.4,67,95
2026-05-03,590,Đà Nẵng,Viet Nam,16.0471,108.2068,33.5,26.5,29.2,0.9,76,17.7,59,74
2026-05-03,454,Thanh Hóa,Viet Nam,19.8075,105.7764,32.0,20.6,25.9,60.4,87,19.8,81,89
2026-05-03,255,Long An,Viet Nam,10.5332,105.4053,34.0,25.8,29.0,0.5,78,15.8,83,85
2026-05-03,208,Ninh Thuận,Viet Nam,11.5647,108.9892,34.0,26.7,30.1,0.2,70,22.7,33,67
2026-05-03,193,Bắc Kạn,Viet Nam,22.147,105.8326,25.8,18.3,22.1,13.4,85,18.9,70,87
2026-05-03,226,Kon Tum,Viet Nam,14.35,108.0,33.3,23.7,27.7,0.4,66,11.9,36,84
2026-05-03,872,Thái Bình,Viet Nam,20.4463,106.3364,29.3,20.0,24.9,48.4,89,18.5,62,87
2026-05-03,110,Thái Nguyên,Viet Nam,21.5939,105.8481,28.0,19.8,23.9,5.2,80,14.7,71,84
2026-05-03,132,Đắk Nông,Viet Nam,12.0,107.7,31.6,21.5,25.7,2.2,76,9.6,43,98
2026-05-03,767,Kiên Giang,Viet Nam,10.0122,105.0809,34.9,25.5,28.7,3.4,80,17.5,78,99
2026-05-03,278,Đồng Nai,Viet Nam,10.9575,106.8427,34.1,25.5,29.4,4.4,76,14.6,39,96
2026-05-03,160,Nam Định,Viet Nam,20.4231,106.1681,29.4,20.1,25.0,48.2,88,18.8,87,88
2026-05-03,696,Hà Nam,Viet Nam,20.5463,105.9142,27.7,19.6,23.9,31.2,91,19.4,87,93
2026-05-03,734,Yên Bái,Viet Nam,21.7051,104.8751,28.9,19.6,23.1,29.3,91,11.2,81,89
2026-05-03,587,Trà Vinh,Viet Nam,9.9342,106.3339,32.4,25.9,28.8,4.0,77,17.8,38,100
2026-05-03,684,Khánh Hòa,Viet Nam,12.2467,109.1833,32.2,26.2,29.1,0.8,75,13.4,37,62
2026-05-03,123,Quảng Trị,Viet Nam,16.75,107.1833,33.6,25.0,28.9,7.6,81,8.8,65,69
2026-05-03,347,Bình Phước,Viet Nam,11.7516,106.8778,34.4,23.2,28.3,13.3,79,15.2,63,97
2026-05-03,849,Bắc Giang,Viet Nam,21.2731,106.1946,28.0,19.6,23.9,56.4,84,18.6,79,92
2026-05-03,707,Bắc Ninh,Viet Nam,21.1861,106.0763,28.0,19.5,23.9,52.8,84,19.4,79,93
2026-05-03,620,Cần Thơ,Viet Nam,10.0451,105.7462,32.3,25.8,29.1,2.4,77,18.2,86,97
2026-05-03,833,Bến Tre,Viet Nam,10.2424,106.3752,32.0,25.3,28.5,1.4,79,16.6,59,100
2026-05-03,196,Đắk Lắk,Viet Nam,12.6667,108.05,35.3,23.6,28.8,0.0,64,22.0,36,76
2026-05-03,960,Lai Châu,Viet Nam,22.3959,103.4621,24.2,17.2,20.0,32.9,87,5.5,34,88
2026-05-03,729,Phú Quốc,Viet Nam,10.279526,104.003538,31.5,25.6,27.3,19.0,88,9.2,48,100
2026-05-04,811,Điện Biên,Viet Nam,21.3833,103.0167,28.0,19.9,23.7,1.6,79,10.1,33,44
2026-05-04,208,Ninh Thuận,Viet Nam,11.5647,108.9892,35.9,27.0,30.6,0.0,62,24.0,32,79
2026-05-04,122,Lâm Đồng,Viet Nam,11.9404,108.4419,25.5,15.5,19.7,0.6,76,14.0,33,93
2026-05-04,456,Vĩnh Phúc,Viet Nam,21.3089,105.6047,30.1,20.9,24.3,0.0,72,12.1,68,38
2026-05-04,669,Hưng Yên,Viet Nam,20.6465,106.0511,25.9,20.9,22.9,0.7,82,16.8,72,43
2026-05-04,861,Lạng Sơn,Viet Nam,21.8519,106.7614,27.6,17.2,21.3,0.0,75,15.6,40,17
2026-05-04,511,Hòa Bình,Viet Nam,20.8171,105.3375,27.5,20.9,23.8,0.7,80,11.2,59,49
2026-05-04,521,TP. Hồ Chí Minh,Viet Nam,10.8231,106.6297,35.2,27.1,30.3,0.6,69,13.0,39,92
2026-05-04,385,Hà Giang,Viet Nam,22.8233,104.9836,27.9,20.3,23.6,0.0,69,6.2,40,34
2026-05-04,872,Thái Bình,Viet Nam,20.4463,106.3364,24.6,20.9,22.6,1.5,82,17.2,63,47
2026-05-04,327,Bà Rịa – Vũng Tàu,Viet Nam,10.4114,107.1362,31.6,28.3,29.6,5.7,74,23.4,30,91
2026-05-04,503,Sơn La,Viet Nam,21.3262,103.9149,26.1,17.9,22.3,0.0,72,15.0,37,34
2026-05-04,784,Bình Thuận,Viet Nam,10.9333,108.1,32.8,26.8,29.8,0.0,69,29.0,32,85
2026-05-04,620,Cần Thơ,Viet Nam,10.0451,105.7462,33.4,26.6,29.3,4.0,76,12.5,93,98
2026-05-04,201,Trường Sa,Viet Nam,10.66936,115.833324,30.1,27.3,29.3,0.7,75,26.0,30,93
2026-05-04,797,Gia Lai,Viet Nam,13.9833,108.0,30.0,20.7,24.7,0.4,72,18.2,29,76
2026-05-04,495,Nghệ An,Viet Nam,18.6667,105.6667,25.7,22.7,24.0,0.6,81,14.3,63,89
2026-05-04,108,Lào Cai,Viet Nam,22.4856,103.9707,26.5,20.6,23.8,0.0,70,7.0,40,39
2026-05-04,920,Vĩnh Long,Viet Nam,10.2536,105.9723,33.5,26.8,29.4,1.2,75,14.7,79,99
2026-05-04,981,Quảng Bình,Viet Nam,17.4731,106.5962,26.7,24.0,24.8,12.8,92,23.8,53,99
2026-05-04,252,Phú Thọ,Viet Nam,21.3235,105.4011,29.3,21.8,24.8,0.0,72,16.3,68,25
2026-05-04,707,Bắc Ninh,Viet Nam,21.1861,106.0763,27.6,20.7,23.4,4.8,78,10.2,65,30
2026-05-04,645,Hà Tĩnh,Viet Nam,18.3421,105.9038,25.3,22.5,23.9,7.6,88,17.0,52,91
2026-05-04,833,Bến Tre,Viet Nam,10.2424,106.3752,33.7,26.9,29.6,1.4,73,14.2,62,94
2026-05-04,160,Nam Định,Viet Nam,20.4231,106.1681,25.1,20.9,22.7,1.4,84,16.5,71,50
2026-05-04,237,Hải Phòng,Viet Nam,20.8449,106.6881,25.9,20.5,23.2,3.4,82,9.2,50,52
2026-05-04,813,Đồng Tháp,Viet Nam,10.4552,105.6323,32.8,25.6,28.0,3.8,85,13.7,91,100
2026-05-04,326,Thừa Thiên Huế,Viet Nam,16.4633,107.5847,29.9,24.1,26.1,14.3,89,13.5,60,90
2026-05-04,951,Bình Dương,Viet Nam,11.0531,106.6661,34.4,26.1,29.5,1.4,73,19.9,45,92
2026-05-04,288,Hoàng Sa,Viet Nam,16.641233,112.742024,28.9,28.1,28.5,0.1,76,22.0,29,39
2026-05-04,255,Long An,Viet Nam,10.5332,105.4053,32.2,25.5,27.4,20.5,87,15.0,91,100
2026-05-04,215,Hải Dương,Viet Nam,20.9391,106.3146,26.6,20.2,23.0,2.4,80,13.6,64,40
2026-05-04,168,An Giang,Viet Nam,10.5185,105.1152,32.4,24.6,26.9,23.0,88,17.5,81,100
2026-05-04,496,Bạc Liêu,Viet Nam,9.2941,105.7242,33.7,26.9,29.5,11.0,74,17.5,29,87
2026-05-04,275,Tuyên Quang,Viet Nam,21.8159,105.2132,28.2,20.4,23.9,0.0,69,8.9,45,10
2026-05-04,146,Tiền Giang,Viet Nam,10.3606,106.3636,33.6,27.4,30.0,0.4,70,16.2,62,98
2026-05-04,416,Ninh Bình,Viet Nam,20.2506,105.9744,24.8,20.8,22.4,1.8,83,17.8,71,46
2026-05-04,915,Tây Ninh,Viet Nam,11.3125,106.1006,34.6,25.1,29.0,0.4,75,16.5,69,100
2026-05-04,590,Đà Nẵng,Viet Nam,16.0471,108.2068,31.5,25.0,27.7,5.0,80,15.1,41,88
2026-05-04,463,Hậu Giang,Viet Nam,9.7845,105.4735,33.7,25.5,28.3,8.7,81,16.7,75,96
2026-05-04,132,Đắk Nông,Viet Nam,12.0,107.7,31.4,21.0,25.7,0.9,75,12.5,41,100
2026-05-04,547,Sóc Trăng,Viet Nam,9.6019,105.9731,33.9,26.9,29.8,1.4,72,17.0,67,79
2026-05-04,193,Bắc Kạn,Viet Nam,22.147,105.8326,29.9,20.0,23.9,0.0,72,13.6,42,29
2026-05-04,767,Kiên Giang,Viet Nam,10.0122,105.0809,32.9,25.0,27.9,10.7,82,15.4,76,99
2026-05-04,696,Hà Nam,Viet Nam,20.5463,105.9142,25.7,20.6,22.5,0.5,81,17.1,71,47
2026-05-04,960,Lai Châu,Viet Nam,22.3959,103.4621,25.4,17.1,20.7,0.0,71,4.3,37,36
2026-05-04,196,Đắk Lắk,Viet Nam,12.6667,108.05,33.5,23.7,27.9,0.1,64,22.9,30,97
2026-05-04,226,Kon Tum,Viet Nam,14.35,108.0,33.6,21.5,27.2,0.0,63,16.9,32,87
2026-05-04,278,Đồng Nai,Viet Nam,10.9575,106.8427,34.2,26.5,29.8,0.2,70,14.5,39,93
2026-05-04,133,Bình Định,Viet Nam,13.782,109.2194,32.9,24.9,28.2,1.1,76,15.7,35,83
2026-05-04,701,Hà Nội,Viet Nam,21.0285,105.8542,27.9,20.8,23.6,3.1,76,11.6,65,36
2026-05-04,110,Thái Nguyên,Viet Nam,21.5939,105.8481,29.9,20.5,24.3,0.0,72,12.4,52,13
2026-05-04,249,Phú Yên,Viet Nam,13.0883,109.3045,32.5,25.5,28.7,1.6,74,16.8,35,90
2026-05-04,684,Khánh Hòa,Viet Nam,12.2467,109.1833,32.7,25.9,28.9,2.4,73,18.8,35,98
2026-05-04,910,Cao Bằng,Viet Nam,22.6661,106.2635,29.7,19.2,23.5,0.0,64,12.6,38,30
2026-05-04,347,Bình Phước,Viet Nam,11.7516,106.8778,32.0,23.9,27.3,3.4,84,13.6,44,100
2026-05-04,123,Quảng Trị,Viet Nam,16.75,107.1833,28.6,24.3,26.0,4.7,89,17.7,47,91
2026-05-04,454,Thanh Hóa,Viet Nam,19.8075,105.7764,25.1,20.3,22.7,0.4,82,18.9,63,60
2026-05-04,587,Trà Vinh,Viet Nam,9.9342,106.3339,33.7,27.1,29.9,0.3,70,15.5,53,93
2026-05-04,849,Bắc Giang,Viet Nam,21.2731,106.1946,28.4,20.3,23.6,3.3,77,12.9,65,30
2026-05-04,729,Phú Quốc,Viet Nam,10.279526,104.003538,33.4,24.6,27.9,7.6,81,13.0,61,100
2026-05-04,365,Cà Mau,Viet Nam,9.1769,105.1501,33.9,26.3,29.4,8.0,75,15.2,33,96
2026-05-04,734,Yên Bái,Viet Nam,21.7051,104.8751,28.0,20.6,23.9,0.0,72,10.5,50,19
2026-05-05,208,Ninh Thuận,Viet Nam,11.5647,108.9892,34.3,26.4,29.9,0.3,66,24.2,29,74
2026-05-05,833,Bến Tre,Viet Nam,10.2424,106.3752,33.1,24.7,28.6,9.5,78,20.0,43,100
2026-05-05,811,Điện Biên,Viet Nam,21.3833,103.0167,28.2,20.4,23.8,4.0,86,11.6,30,33
2026-05-05,456,Vĩnh Phúc,Viet Nam,21.3089,105.6047,29.6,23.1,25.7,0.0,76,14.2,84,24
2026-05-05,122,Lâm Đồng,Viet Nam,11.9404,108.4419,24.2,15.8,19.2,13.8,86,16.7,29,91
2026-05-05,861,Lạng Sơn,Viet Nam,21.8519,106.7614,28.8,20.1,23.9,0.0,77,12.7,57,37
2026-05-05,511,Hòa Bình,Viet Nam,20.8171,105.3375,31.7,22.8,26.5,0.0,75,11.4,72,27
2026-05-05,669,Hưng Yên,Viet Nam,20.6465,106.0511,28.9,23.2,25.7,0.0,81,14.8,85,40
2026-05-05,872,Thái Bình,Viet Nam,20.4463,106.3364,28.3,23.3,25.5,0.0,83,12.9,65,34
2026-05-05,327,Bà Rịa – Vũng Tàu,Viet Nam,10.4114,107.1362,31.3,27.1,28.9,2.8,78,24.3,31,93
2026-05-05,784,Bình Thuận,Viet Nam,10.9333,108.1,33.4,26.4,29.6,0.3,71,29.2,30,84
2026-05-05,645,Hà Tĩnh,Viet Nam,18.3421,105.9038,27.7,22.8,25.2,0.1,82,12.4,44,46
2026-05-05,620,Cần Thơ,Viet Nam,10.0451,105.7462,32.7,25.7,28.2,13.2,81,17.3,74,93
2026-05-05,920,Vĩnh Long,Viet Nam,10.2536,105.9723,33.7,25.6,28.5,4.8,79,17.2,66,97
2026-05-05,981,Quảng Bình,Viet Nam,17.4731,106.5962,27.8,23.1,25.3,0.2,84,16.7,42,53
2026-05-05,201,Trường Sa,Viet Nam,10.66936,115.833324,30.2,28.4,29.7,0.7,70,23.1,26,62
2026-05-05,108,Lào Cai,Viet Nam,22.4856,103.9707,28.7,22.3,25.3,0.2,74,7.9,47,36
2026-05-05,454,Thanh Hóa,Viet Nam,19.8075,105.7764,29.1,22.8,25.6,0.0,80,15.4,74,44
2026-05-05,521,TP. Hồ Chí Minh,Viet Nam,10.8231,106.6297,35.6,26.3,29.5,8.0,74,11.7,37,100
2026-05-05,707,Bắc Ninh,Viet Nam,21.1861,106.0763,29.1,22.4,25.6,0.0,79,15.6,81,32
2026-05-05,133,Bình Định,Viet Nam,13.782,109.2194,32.4,24.6,27.9,0.9,78,18.2,30,55
2026-05-05,385,Hà Giang,Viet Nam,22.8233,104.9836,28.7,22.6,25.5,1.2,74,11.0,52,46
2026-05-05,252,Phú Thọ,Viet Nam,21.3235,105.4011,30.1,23.1,26.3,0.0,75,19.5,84,11
2026-05-05,797,Gia Lai,Viet Nam,13.9833,108.0,29.5,20.4,24.3,5.4,76,17.0,24,69
2026-05-05,503,Sơn La,Viet Nam,21.3262,103.9149,28.3,20.4,24.0,1.7,80,10.3,39,38
2026-05-05,951,Bình Dương,Viet Nam,11.0531,106.6661,34.3,25.3,28.5,9.3,79,12.0,48,96
2026-05-05,495,Nghệ An,Viet Nam,18.6667,105.6667,28.6,22.6,25.5,0.1,81,12.5,69,50
2026-05-05,215,Hải Dương,Viet Nam,20.9391,106.3146,29.5,22.9,25.6,0.0,80,13.2,73,28
2026-05-05,288,Hoàng Sa,Viet Nam,16.641233,112.742024,28.9,28.1,28.5,0.0,74,19.5,41,27
2026-05-05,255,Long An,Viet Nam,10.5332,105.4053,34.2,25.9,28.9,4.7,77,15.6,76,99
2026-05-05,168,An Giang,Viet Nam,10.5185,105.1152,33.6,25.2,28.3,6.1,82,13.9,75,98
2026-05-05,496,Bạc Liêu,Viet Nam,9.2941,105.7242,33.8,25.7,29.0,3.6,76,19.5,27,87
2026-05-05,590,Đà Nẵng,Viet Nam,16.0471,108.2068,29.7,24.2,26.8,1.0,82,17.3,35,51
2026-05-05,275,Tuyên Quang,Viet Nam,21.8159,105.2132,29.5,21.9,25.4,0.0,75,12.9,66,11
2026-05-05,132,Đắk Nông,Viet Nam,12.0,107.7,31.3,21.2,24.7,8.3,82,11.0,36,92
2026-05-05,146,Tiền Giang,Viet Nam,10.3606,106.3636,33.6,25.2,29.3,2.7,73,20.4,43,99
2026-05-05,734,Yên Bái,Viet Nam,21.7051,104.8751,30.6,21.7,25.7,0.0,75,10.8,69,25
2026-05-05,915,Tây Ninh,Viet Nam,11.3125,106.1006,35.1,25.9,29.4,8.6,73,11.9,66,87
2026-05-05,416,Ninh Bình,Viet Nam,20.2506,105.9744,28.4,23.0,25.4,0.0,82,15.5,80,43
2026-05-05,193,Bắc Kạn,Viet Nam,22.147,105.8326,29.4,22.1,25.2,0.1,78,9.2,66,46
2026-05-05,767,Kiên Giang,Viet Nam,10.0122,105.0809,33.9,25.4,28.7,6.8,79,16.3,68,92
2026-05-05,249,Phú Yên,Viet Nam,13.0883,109.3045,31.0,24.8,27.7,2.0,81,19.7,33,78
2026-05-05,365,Cà Mau,Viet Nam,9.1769,105.1501,33.5,25.9,28.9,9.9,77,17.3,27,89
2026-05-05,960,Lai Châu,Viet Nam,22.3959,103.4621,26.2,18.4,22.0,4.5,77,8.5,42,46
2026-05-05,701,Hà Nội,Viet Nam,21.0285,105.8542,29.5,22.5,25.7,0.0,79,14.9,81,26
2026-05-05,196,Đắk Lắk,Viet Nam,12.6667,108.05,32.3,22.9,27.2,1.1,69,20.8,28,82
2026-05-05,696,Hà Nam,Viet Nam,20.5463,105.9142,28.5,22.2,25.2,0.0,81,15.5,80,37
2026-05-05,278,Đồng Nai,Viet Nam,10.9575,106.8427,34.7,26.1,29.0,15.0,76,10.4,37,100
2026-05-05,463,Hậu Giang,Viet Nam,9.7845,105.4735,33.3,25.3,28.4,6.7,80,20.9,65,87
2026-05-05,226,Kon Tum,Viet Nam,14.35,108.0,33.8,21.5,26.9,0.9,65,18.2,23,66
2026-05-05,813,Đồng Tháp,Viet Nam,10.4552,105.6323,33.9,25.8,28.5,7.6,80,16.3,76,99
2026-05-05,729,Phú Quốc,Viet Nam,10.279526,104.003538,32.6,24.8,27.2,17.7,88,13.4,49,99
2026-05-05,347,Bình Phước,Viet Nam,11.7516,106.8778,32.7,24.6,27.8,5.8,80,14.7,49,93
2026-05-05,123,Quảng Trị,Viet Nam,16.75,107.1833,28.8,23.2,25.9,3.8,86,15.9,35,61
2026-05-05,326,Thừa Thiên Huế,Viet Nam,16.4633,107.5847,28.5,23.5,26.0,2.4,86,13.4,33,58
2026-05-05,849,Bắc Giang,Viet Nam,21.2731,106.1946,29.4,22.1,25.7,0.0,79,16.7,81,24
2026-05-05,160,Nam Định,Viet Nam,20.4231,106.1681,28.4,23.0,25.6,0.0,82,14.0,80,35
2026-05-05,684,Khánh Hòa,Viet Nam,12.2467,109.1833,31.1,25.8,28.1,2.0,75,19.0,35,82
2026-05-05,910,Cao Bằng,Viet Nam,22.6661,106.2635,30.9,21.5,25.4,0.0,73,14.0,52,25
2026-05-05,110,Thái Nguyên,Viet Nam,21.5939,105.8481,29.3,22.3,25.6,0.0,77,15.1,74,27
2026-05-05,237,Hải Phòng,Viet Nam,20.8449,106.6881,29.6,23.1,25.9,0.0,80,12.2,53,34
2026-05-05,587,Trà Vinh,Viet Nam,9.9342,106.3339,32.0,24.9,28.6,7.3,78,18.8,34,100
2026-05-05,547,Sóc Trăng,Viet Nam,9.6019,105.9731,33.0,24.8,28.6,12.1,77,20.0,58,86
2026-05-06,208,Ninh Thuận,Viet Nam,11.5647,108.9892,34.9,26.3,30.5,0.0,64,23.4,29,91
2026-05-06,645,Hà Tĩnh,Viet Nam,18.3421,105.9038,30.6,24.6,27.5,0.1,83,15.2,34,24
2026-05-06,797,Gia Lai,Viet Nam,13.9833,108.0,30.5,20.7,25.0,1.4,75,13.6,24,54
2026-05-06,861,Lạng Sơn,Viet Nam,21.8519,106.7614,28.6,22.7,25.2,0.6,82,17.6,51,62
2026-05-06,833,Bến Tre,Viet Nam,10.2424,106.3752,32.6,24.9,28.5,1.8,81,15.7,49,89
2026-05-06,327,Bà Rịa – Vũng Tàu,Viet Nam,10.4114,107.1362,31.3,28.0,29.2,4.8,76,23.3,32,91
2026-05-06,872,Thái Bình,Viet Nam,20.4463,106.3364,29.3,25.4,27.0,0.2,84,17.6,37,46
2026-05-06,784,Bình Thuận,Viet Nam,10.9333,108.1,33.2,27.3,30.0,0.1,68,22.9,31,84
2026-05-06,511,Hòa Bình,Viet Nam,20.8171,105.3375,32.7,24.3,27.8,0.2,81,13.2,67,33
2026-05-06,495,Nghệ An,Viet Nam,18.6667,105.6667,31.0,24.1,27.3,0.0,84,14.4,62,32
2026-05-06,108,Lào Cai,Viet Nam,22.4856,103.9707,30.7,22.9,26.8,1.1,80,12.9,53,51
2026-05-06,920,Vĩnh Long,Viet Nam,10.2536,105.9723,33.0,26.0,28.1,12.2,83,17.8,66,92
2026-05-06,981,Quảng Bình,Viet Nam,17.4731,106.5962,29.9,24.8,27.0,0.1,84,16.9,32,39
2026-05-06,454,Thanh Hóa,Viet Nam,19.8075,105.7764,29.7,24.6,27.1,0.1,85,19.0,48,37
2026-05-06,133,Bình Định,Viet Nam,13.782,109.2194,32.8,25.3,28.6,0.6,76,15.2,32,46
2026-05-06,707,Bắc Ninh,Viet Nam,21.1861,106.0763,30.6,25.1,27.2,1.1,82,20.3,71,35
2026-05-06,122,Lâm Đồng,Viet Nam,11.9404,108.4419,23.7,15.5,19.0,14.6,89,13.4,27,87
2026-05-06,547,Sóc Trăng,Viet Nam,9.6019,105.9731,32.4,25.3,28.8,2.5,77,18.8,47,94
2026-05-06,669,Hưng Yên,Viet Nam,20.6465,106.0511,30.1,24.9,27.1,0.7,84,19.1,69,46
2026-05-06,620,Cần Thơ,Viet Nam,10.0451,105.7462,32.7,25.5,28.2,4.3,83,16.3,71,95
2026-05-06,463,Hậu Giang,Viet Nam,9.7845,105.4735,32.9,25.6,27.4,12.2,85,17.3,60,85
2026-05-06,456,Vĩnh Phúc,Viet Nam,21.3089,105.6047,31.7,24.3,27.3,0.2,80,20.4,69,49
2026-05-06,811,Điện Biên,Viet Nam,21.3833,103.0167,30.8,21.6,25.6,0.7,84,10.8,36,32
2026-05-06,521,TP. Hồ Chí Minh,Viet Nam,10.8231,106.6297,35.0,27.0,29.7,1.8,73,13.1,51,93
2026-05-06,951,Bình Dương,Viet Nam,11.0531,106.6661,34.4,26.3,29.2,2.7,74,11.9,58,95
2026-05-06,252,Phú Thọ,Viet Nam,21.3235,105.4011,32.8,24.9,27.9,0.0,78,23.7,69,39
2026-05-06,201,Trường Sa,Viet Nam,10.66936,115.833324,30.2,28.8,29.3,0.5,74,22.5,24,6
2026-05-06,915,Tây Ninh,Viet Nam,11.3125,106.1006,34.1,25.9,29.3,0.6,75,13.9,68,93
2026-05-06,168,An Giang,Viet Nam,10.5185,105.1152,32.5,25.2,28.0,9.9,83,15.2,76,96
2026-05-06,288,Hoàng Sa,Viet Nam,16.641233,112.742024,29.5,28.4,28.9,0.0,72,15.6,36,11
2026-05-06,496,Bạc Liêu,Viet Nam,9.2941,105.7242,32.6,25.0,28.9,10.0,77,18.4,26,85
2026-05-06,215,Hải Dương,Viet Nam,20.9391,106.3146,30.3,25.2,27.1,0.5,83,17.8,60,47
2026-05-06,416,Ninh Bình,Viet Nam,20.2506,105.9744,29.9,24.8,27.0,0.2,84,18.1,58,40
2026-05-06,255,Long An,Viet Nam,10.5332,105.4053,33.9,26.1,28.8,4.3,79,15.3,75,99
2026-05-06,278,Đồng Nai,Viet Nam,10.9575,106.8427,34.1,26.7,29.2,0.2,74,15.1,51,98
2026-05-06,275,Tuyên Quang,Viet Nam,21.8159,105.2132,31.7,23.5,27.0,0.1,79,14.7,72,58
2026-05-06,734,Yên Bái,Viet Nam,21.7051,104.8751,32.6,23.6,27.2,0.3,79,13.0,85,68
2026-05-06,110,Thái Nguyên,Viet Nam,21.5939,105.8481,31.0,24.3,27.4,0.5,80,19.5,69,57
2026-05-06,146,Tiền Giang,Viet Nam,10.3606,106.3636,33.6,25.5,28.9,6.9,77,18.2,49,95
2026-05-06,193,Bắc Kạn,Viet Nam,22.147,105.8326,30.2,24.1,26.5,1.0,83,15.0,70,63
2026-05-06,701,Hà Nội,Viet Nam,21.0285,105.8542,30.6,24.5,27.2,0.3,82,18.9,71,50
2026-05-06,910,Cao Bằng,Viet Nam,22.6661,106.2635,30.0,23.8,26.2,0.5,82,17.5,65,68
2026-05-06,813,Đồng Tháp,Viet Nam,10.4552,105.6323,33.7,26.0,28.1,10.6,84,15.5,75,100
2026-05-06,249,Phú Yên,Viet Nam,13.0883,109.3045,31.1,25.3,28.2,1.1,79,14.1,35,66
2026-05-06,590,Đà Nẵng,Viet Nam,16.0471,108.2068,31.8,25.8,28.4,0.0,76,16.9,46,33
2026-05-06,132,Đắk Nông,Viet Nam,12.0,107.7,30.0,21.5,24.2,24.4,88,8.5,34,91
2026-05-06,960,Lai Châu,Viet Nam,22.3959,103.4621,27.3,19.5,23.0,5.1,76,7.1,33,46
2026-05-06,767,Kiên Giang,Viet Nam,10.0122,105.0809,33.2,25.7,28.2,4.3,81,18.6,68,88
2026-05-06,160,Nam Định,Viet Nam,20.4231,106.1681,29.5,25.3,27.0,0.3,84,17.7,58,46
2026-05-06,684,Khánh Hòa,Viet Nam,12.2467,109.1833,31.7,25.9,29.0,1.3,74,12.0,35,89
2026-05-06,587,Trà Vinh,Viet Nam,9.9342,106.3339,32.8,25.2,28.8,4.3,77,19.2,33,89
2026-05-06,123,Quảng Trị,Viet Nam,16.75,107.1833,30.7,24.3,27.3,0.0,84,16.3,45,37
2026-05-06,729,Phú Quốc,Viet Nam,10.279526,104.003538,30.9,25.8,27.1,10.1,89,14.5,39,99
2026-05-06,347,Bình Phước,Viet Nam,11.7516,106.8778,32.9,24.7,27.7,2.4,85,13.2,44,92
2026-05-06,503,Sơn La,Viet Nam,21.3262,103.9149,30.0,22.4,25.9,3.2,76,8.3,40,40
2026-05-06,849,Bắc Giang,Viet Nam,21.2731,106.1946,30.4,25.1,27.1,1.0,82,21.1,71,33
2026-05-06,237,Hải Phòng,Viet Nam,20.8449,106.6881,29.0,25.9,27.1,0.1,83,16.8,38,52
2026-05-06,365,Cà Mau,Viet Nam,9.1769,105.1501,32.9,26.5,28.6,11.7,79,17.9,26,84
2026-05-06,696,Hà Nam,Viet Nam,20.5463,105.9142,30.2,24.5,26.8,0.3,84,18.7,58,49
2026-05-06,326,Thừa Thiên Huế,Viet Nam,16.4633,107.5847,31.1,24.0,27.6,0.0,81,15.0,47,23
2026-05-06,196,Đắk Lắk,Viet Nam,12.6667,108.05,33.8,23.5,27.5,4.8,70,19.0,27,95
2026-05-06,226,Kon Tum,Viet Nam,14.35,108.0,33.0,21.9,26.4,1.7,73,21.0,24,62
2026-05-06,385,Hà Giang,Viet Nam,22.8233,104.9836,30.2,23.6,26.7,3.7,80,13.9,68,82
2026-05-07,511,Hòa Bình,Viet Nam,20.8171,105.3375,32.6,24.4,27.2,25.7,88,10.5,67,90
2026-05-07,620,Cần Thơ,Viet Nam,10.0451,105.7462,33.1,25.9,29.1,0.1,77,13.9,75,66
2026-05-07,872,Thái Bình,Viet Nam,20.4463,106.3364,29.4,24.1,26.9,13.2,88,18.7,38,77
2026-05-07,495,Nghệ An,Viet Nam,18.6667,105.6667,32.3,24.6,28.0,13.7,86,17.6,68,73
2026-05-07,645,Hà Tĩnh,Viet Nam,18.3421,105.9038,32.4,24.5,28.4,0.2,82,14.1,43,74
2026-05-07,327,Bà Rịa – Vũng Tàu,Viet Nam,10.4114,107.1362,31.2,28.2,29.6,0.0,74,21.8,31,49
2026-05-07,201,Trường Sa,Viet Nam,10.66936,115.833324,30.0,28.1,29.5,0.4,74,24.8,26,13
2026-05-07,797,Gia Lai,Viet Nam,13.9833,108.0,31.9,20.6,25.7,0.0,72,18.9,30,34
2026-05-07,784,Bình Thuận,Viet Nam,10.9333,108.1,33.0,27.1,29.8,0.0,69,22.3,32,49
2026-05-07,208,Ninh Thuận,Viet Nam,11.5647,108.9892,34.4,25.8,30.0,0.4,69,24.9,33,37
2026-05-07,861,Lạng Sơn,Viet Nam,21.8519,106.7614,28.9,21.7,24.5,25.4,89,14.2,37,84
2026-05-07,590,Đà Nẵng,Viet Nam,16.0471,108.2068,32.6,26.3,29.1,0.0,73,18.1,46,40
2026-05-07,108,Lào Cai,Viet Nam,22.4856,103.9707,31.7,23.5,26.6,26.0,87,7.7,65,89
2026-05-07,132,Đắk Nông,Viet Nam,12.0,107.7,31.0,21.7,26.0,0.4,78,7.3,33,64
2026-05-07,920,Vĩnh Long,Viet Nam,10.2536,105.9723,33.4,26.2,29.3,0.0,75,14.5,64,71
2026-05-07,521,TP. Hồ Chí Minh,Viet Nam,10.8231,106.6297,36.3,27.6,31.0,0.1,65,13.4,39,67
2026-05-07,981,Quảng Bình,Viet Nam,17.4731,106.5962,30.7,25.8,27.8,0.0,84,15.3,42,69
2026-05-07,252,Phú Thọ,Viet Nam,21.3235,105.4011,31.6,23.8,27.0,33.8,87,16.9,72,87
2026-05-07,133,Bình Định,Viet Nam,13.782,109.2194,33.6,24.9,28.8,0.2,75,17.2,37,27
2026-05-07,707,Bắc Ninh,Viet Nam,21.1861,106.0763,29.6,23.6,26.2,28.2,89,15.3,66,88
2026-05-07,454,Thanh Hóa,Viet Nam,19.8075,105.7764,30.2,24.2,27.4,2.8,87,19.1,62,89
2026-05-07,547,Sóc Trăng,Viet Nam,9.6019,105.9731,33.1,26.2,29.2,1.1,75,17.8,58,61
2026-05-07,463,Hậu Giang,Viet Nam,9.7845,105.4735,32.9,25.5,28.9,0.7,77,15.6,64,74
2026-05-07,833,Bến Tre,Viet Nam,10.2424,106.3752,33.4,26.2,29.1,0.0,76,15.4,41,62
2026-05-07,951,Bình Dương,Viet Nam,11.0531,106.6661,35.7,26.5,30.7,0.0,65,16.2,42,73
2026-05-07,416,Ninh Bình,Viet Nam,20.2506,105.9744,29.8,23.8,26.9,14.0,88,18.3,61,84
2026-05-07,915,Tây Ninh,Viet Nam,11.3125,106.1006,36.3,25.2,30.8,1.0,67,13.9,65,79
2026-05-07,168,An Giang,Viet Nam,10.5185,105.1152,33.5,24.9,28.7,1.4,82,11.4,82,69
2026-05-07,496,Bạc Liêu,Viet Nam,9.2941,105.7242,32.8,26.8,29.4,1.6,76,17.6,25,83
2026-05-07,365,Cà Mau,Viet Nam,9.1769,105.1501,32.8,26.6,29.3,0.9,77,17.6,28,91
2026-05-07,146,Tiền Giang,Viet Nam,10.3606,106.3636,34.3,26.8,29.9,0.1,71,16.5,41,58
2026-05-07,288,Hoàng Sa,Viet Nam,16.641233,112.742024,29.6,28.6,29.0,0.0,71,15.5,32,3
2026-05-07,196,Đắk Lắk,Viet Nam,12.6667,108.05,34.3,23.2,28.3,0.0,64,24.7,34,20
2026-05-07,226,Kon Tum,Viet Nam,14.35,108.0,34.4,21.5,27.7,0.2,64,16.3,28,65
2026-05-07,278,Đồng Nai,Viet Nam,10.9575,106.8427,35.5,26.7,30.4,0.2,68,16.1,39,63
2026-05-07,275,Tuyên Quang,Viet Nam,21.8159,105.2132,30.7,23.4,26.1,65.9,88,9.7,66,86
2026-05-07,696,Hà Nam,Viet Nam,20.5463,105.9142,30.3,23.8,26.1,18.6,91,15.2,61,92
2026-05-07,255,Long An,Viet Nam,10.5332,105.4053,34.1,25.4,29.2,1.5,77,14.0,80,69
2026-05-07,734,Yên Bái,Viet Nam,21.7051,104.8751,31.6,23.1,26.3,46.0,89,9.4,74,86
2026-05-07,110,Thái Nguyên,Viet Nam,21.5939,105.8481,29.9,23.4,26.1,55.4,89,14.7,62,94
2026-05-07,215,Hải Dương,Viet Nam,20.9391,106.3146,29.5,23.9,26.5,27.4,88,15.9,46,86
2026-05-07,193,Bắc Kạn,Viet Nam,22.147,105.8326,31.1,23.1,26.0,16.1,89,9.2,60,93
2026-05-07,385,Hà Giang,Viet Nam,22.8233,104.9836,30.0,22.8,26.2,10.2,83,7.9,68,86
2026-05-07,701,Hà Nội,Viet Nam,21.0285,105.8542,30.5,23.3,26.3,30.8,89,13.9,66,90
2026-05-07,910,Cao Bằng,Viet Nam,22.6661,106.2635,30.4,22.8,25.8,16.0,89,9.6,51,88
2026-05-07,684,Khánh Hòa,Viet Nam,12.2467,109.1833,32.5,25.6,28.9,0.4,75,15.1,37,33
2026-05-07,811,Điện Biên,Viet Nam,21.3833,103.0167,32.4,21.7,26.1,0.4,83,7.8,40,59
2026-05-07,813,Đồng Tháp,Viet Nam,10.4552,105.6323,33.7,24.8,29.1,5.7,78,14.5,80,63
2026-05-07,160,Nam Định,Viet Nam,20.4231,106.1681,29.5,24.1,26.8,11.6,88,18.3,61,80
2026-05-07,587,Trà Vinh,Viet Nam,9.9342,106.3339,33.5,26.4,29.4,0.3,73,16.6,34,73
2026-05-07,249,Phú Yên,Viet Nam,13.0883,109.3045,32.7,25.3,28.8,0.0,74,16.0,39,24
2026-05-07,237,Hải Phòng,Viet Nam,20.8449,106.6881,29.1,24.1,26.7,10.0,88,15.7,29,82
2026-05-07,326,Thừa Thiên Huế,Viet Nam,16.4633,107.5847,33.3,24.6,28.6,0.0,76,15.9,49,59
2026-05-07,960,Lai Châu,Viet Nam,22.3959,103.4621,29.2,20.1,23.8,3.4,80,4.8,40,68
2026-05-07,122,Lâm Đồng,Viet Nam,11.9404,108.4419,26.0,14.3,19.8,0.0,81,14.5,33,64
2026-05-07,347,Bình Phước,Viet Nam,11.7516,106.8778,33.3,25.3,28.4,5.5,81,13.2,42,89
2026-05-07,767,Kiên Giang,Viet Nam,10.0122,105.0809,33.7,25.3,29.1,1.2,78,14.7,74,76
2026-05-07,503,Sơn La,Viet Nam,21.3262,103.9149,31.5,21.5,25.6,25.0,82,19.1,44,66
2026-05-07,729,Phú Quốc,Viet Nam,10.279526,104.003538,32.2,24.9,27.8,6.8,85,13.0,39,100
2026-05-07,849,Bắc Giang,Viet Nam,21.2731,106.1946,29.7,23.7,26.2,25.4,88,15.3,66,88
2026-05-07,123,Quảng Trị,Viet Nam,16.75,107.1833,32.5,24.9,28.3,0.0,81,16.1,48,61
2026-05-07,456,Vĩnh Phúc,Viet Nam,21.3089,105.6047,31.0,23.3,26.3,33.1,89,14.4,72,89
2026-05-07,669,Hưng Yên,Viet Nam,20.6465,106.0511,30.1,24.2,26.7,17.2,89,16.5,68,84
2026-05-08,511,Hòa Bình,Viet Nam,20.8171,105.3375,29.1,24.2,26.2,2.6,87,10.7,66,85
2026-05-08,861,Lạng Sơn,Viet Nam,21.8519,106.7614,26.8,20.5,23.7,1.2,75,16.7,40,84
2026-05-08,797,Gia Lai,Viet Nam,13.9833,108.0,32.4,20.5,25.4,0.0,65,20.9,31,68
2026-05-08,872,Thái Bình,Viet Nam,20.4463,106.3364,28.2,24.2,25.5,12.8,92,9.1,69,79
2026-05-08,495,Nghệ An,Viet Nam,18.6667,105.6667,28.2,24.6,26.1,6.7,88,13.3,56,82
2026-05-08,327,Bà Rịa – Vũng Tàu,Viet Nam,10.4114,107.1362,31.2,28.1,29.5,0.1,74,21.8,32,85
2026-05-08,784,Bình Thuận,Viet Nam,10.9333,108.1,33.7,25.4,29.7,0.0,66,26.6,32,73
2026-05-08,201,Trường Sa,Viet Nam,10.66936,115.833324,30.0,27.1,29.1,7.9,77,28.7,33,74
2026-05-08,521,TP. Hồ Chí Minh,Viet Nam,10.8231,106.6297,35.9,27.1,31.0,1.6,62,11.0,36,81
2026-05-08,620,Cần Thơ,Viet Nam,10.0451,105.7462,33.0,26.2,29.4,0.5,75,13.6,80,77
2026-05-08,590,Đà Nẵng,Viet Nam,16.0471,108.2068,32.9,25.9,29.0,0.7,71,14.8,48,88
2026-05-08,920,Vĩnh Long,Viet Nam,10.2536,105.9723,33.0,26.2,29.5,0.8,73,13.8,67,77
2026-05-08,463,Hậu Giang,Viet Nam,9.7845,105.4735,33.3,26.1,29.7,0.3,71,13.7,67,91
2026-05-08,108,Lào Cai,Viet Nam,22.4856,103.9707,27.9,23.7,25.8,3.0,85,5.2,44,87
2026-05-08,981,Quảng Bình,Viet Nam,17.4731,106.5962,29.6,24.3,26.9,4.8,86,16.0,36,86
2026-05-08,645,Hà Tĩnh,Viet Nam,18.3421,105.9038,29.5,23.8,26.2,4.7,88,14.1,35,83
2026-05-08,132,Đắk Nông,Viet Nam,12.0,107.7,32.1,20.3,26.0,0.3,72,12.4,38,71
2026-05-08,133,Bình Định,Viet Nam,13.782,109.2194,33.2,25.3,28.7,0.6,73,17.6,34,59
2026-05-08,252,Phú Thọ,Viet Nam,21.3235,105.4011,29.8,24.1,26.7,3.5,82,10.9,76,87
2026-05-08,454,Thanh Hóa,Viet Nam,19.8075,105.7764,28.4,23.1,25.3,9.0,92,13.0,73,83
2026-05-08,707,Bắc Ninh,Viet Nam,21.1861,106.0763,29.0,23.7,25.8,2.5,82,11.7,73,85
2026-05-08,208,Ninh Thuận,Viet Nam,11.5647,108.9892,35.4,26.1,30.5,0.0,61,26.2,31,59
2026-05-08,547,Sóc Trăng,Viet Nam,9.6019,105.9731,33.1,26.7,29.4,0.6,72,16.5,62,87
2026-05-08,951,Bình Dương,Viet Nam,11.0531,106.6661,34.0,25.7,29.6,1.7,71,14.3,41,78
2026-05-08,915,Tây Ninh,Viet Nam,11.3125,106.1006,35.5,26.0,30.4,1.3,68,14.4,65,73
2026-05-08,146,Tiền Giang,Viet Nam,10.3606,106.3636,33.8,26.5,29.9,0.9,70,14.5,46,82
2026-05-08,168,An Giang,Viet Nam,10.5185,105.1152,32.9,25.3,29.3,0.8,75,10.9,81,90
2026-05-08,416,Ninh Bình,Viet Nam,20.2506,105.9744,28.8,23.5,25.5,16.5,91,9.7,81,85
2026-05-08,496,Bạc Liêu,Viet Nam,9.2941,105.7242,33.0,27.2,29.6,1.1,72,17.4,27,95
2026-05-08,365,Cà Mau,Viet Nam,9.1769,105.1501,33.0,26.8,29.5,1.3,74,16.3,33,93
2026-05-08,196,Đắk Lắk,Viet Nam,12.6667,108.05,34.1,22.9,27.8,0.0,63,25.1,36,65
2026-05-08,110,Thái Nguyên,Viet Nam,21.5939,105.8481,29.6,24.0,26.2,1.4,78,8.4,61,84
2026-05-08,226,Kon Tum,Viet Nam,14.35,108.0,35.4,20.0,27.2,0.0,58,21.7,29,57
2026-05-08,278,Đồng Nai,Viet Nam,10.9575,106.8427,34.0,26.4,29.9,0.6,68,12.2,36,82
2026-05-08,696,Hà Nam,Viet Nam,20.5463,105.9142,28.4,23.1,25.0,12.6,92,11.3,81,89
2026-05-08,288,Hoàng Sa,Viet Nam,16.641233,112.742024,29.2,28.4,28.9,0.0,76,20.3,32,12
2026-05-08,767,Kiên Giang,Viet Nam,10.0122,105.0809,32.9,26.0,29.6,0.4,72,13.7,78,95
2026-05-08,960,Lai Châu,Viet Nam,22.3959,103.4621,26.5,19.1,22.1,4.9,87,5.8,39,79
2026-05-08,193,Bắc Kạn,Viet Nam,22.147,105.8326,29.6,22.5,25.4,0.5,78,12.5,40,84
2026-05-08,275,Tuyên Quang,Viet Nam,21.8159,105.2132,29.1,23.2,25.9,6.4,80,6.5,54,86
2026-05-08,734,Yên Bái,Viet Nam,21.7051,104.8751,28.3,23.1,25.2,14.4,88,6.4,65,88
2026-05-08,237,Hải Phòng,Viet Nam,20.8449,106.6881,28.4,23.9,25.6,6.5,91,7.2,55,78
2026-05-08,326,Thừa Thiên Huế,Viet Nam,16.4633,107.5847,32.5,24.4,27.9,1.7,81,16.7,44,90
2026-05-08,701,Hà Nội,Viet Nam,21.0285,105.8542,28.9,23.9,25.9,4.1,84,11.9,73,81
2026-05-08,123,Quảng Trị,Viet Nam,16.75,107.1833,31.2,24.6,27.4,3.3,84,17.3,37,85
2026-05-08,910,Cao Bằng,Viet Nam,22.6661,106.2635,30.5,21.8,25.9,0.1,67,13.2,39,93
2026-05-08,833,Bến Tre,Viet Nam,10.2424,106.3752,33.1,26.1,29.2,0.7,74,13.7,46,82
2026-05-08,684,Khánh Hòa,Viet Nam,12.2467,109.1833,32.4,26.6,29.4,0.1,65,17.6,31,56
2026-05-08,122,Lâm Đồng,Viet Nam,11.9404,108.4419,25.9,15.1,19.8,0.0,74,13.2,34,81
2026-05-08,160,Nam Định,Viet Nam,20.4231,106.1681,28.5,23.8,25.4,12.4,93,8.5,81,81
2026-05-08,385,Hà Giang,Viet Nam,22.8233,104.9836,29.7,22.7,26.1,4.3,78,5.6,49,97
2026-05-08,669,Hưng Yên,Viet Nam,20.6465,106.0511,29.1,23.9,25.5,12.2,91,10.2,84,79
2026-05-08,587,Trà Vinh,Viet Nam,9.9342,106.3339,33.2,26.8,29.6,0.4,71,15.5,37,83
2026-05-08,813,Đồng Tháp,Viet Nam,10.4552,105.6323,33.1,26.1,29.6,1.4,74,15.5,82,80
2026-05-08,347,Bình Phước,Viet Nam,11.7516,106.8778,32.9,25.4,28.7,0.5,75,12.4,38,90
2026-05-08,456,Vĩnh Phúc,Viet Nam,21.3089,105.6047,30.1,23.3,26.2,0.7,77,12.3,76,87
2026-05-08,849,Bắc Giang,Viet Nam,21.2731,106.1946,29.1,23.6,25.8,1.6,80,11.3,73,88
2026-05-08,255,Long An,Viet Nam,10.5332,105.4053,33.3,26.6,29.7,1.2,72,13.9,82,85
2026-05-08,729,Phú Quốc,Viet Nam,10.279526,104.003538,32.7,24.6,27.9,1.5,83,11.4,50,84
2026-05-08,811,Điện Biên,Viet Nam,21.3833,103.0167,27.7,21.9,24.3,6.0,90,4.2,35,80
2026-05-08,215,Hải Dương,Viet Nam,20.9391,106.3146,28.6,23.9,25.4,4.7,91,10.4,72,82
2026-05-08,503,Sơn La,Viet Nam,21.3262,103.9149,26.7,21.7,23.6,2.0,85,17.5,41,83
2026-05-08,249,Phú Yên,Viet Nam,13.0883,109.3045,32.1,25.6,28.8,0.6,73,16.3,34,58
2026-05-09,872,Thái Bình,Viet Nam,20.4463,106.3364,28.0,23.2,25.5,0.9,84,13.1,76,88
2026-05-09,511,Hòa Bình,Viet Nam,20.8171,105.3375,27.2,23.5,24.9,3.2,83,7.8,80,97
2026-05-09,797,Gia Lai,Viet Nam,13.9833,108.0,30.6,21.3,25.3,3.6,69,18.5,28,85
2026-05-09,861,Lạng Sơn,Viet Nam,21.8519,106.7614,28.7,20.3,23.0,0.0,71,13.8,47,90
2026-05-09,201,Trường Sa,Viet Nam,10.66936,115.833324,30.6,29.4,30.0,0.0,74,27.6,25,42
2026-05-09,495,Nghệ An,Viet Nam,18.6667,105.6667,28.9,24.4,26.0,5.8,86,16.8,62,88
2026-05-09,327,Bà Rịa – Vũng Tàu,Viet Nam,10.4114,107.1362,32.3,28.6,30.0,0.0,71,24.4,35,79
2026-05-09,784,Bình Thuận,Viet Nam,10.9333,108.1,34.2,28.1,30.5,0.0,64,33.3,33,79
2026-05-09,521,TP. Hồ Chí Minh,Viet Nam,10.8231,106.6297,37.7,28.3,31.7,0.5,59,14.0,40,80
2026-05-09,215,Hải Dương,Viet Nam,20.9391,106.3146,28.1,23.1,25.1,3.5,80,10.9,83,88
2026-05-09,981,Quảng Bình,Viet Nam,17.4731,106.5962,29.0,24.3,26.5,4.8,87,18.0,50,66
2026-05-09,463,Hậu Giang,Viet Nam,9.7845,105.4735,34.1,27.2,29.8,2.2,71,19.1,65,85
2026-05-09,920,Vĩnh Long,Viet Nam,10.2536,105.9723,35.2,27.9,30.6,0.0,66,16.3,64,82
2026-05-09,108,Lào Cai,Viet Nam,22.4856,103.9707,25.8,22.2,24.0,5.6,86,7.9,46,98
2026-05-09,252,Phú Thọ,Viet Nam,21.3235,105.4011,27.1,23.3,25.1,8.4,81,8.3,89,96
2026-05-09,547,Sóc Trăng,Viet Nam,9.6019,105.9731,33.8,27.9,29.9,1.8,71,18.0,59,84
2026-05-09,133,Bình Định,Viet Nam,13.782,109.2194,32.2,25.3,28.4,0.9,76,17.3,30,67
2026-05-09,707,Bắc Ninh,Viet Nam,21.1861,106.0763,27.4,22.7,24.8,1.1,77,13.5,79,91
2026-05-09,590,Đà Nẵng,Viet Nam,16.0471,108.2068,32.1,26.0,28.8,0.1,71,15.5,44,47
2026-05-09,951,Bình Dương,Viet Nam,11.0531,106.6661,34.8,26.7,30.5,0.0,66,14.9,52,81
2026-05-09,132,Đắk Nông,Viet Nam,12.0,107.7,31.3,21.8,26.0,0.5,71,10.4,40,74
2026-05-09,454,Thanh Hóa,Viet Nam,19.8075,105.7764,28.4,23.5,25.6,1.3,84,15.3,80,90
2026-05-09,255,Long An,Viet Nam,10.5332,105.4053,35.2,27.2,30.6,0.3,65,14.8,80,90
2026-05-09,168,An Giang,Viet Nam,10.5185,105.1152,34.8,26.4,30.1,0.1,67,11.5,86,85
2026-05-09,146,Tiền Giang,Viet Nam,10.3606,106.3636,35.8,28.2,30.9,0.5,64,16.0,43,72
2026-05-09,915,Tây Ninh,Viet Nam,11.3125,106.1006,36.0,27.1,31.3,0.0,62,13.8,67,81
2026-05-09,496,Bạc Liêu,Viet Nam,9.2941,105.7242,33.0,27.4,29.5,5.7,73,19.6,30,93
2026-05-09,275,Tuyên Quang,Viet Nam,21.8159,105.2132,28.7,21.7,24.3,0.2,77,7.7,64,95
2026-05-09,696,Hà Nam,Viet Nam,20.5463,105.9142,27.2,23.1,24.6,1.6,83,11.9,93,89
2026-05-09,416,Ninh Bình,Viet Nam,20.2506,105.9744,27.9,23.7,25.5,1.4,83,13.7,93,94
2026-05-09,811,Điện Biên,Viet Nam,21.3833,103.0167,27.9,21.9,24.4,16.5,87,9.5,39,96
2026-05-09,196,Đắk Lắk,Viet Nam,12.6667,108.05,33.7,24.0,27.8,1.5,65,25.1,31,71
2026-05-09,110,Thái Nguyên,Viet Nam,21.5939,105.8481,27.8,22.6,24.6,2.2,78,8.5,61,95
2026-05-09,734,Yên Bái,Viet Nam,21.7051,104.8751,27.5,22.6,24.7,0.7,80,6.8,69,95
2026-05-09,767,Kiên Giang,Viet Nam,10.0122,105.0809,34.1,26.9,30.0,1.0,69,14.9,75,90
2026-05-09,813,Đồng Tháp,Viet Nam,10.4552,105.6323,34.8,27.2,30.5,0.2,67,16.1,80,86
2026-05-09,960,Lai Châu,Viet Nam,22.3959,103.4621,24.9,19.0,21.0,16.3,90,4.9,33,98
2026-05-09,226,Kon Tum,Viet Nam,14.35,108.0,33.9,22.2,27.2,1.1,62,19.4,27,71
2026-05-09,249,Phú Yên,Viet Nam,13.0883,109.3045,31.4,25.4,28.2,2.4,79,20.2,32,53
2026-05-09,193,Bắc Kạn,Viet Nam,22.147,105.8326,28.6,20.8,24.3,1.9,75,13.6,43,98
2026-05-09,278,Đồng Nai,Viet Nam,10.9575,106.8427,36.4,27.6,31.1,0.3,61,18.4,40,77
2026-05-09,669,Hưng Yên,Viet Nam,20.6465,106.0511,27.6,23.5,25.2,1.2,82,10.8,97,83
2026-05-09,587,Trà Vinh,Viet Nam,9.9342,106.3339,33.9,27.9,30.2,0.3,68,18.4,35,77
2026-05-09,123,Quảng Trị,Viet Nam,16.75,107.1833,30.3,24.8,27.3,2.2,85,15.3,30,40
2026-05-09,237,Hải Phòng,Viet Nam,20.8449,106.6881,28.6,23.0,25.4,3.3,82,10.1,66,80
2026-05-09,326,Thừa Thiên Huế,Viet Nam,16.4633,107.5847,31.7,24.7,27.8,0.4,79,14.4,37,43
2026-05-09,833,Bến Tre,Viet Nam,10.2424,106.3752,34.5,27.9,30.2,0.4,69,15.9,43,72
2026-05-09,122,Lâm Đồng,Viet Nam,11.9404,108.4419,26.0,16.8,20.3,0.0,74,15.4,31,72
2026-05-09,503,Sơn La,Viet Nam,21.3262,103.9149,25.1,20.5,22.7,4.5,82,16.6,50,95
2026-05-09,160,Nam Định,Viet Nam,20.4231,106.1681,28.3,23.5,25.5,1.5,84,12.6,93,91
2026-05-09,701,Hà Nội,Viet Nam,21.0285,105.8542,27.5,23.2,24.8,3.3,79,12.4,79,88
2026-05-09,385,Hà Giang,Viet Nam,22.8233,104.9836,27.2,22.3,23.9,5.4,83,5.6,55,98
2026-05-09,347,Bình Phước,Viet Nam,11.7516,106.8778,33.5,24.9,28.6,0.4,76,13.1,52,83
2026-05-09,208,Ninh Thuận,Viet Nam,11.5647,108.9892,36.3,27.3,30.9,0.1,60,26.4,30,91
2026-05-09,849,Bắc Giang,Viet Nam,21.2731,106.1946,27.9,22.5,24.9,0.6,75,13.7,79,89
2026-05-09,347,Bình Phước,Viet Nam,11.7516,106.8778,33.5,24.9,28.6,0.4,76,13.1,52,83
2026-05-09,168,An Giang,Viet Nam,10.5185,105.1152,34.8,26.4,30.1,0.1,67,11.5,86,85
2026-05-09,849,Bắc Giang,Viet Nam,21.2731,106.1946,27.9,22.5,24.9,0.6,75,13.7,79,89
2026-05-09,620,Cần Thơ,Viet Nam,10.0451,105.7462,34.5,27.5,30.2,0.2,68,14.3,78,85
2026-05-09,278,Đồng Nai,Viet Nam,10.9575,106.8427,36.4,27.6,31.1,0.3,61,18.4,40,77
2026-05-09,729,Phú Quốc,Viet Nam,10.279526,104.003538,32.2,25.9,28.4,0.7,78,11.8,55,90
2026-05-09,226,Kon Tum,Viet Nam,14.35,108.0,33.9,22.2,27.2,1.1,62,19.4,27,71
2026-05-09,767,Kiên Giang,Viet Nam,10.0122,105.0809,34.1,26.9,30.0,1.0,69,14.9,75,90
2026-05-10,365,Cà Mau,Viet Nam,9.1769,105.1501,31.7,24.8,27.7,20.3,84,26.6,26,100
2026-05-10,696,Hà Nam,Viet Nam,20.5463,105.9142,28.2,22.6,24.7,0.6,84,8.7,103,93
2026-05-10,684,Khánh Hòa,Viet Nam,12.2467,109.1833,32.7,25.3,28.9,2.5,73,20.3,29,46
2026-05-10,547,Sóc Trăng,Viet Nam,9.6019,105.9731,32.7,25.0,28.6,11.5,79,24.0,34,99
2026-05-10,587,Trà Vinh,Viet Nam,9.9342,106.3339,32.7,26.0,29.0,9.1,77,23.6,29,96
2026-05-10,456,Vĩnh Phúc,Viet Nam,21.3089,105.6047,27.8,23.0,24.6,1.2,82,5.6,93,97
2026-05-10,123,Quảng Trị,Viet Nam,16.75,107.1833,29.8,24.9,27.2,0.9,84,16.0,27,61
2026-05-10,288,Hoàng Sa,Viet Nam,16.641233,112.742024,29.1,28.1,28.6,0.2,78,27.1,35,29
2026-05-10,784,Bình Thuận,Viet Nam,10.9333,108.1,34.4,27.4,30.7,0.0,66,35.5,29,79
2026-05-10,701,Hà Nội,Viet Nam,21.0285,105.8542,28.0,22.8,24.5,0.1,84,8.7,87,91
2026-05-10,215,Hải Dương,Viet Nam,20.9391,106.3146,29.4,23.4,25.8,0.0,82,7.6,95,90
2026-05-10,813,Đồng Tháp,Viet Nam,10.4552,105.6323,35.1,25.0,28.7,18.7,80,19.4,73,94
2026-05-10,133,Bình Định,Viet Nam,13.782,109.2194,33.3,25.1,29.0,0.1,72,18.8,28,83
2026-05-10,275,Tuyên Quang,Viet Nam,21.8159,105.2132,28.7,22.9,24.9,0.6,79,8.5,69,97
2026-05-10,669,Hưng Yên,Viet Nam,20.6465,106.0511,29.1,23.6,25.6,0.1,83,8.8,105,91
2026-05-10,146,Tiền Giang,Viet Nam,10.3606,106.3636,34.6,25.6,30.3,3.2,70,23.1,35,91
2026-05-10,915,Tây Ninh,Viet Nam,11.3125,106.1006,37.6,24.1,29.5,36.2,75,13.9,71,86
2026-05-10,707,Bắc Ninh,Viet Nam,21.1861,106.0763,29.2,22.9,25.1,0.5,82,9.1,87,94
2026-05-10,278,Đồng Nai,Viet Nam,10.9575,106.8427,38.0,25.3,31.4,2.2,62,17.4,34,82
2026-05-10,951,Bình Dương,Viet Nam,11.0531,106.6661,36.1,24.3,29.7,1.7,73,16.5,55,88
2026-05-10,463,Hậu Giang,Viet Nam,9.7845,105.4735,34.2,24.6,28.4,9.2,80,22.7,44,94
2026-05-10,160,Nam Định,Viet Nam,20.4231,106.1681,28.8,23.5,25.8,0.0,83,9.3,103,84
2026-05-10,811,Điện Biên,Viet Nam,21.3833,103.0167,26.5,21.2,23.2,17.2,91,7.0,47,98
2026-05-10,252,Phú Thọ,Viet Nam,21.3235,105.4011,27.6,24.1,25.4,1.6,79,6.4,93,97
2026-05-10,645,Hà Tĩnh,Viet Nam,18.3421,105.9038,28.5,23.6,25.9,2.1,87,18.1,62,81
2026-05-10,168,An Giang,Viet Nam,10.5185,105.1152,35.2,24.4,28.5,17.7,79,15.7,76,95
2026-05-10,201,Trường Sa,Viet Nam,10.66936,115.833324,30.1,29.5,29.8,0.0,75,23.7,29,43
2026-05-10,255,Long An,Viet Nam,10.5332,105.4053,35.8,25.0,28.9,12.0,78,17.5,73,96
2026-05-10,416,Ninh Bình,Viet Nam,20.2506,105.9744,28.4,22.9,25.5,0.0,84,9.7,103,87
2026-05-10,496,Bạc Liêu,Viet Nam,9.2941,105.7242,32.7,25.1,28.5,18.5,80,25.9,28,100
2026-05-10,122,Lâm Đồng,Viet Nam,11.9404,108.4419,25.4,15.8,20.0,0.0,78,20.8,25,67
2026-05-10,132,Đắk Nông,Viet Nam,12.0,107.7,32.1,21.1,26.2,0.3,74,11.7,31,88
2026-05-10,861,Lạng Sơn,Viet Nam,21.8519,106.7614,28.5,21.1,24.0,0.4,76,8.8,56,97
2026-05-10,734,Yên Bái,Viet Nam,21.7051,104.8751,27.9,22.7,24.5,1.3,83,4.1,84,99
2026-05-10,110,Thái Nguyên,Viet Nam,21.5939,105.8481,28.4,23.2,25.0,1.0,79,7.6,71,97
2026-05-10,327,Bà Rịa – Vũng Tàu,Viet Nam,10.4114,107.1362,32.2,28.4,30.0,0.6,74,30.7,31,97
2026-05-10,196,Đắk Lắk,Viet Nam,12.6667,108.05,33.6,23.8,28.0,0.3,67,23.2,28,86
2026-05-10,521,TP. Hồ Chí Minh,Viet Nam,10.8231,106.6297,38.5,26.0,31.7,4.1,61,15.6,34,89
2026-05-10,872,Thái Bình,Viet Nam,20.4463,106.3364,28.6,23.6,25.7,0.1,83,10.6,91,83
2026-05-10,193,Bắc Kạn,Viet Nam,22.147,105.8326,28.2,22.3,24.9,1.0,81,6.8,63,99
2026-05-10,590,Đà Nẵng,Viet Nam,16.0471,108.2068,31.3,26.1,28.3,1.8,76,15.2,40,63
2026-05-10,108,Lào Cai,Viet Nam,22.4856,103.9707,23.0,21.4,22.4,13.4,91,3.6,37,100
2026-05-10,454,Thanh Hóa,Viet Nam,19.8075,105.7764,29.0,22.8,25.7,0.5,84,15.3,99,79
2026-05-10,981,Quảng Bình,Viet Nam,17.4731,106.5962,29.0,24.9,26.6,3.5,86,15.5,40,85
2026-05-10,503,Sơn La,Viet Nam,21.3262,103.9149,25.9,20.7,22.9,3.9,84,14.8,66,96
2026-05-10,249,Phú Yên,Viet Nam,13.0883,109.3045,32.5,25.5,29.0,0.9,72,19.3,30,89
2026-05-10,495,Nghệ An,Viet Nam,18.6667,105.6667,28.8,24.8,26.4,1.6,84,15.3,80,73
2026-05-10,960,Lai Châu,Viet Nam,22.3959,103.4621,21.1,19.1,19.8,18.4,97,4.3,29,100
2026-05-10,226,Kon Tum,Viet Nam,14.35,108.0,34.7,22.1,27.8,0.2,62,19.5,25,64
2026-05-10,920,Vĩnh Long,Viet Nam,10.2536,105.9723,33.5,26.0,29.2,7.5,76,20.9,54,97
2026-05-10,910,Cao Bằng,Viet Nam,22.6661,106.2635,28.1,21.1,23.9,1.1,82,6.8,44,97
2026-05-10,326,Thừa Thiên Huế,Viet Nam,16.4633,107.5847,30.7,24.6,27.6,1.5,82,14.2,35,67
2026-05-10,797,Gia Lai,Viet Nam,13.9833,108.0,31.5,20.8,25.5,0.1,70,20.8,25,74
2026-05-10,347,Bình Phước,Viet Nam,11.7516,106.8778,34.6,22.9,28.3,10.0,76,10.5,60,86
2026-05-10,767,Kiên Giang,Viet Nam,10.0122,105.0809,34.3,25.0,28.6,10.8,79,24.3,65,98
2026-05-10,849,Bắc Giang,Viet Nam,21.2731,106.1946,29.4,23.1,25.3,0.6,82,8.6,87,90
2026-05-10,208,Ninh Thuận,Viet Nam,11.5647,108.9892,35.3,27.1,30.8,0.0,63,24.9,27,66
2026-05-10,237,Hải Phòng,Viet Nam,20.8449,106.6881,29.7,24.0,26.5,0.4,79,8.1,71,86
2026-05-10,620,Cần Thơ,Viet Nam,10.0451,105.7462,32.8,25.3,28.4,5.4,81,21.4,65,96
2026-05-10,729,Phú Quốc,Viet Nam,10.279526,104.003538,32.8,23.7,26.9,12.3,90,17.8,55,98
2026-05-10,385,Hà Giang,Viet Nam,22.8233,104.9836,23.9,22.3,23.1,4.3,86,3.9,37,99
2026-05-10,833,Bến Tre,Viet Nam,10.2424,106.3752,33.6,26.1,29.4,6.3,75,21.1,35,94
2026-05-10,511,Hòa Bình,Viet Nam,20.8171,105.3375,27.8,23.2,24.9,0.7,84,6.8,95,94
2026-05-11,365,Cà Mau,Viet Nam,9.1769,105.1501,31.7,26.9,28.6,1.3,79,22.8,27,79
2026-05-11,696,Hà Nam,Viet Nam,20.5463,105.9142,30.4,24.3,26.7,0.9,84,13.0,110,63
2026-05-11,249,Phú Yên,Viet Nam,13.0883,109.3045,32.7,25.0,29.0,1.0,72,16.2,32,67
2026-05-11,701,Hà Nội,Viet Nam,21.0285,105.8542,30.7,24.6,27.0,0.3,83,12.5,97,70
2026-05-11,160,Nam Định,Viet Nam,20.4231,106.1681,30.2,24.8,26.9,1.0,84,12.5,110,63
2026-05-11,547,Sóc Trăng,Viet Nam,9.6019,105.9731,31.2,27.2,28.9,0.2,76,20.7,36,70
2026-05-11,456,Vĩnh Phúc,Viet Nam,21.3089,105.6047,30.6,24.4,27.0,0.2,81,12.9,92,70
2026-05-11,784,Bình Thuận,Viet Nam,10.9333,108.1,33.8,27.3,30.2,0.2,68,29.9,30,67
2026-05-11,669,Hưng Yên,Viet Nam,20.6465,106.0511,30.2,24.5,26.9,0.8,84,13.1,122,60
2026-05-11,252,Phú Thọ,Viet Nam,21.3235,105.4011,31.5,24.9,27.7,0.0,79,13.8,92,74
2026-05-11,587,Trà Vinh,Viet Nam,9.9342,106.3339,32.9,27.5,29.5,0.5,74,22.5,30,61
2026-05-11,503,Sơn La,Viet Nam,21.3262,103.9149,29.3,20.7,24.7,5.1,82,10.2,61,79
2026-05-11,327,Bà Rịa – Vũng Tàu,Viet Nam,10.4114,107.1362,31.6,28.7,29.8,1.3,74,27.4,31,65
2026-05-11,684,Khánh Hòa,Viet Nam,12.2467,109.1833,31.7,25.9,28.9,1.6,75,16.4,31,69
2026-05-11,326,Thừa Thiên Huế,Viet Nam,16.4633,107.5847,32.2,24.5,28.2,0.2,80,16.2,40,56
2026-05-11,288,Hoàng Sa,Viet Nam,16.641233,112.742024,29.2,28.5,28.8,0.1,76,20.8,36,71
2026-05-11,123,Quảng Trị,Viet Nam,16.75,107.1833,31.4,24.8,27.9,0.2,82,16.8,29,49
2026-05-11,797,Gia Lai,Viet Nam,13.9833,108.0,31.9,20.9,25.8,0.0,67,20.1,26,52
2026-05-11,108,Lào Cai,Viet Nam,22.4856,103.9707,25.7,21.2,23.7,10.3,91,4.9,35,91
2026-05-11,960,Lai Châu,Viet Nam,22.3959,103.4621,24.6,18.8,21.3,16.9,88,5.8,29,90
2026-05-11,463,Hậu Giang,Viet Nam,9.7845,105.4735,30.9,25.9,28.3,0.1,81,19.0,41,74
2026-05-11,915,Tây Ninh,Viet Nam,11.3125,106.1006,35.9,27.2,31.2,0.3,65,15.1,72,69
2026-05-11,275,Tuyên Quang,Viet Nam,21.8159,105.2132,30.8,23.5,26.8,0.1,79,11.5,73,75
2026-05-11,215,Hải Dương,Viet Nam,20.9391,106.3146,30.3,23.9,26.7,1.2,85,13.7,91,60
2026-05-11,122,Lâm Đồng,Viet Nam,11.9404,108.4419,24.2,15.2,19.6,1.7,83,15.3,29,87
2026-05-11,707,Bắc Ninh,Viet Nam,21.1861,106.0763,30.9,24.4,27.1,0.9,83,13.0,97,59
2026-05-11,278,Đồng Nai,Viet Nam,10.9575,106.8427,37.1,27.5,31.1,0.0,63,20.9,36,73
2026-05-11,237,Hải Phòng,Viet Nam,20.8449,106.6881,30.0,24.4,26.8,0.3,85,12.7,60,57
2026-05-11,146,Tiền Giang,Viet Nam,10.3606,106.3636,34.5,28.1,30.3,0.5,70,22.5,35,77
2026-05-11,951,Bình Dương,Viet Nam,11.0531,106.6661,35.4,27.4,30.8,0.0,65,21.5,48,68
2026-05-11,168,An Giang,Viet Nam,10.5185,105.1152,33.3,25.6,29.0,0.0,78,19.2,76,76
2026-05-11,201,Trường Sa,Viet Nam,10.66936,115.833324,30.4,29.5,30.0,0.2,72,20.6,25,57
2026-05-11,811,Điện Biên,Viet Nam,21.3833,103.0167,30.3,21.9,25.9,1.3,80,6.3,34,78
2026-05-11,496,Bạc Liêu,Viet Nam,9.2941,105.7242,31.7,27.1,28.9,2.1,77,22.7,28,76
2026-05-11,132,Đắk Nông,Viet Nam,12.0,107.7,32.5,22.0,26.9,0.1,71,8.2,35,69
2026-05-11,416,Ninh Bình,Viet Nam,20.2506,105.9744,30.2,24.6,26.8,0.4,85,13.6,110,61
2026-05-11,645,Hà Tĩnh,Viet Nam,18.3421,105.9038,29.4,24.8,27.0,1.2,86,15.8,55,64
2026-05-11,255,Long An,Viet Nam,10.5332,105.4053,34.2,26.6,29.7,0.0,74,19.9,70,78
2026-05-11,133,Bình Định,Viet Nam,13.782,109.2194,33.2,25.3,29.1,0.4,71,15.9,30,59
2026-05-11,981,Quảng Bình,Viet Nam,17.4731,106.5962,29.4,25.2,27.1,0.6,87,14.6,28,72
2026-05-11,511,Hòa Bình,Viet Nam,20.8171,105.3375,32.5,24.6,27.9,0.1,80,8.9,85,80
2026-05-11,861,Lạng Sơn,Viet Nam,21.8519,106.7614,30.0,22.2,25.4,0.5,81,12.9,61,66
2026-05-11,110,Thái Nguyên,Viet Nam,21.5939,105.8481,31.2,24.7,27.3,0.2,81,12.1,82,73
2026-05-11,521,TP. Hồ Chí Minh,Viet Nam,10.8231,106.6297,37.9,28.3,31.7,0.4,62,16.3,36,74
2026-05-11,196,Đắk Lắk,Viet Nam,12.6667,108.05,33.8,24.2,28.4,0.0,64,25.1,29,55
2026-05-11,734,Yên Bái,Viet Nam,21.7051,104.8751,30.4,23.6,26.5,0.1,82,5.9,88,83
2026-05-11,813,Đồng Tháp,Viet Nam,10.4552,105.6323,33.9,26.6,29.5,0.1,76,20.1,70,81
2026-05-11,833,Bến Tre,Viet Nam,10.2424,106.3752,33.5,27.5,29.4,0.5,75,20.6,35,69
2026-05-11,193,Bắc Kạn,Viet Nam,22.147,105.8326,30.7,24.0,26.6,2.0,81,10.8,66,82
2026-05-11,385,Hà Giang,Viet Nam,22.8233,104.9836,27.8,22.5,24.5,4.8,85,4.2,46,89
2026-05-11,590,Đà Nẵng,Viet Nam,16.0471,108.2068,32.3,26.5,29.0,1.0,74,15.2,46,87
2026-05-11,226,Kon Tum,Viet Nam,14.35,108.0,36.5,21.7,28.5,0.0,58,20.2,25,48
2026-05-11,454,Thanh Hóa,Viet Nam,19.8075,105.7764,29.9,24.3,26.8,0.6,85,13.7,91,74
2026-05-11,208,Ninh Thuận,Viet Nam,11.5647,108.9892,35.7,26.4,30.6,0.0,65,22.0,29,82
2026-05-11,910,Cao Bằng,Viet Nam,22.6661,106.2635,30.2,22.9,25.7,1.2,82,7.3,55,86
2026-05-11,495,Nghệ An,Viet Nam,18.6667,105.6667,30.4,24.9,27.4,0.6,84,13.3,75,64
2026-05-11,347,Bình Phước,Viet Nam,11.7516,106.8778,33.4,25.2,28.9,4.4,78,13.4,42,75
2026-05-11,767,Kiên Giang,Viet Nam,10.0122,105.0809,32.3,26.3,29.0,0.2,77,19.4,63,88
2026-05-11,849,Bắc Giang,Viet Nam,21.2731,106.1946,30.8,24.6,27.1,0.8,82,12.5,97,58
2026-05-11,620,Cần Thơ,Viet Nam,10.0451,105.7462,32.9,26.5,28.9,0.0,78,20.8,64,78
2026-05-11,729,Phú Quốc,Viet Nam,10.279526,104.003538,32.1,25.9,28.5,1.0,78,18.9,39,90
2026-05-11,872,Thái Bình,Viet Nam,20.4463,106.3364,29.8,24.7,26.7,0.9,85,12.4,75,63
2026-05-11,920,Vĩnh Long,Viet Nam,10.2536,105.9723,34.1,27.1,29.7,0.1,73,21.5,46,77
2026-05-12,365,Cà Mau,Viet Nam,9.1769,105.1501,33.3,26.4,29.2,1.8,77,16.5,32,92
2026-05-12,160,Nam Định,Viet Nam,20.4231,106.1681,30.9,26.5,28.1,0.8,84,15.5,66,82
2026-05-12,696,Hà Nam,Viet Nam,20.5463,105.9142,31.7,25.4,27.3,5.9,88,16.5,66,80
2026-05-12,701,Hà Nội,Viet Nam,21.0285,105.8542,31.7,25.8,27.9,3.8,85,16.4,72,75
2026-05-12,547,Sóc Trăng,Viet Nam,9.6019,105.9731,33.7,26.6,29.6,0.0,71,15.6,55,90
2026-05-12,237,Hải Phòng,Viet Nam,20.8449,106.6881,30.6,26.5,27.9,2.2,85,15.9,35,77
2026-05-12,326,Thừa Thiên Huế,Viet Nam,16.4633,107.5847,33.3,26.2,29.2,1.4,79,15.7,48,72
2026-05-12,249,Phú Yên,Viet Nam,13.0883,109.3045,33.2,25.3,29.0,0.0,72,14.8,40,79
2026-05-12,385,Hà Giang,Viet Nam,22.8233,104.9836,27.7,23.0,24.9,6.5,90,4.7,46,87
2026-05-12,327,Bà Rịa – Vũng Tàu,Viet Nam,10.4114,107.1362,31.5,28.2,29.7,0.1,74,23.4,32,86
2026-05-12,252,Phú Thọ,Viet Nam,21.3235,105.4011,31.9,25.8,28.3,0.6,82,19.7,75,79
2026-05-12,456,Vĩnh Phúc,Viet Nam,21.3089,105.6047,31.7,25.3,27.8,0.7,83,13.9,75,80
2026-05-12,784,Bình Thuận,Viet Nam,10.9333,108.1,34.0,27.8,30.4,0.0,67,25.4,31,90
2026-05-12,797,Gia Lai,Viet Nam,13.9833,108.0,32.8,22.0,27.0,1.1,65,12.6,32,76
2026-05-12,503,Sơn La,Viet Nam,21.3262,103.9149,27.9,21.5,24.0,2.7,89,10.4,43,83
2026-05-12,669,Hưng Yên,Viet Nam,20.6465,106.0511,31.1,26.1,27.9,2.4,86,15.4,71,75
2026-05-12,915,Tây Ninh,Viet Nam,11.3125,106.1006,36.3,26.6,31.1,0.9,64,15.5,61,96
2026-05-12,463,Hậu Giang,Viet Nam,9.7845,105.4735,34.0,25.5,29.4,0.0,74,14.7,63,91
2026-05-12,133,Bình Định,Viet Nam,13.782,109.2194,34.3,26.2,29.3,0.0,72,18.0,35,83
2026-05-12,275,Tuyên Quang,Viet Nam,21.8159,105.2132,30.3,25.0,27.4,0.2,83,11.1,75,82
2026-05-12,813,Đồng Tháp,Viet Nam,10.4552,105.6323,34.4,25.9,29.9,0.2,75,14.1,74,96
2026-05-12,146,Tiền Giang,Viet Nam,10.3606,106.3636,35.3,26.9,30.6,0.0,67,16.9,43,96
2026-05-12,981,Quảng Bình,Viet Nam,17.4731,106.5962,30.8,25.8,28.0,0.3,84,17.7,35,77
2026-05-12,707,Bắc Ninh,Viet Nam,21.1861,106.0763,31.5,25.9,27.9,1.0,85,17.4,72,81
2026-05-12,872,Thái Bình,Viet Nam,20.4463,106.3364,30.7,26.6,28.1,0.9,84,16.6,50,83
2026-05-12,587,Trà Vinh,Viet Nam,9.9342,106.3339,34.4,26.8,30.1,0.0,68,15.1,41,91
2026-05-12,278,Đồng Nai,Viet Nam,10.9575,106.8427,37.1,27.2,31.3,0.0,63,17.5,35,93
2026-05-12,960,Lai Châu,Viet Nam,22.3959,103.4621,23.6,19.8,21.3,13.9,89,4.1,25,90
2026-05-12,684,Khánh Hòa,Viet Nam,12.2467,109.1833,32.4,26.9,29.5,0.0,71,12.6,33,87
2026-05-12,123,Quảng Trị,Viet Nam,16.75,107.1833,32.0,26.4,28.8,0.0,79,14.2,49,72
2026-05-12,951,Bình Dương,Viet Nam,11.0531,106.6661,35.9,27.0,31.0,0.1,64,20.5,40,94
2026-05-12,122,Lâm Đồng,Viet Nam,11.9404,108.4419,26.1,16.2,20.4,1.7,80,11.0,34,86
2026-05-12,108,Lào Cai,Viet Nam,22.4856,103.9707,27.9,23.0,25.0,5.3,85,5.5,29,81
2026-05-12,811,Điện Biên,Viet Nam,21.3833,103.0167,28.4,22.0,24.4,6.3,88,6.7,28,89
2026-05-12,288,Hoàng Sa,Viet Nam,16.641233,112.742024,29.4,28.6,29.0,0.6,75,15.7,33,60
2026-05-12,168,An Giang,Viet Nam,10.5185,105.1152,34.5,25.9,29.7,0.5,76,14.8,71,95
2026-05-12,201,Trường Sa,Viet Nam,10.66936,115.833324,30.3,29.2,29.9,0.3,70,12.4,25,94
2026-05-12,833,Bến Tre,Viet Nam,10.2424,106.3752,34.0,26.5,29.8,0.0,71,14.9,43,95
2026-05-12,496,Bạc Liêu,Viet Nam,9.2941,105.7242,33.4,27.0,29.7,0.0,72,17.0,30,92
2026-05-12,215,Hải Dương,Viet Nam,20.9391,106.3146,31.3,26.1,27.9,3.4,86,14.6,60,78
2026-05-12,132,Đắk Nông,Viet Nam,12.0,107.7,32.9,22.0,26.5,0.7,76,17.4,48,79
2026-05-12,734,Yên Bái,Viet Nam,21.7051,104.8751,31.1,24.7,27.4,0.6,84,7.4,88,86
2026-05-12,645,Hà Tĩnh,Viet Nam,18.3421,105.9038,31.6,25.7,28.1,1.9,86,17.1,40,89
2026-05-12,521,TP. Hồ Chí Minh,Viet Nam,10.8231,106.6297,37.4,27.8,31.4,0.0,62,15.7,35,94
2026-05-12,196,Đắk Lắk,Viet Nam,12.6667,108.05,36.3,24.6,29.8,0.1,59,17.1,36,88
2026-05-12,511,Hòa Bình,Viet Nam,20.8171,105.3375,33.7,25.6,28.6,0.4,83,10.4,69,81
2026-05-12,110,Thái Nguyên,Viet Nam,21.5939,105.8481,31.5,25.5,27.8,1.2,84,18.0,69,79
2026-05-12,416,Ninh Bình,Viet Nam,20.2506,105.9744,30.8,26.4,28.0,2.5,85,16.7,66,75
2026-05-12,193,Bắc Kạn,Viet Nam,22.147,105.8326,30.5,25.1,27.3,1.3,86,12.8,68,84
2026-05-12,920,Vĩnh Long,Viet Nam,10.2536,105.9723,34.6,26.3,30.3,0.0,67,14.2,58,95
2026-05-12,255,Long An,Viet Nam,10.5332,105.4053,34.6,26.2,30.1,0.4,72,14.4,74,95
2026-05-12,590,Đà Nẵng,Viet Nam,16.0471,108.2068,32.9,27.3,29.6,0.2,74,17.8,40,63
2026-05-12,226,Kon Tum,Viet Nam,14.35,108.0,34.2,24.1,29.0,1.1,63,8.0,33,79
2026-05-12,454,Thanh Hóa,Viet Nam,19.8075,105.7764,31.0,26.1,28.1,0.9,86,17.2,63,78
2026-05-12,910,Cao Bằng,Viet Nam,22.6661,106.2635,31.1,24.6,27.1,2.4,84,13.7,60,86
2026-05-12,861,Lạng Sơn,Viet Nam,21.8519,106.7614,30.5,24.1,26.2,0.3,81,17.4,55,85
2026-05-12,347,Bình Phước,Viet Nam,11.7516,106.8778,33.5,25.5,28.7,1.2,80,14.4,41,89
2026-05-12,208,Ninh Thuận,Viet Nam,11.5647,108.9892,35.2,28.1,31.0,0.0,63,24.2,31,70
2026-05-12,849,Bắc Giang,Viet Nam,21.2731,106.1946,31.3,26.0,27.8,2.2,86,15.5,72,82
2026-05-12,620,Cần Thơ,Viet Nam,10.0451,105.7462,34.7,26.1,30.0,0.0,70,13.8,73,92
2026-05-12,729,Phú Quốc,Viet Nam,10.279526,104.003538,31.7,25.0,28.0,11.8,85,14.1,30,99
2026-05-12,767,Kiên Giang,Viet Nam,10.0122,105.0809,34.6,25.7,29.5,3.0,74,16.1,68,96
2026-05-12,495,Nghệ An,Viet Nam,18.6667,105.6667,32.4,25.8,28.4,0.0,84,12.6,68,87
2026-05-13,365,Cà Mau,Viet Nam,9.1769,105.1501,33.6,26.5,29.1,3.6,79,15.2,52,79
2026-05-13,696,Hà Nam,Viet Nam,20.5463,105.9142,32.2,25.9,28.4,3.9,85,15.1,62,35
2026-05-13,160,Nam Định,Viet Nam,20.4231,106.1681,31.5,27.2,28.9,3.6,85,15.5,62,42
2026-05-13,503,Sơn La,Viet Nam,21.3262,103.9149,30.0,21.8,25.5,1.2,76,10.0,27,19
2026-05-13,237,Hải Phòng,Viet Nam,20.8449,106.6881,31.7,26.7,28.6,2.4,86,15.5,39,36
2026-05-13,326,Thừa Thiên Huế,Viet Nam,16.4633,107.5847,35.0,26.2,30.0,0.5,71,15.9,57,55
2026-05-13,327,Bà Rịa – Vũng Tàu,Viet Nam,10.4114,107.1362,31.0,28.1,29.7,1.0,75,16.3,30,69
2026-05-13,278,Đồng Nai,Viet Nam,10.9575,106.8427,35.7,27.8,31.0,1.6,68,15.9,50,84
2026-05-13,547,Sóc Trăng,Viet Nam,9.6019,105.9731,34.3,26.5,30.1,0.0,71,14.3,76,74
2026-05-13,784,Bình Thuận,Viet Nam,10.9333,108.1,33.0,27.5,30.3,0.1,68,19.7,30,45
2026-05-13,797,Gia Lai,Viet Nam,13.9833,108.0,31.6,21.2,26.1,3.5,76,15.7,40,93
2026-05-13,215,Hải Dương,Viet Nam,20.9391,106.3146,32.2,26.5,28.9,2.3,84,15.8,52,31
2026-05-13,701,Hà Nội,Viet Nam,21.0285,105.8542,32.5,26.3,28.8,1.1,84,16.9,70,28
2026-05-13,275,Tuyên Quang,Viet Nam,21.8159,105.2132,32.2,24.4,27.9,0.1,82,14.3,67,39
2026-05-13,208,Ninh Thuận,Viet Nam,11.5647,108.9892,33.9,27.5,30.7,0.0,65,22.0,31,63
2026-05-13,463,Hậu Giang,Viet Nam,9.7845,105.4735,34.1,25.5,29.2,0.9,77,14.3,88,90
2026-05-13,669,Hưng Yên,Viet Nam,20.6465,106.0511,31.7,26.7,28.8,2.5,85,16.6,68,35
2026-05-13,915,Tây Ninh,Viet Nam,11.3125,106.1006,35.0,26.7,30.6,1.7,69,14.9,75,83
2026-05-13,252,Phú Thọ,Viet Nam,21.3235,105.4011,34.7,25.4,29.4,0.0,80,20.2,73,24
2026-05-13,146,Tiền Giang,Viet Nam,10.3606,106.3636,36.4,26.6,30.9,1.2,69,15.3,70,78
2026-05-13,385,Hà Giang,Viet Nam,22.8233,104.9836,31.5,22.1,26.4,2.4,82,10.7,37,25
2026-05-13,707,Bắc Ninh,Viet Nam,21.1861,106.0763,32.4,25.8,28.8,1.2,83,18.4,70,27
2026-05-13,872,Thái Bình,Viet Nam,20.4463,106.3364,31.3,27.3,28.9,2.4,85,16.8,39,42
2026-05-13,951,Bình Dương,Viet Nam,11.0531,106.6661,35.1,27.1,30.7,2.7,69,18.0,49,83
2026-05-13,811,Điện Biên,Viet Nam,21.3833,103.0167,29.9,21.2,25.3,0.9,82,13.0,25,24
2026-05-13,168,An Giang,Viet Nam,10.5185,105.1152,34.5,27.2,30.3,0.4,70,14.5,87,84
2026-05-13,122,Lâm Đồng,Viet Nam,11.9404,108.4419,26.1,16.6,20.2,8.7,87,9.3,34,85
2026-05-13,813,Đồng Tháp,Viet Nam,10.4552,105.6323,34.6,26.3,29.9,1.2,74,12.8,97,85
2026-05-13,496,Bạc Liêu,Viet Nam,9.2941,105.7242,33.1,26.7,29.9,0.0,73,13.6,35,74
2026-05-13,201,Trường Sa,Viet Nam,10.66936,115.833324,30.2,29.2,29.6,0.0,70,10.4,23,64
2026-05-13,734,Yên Bái,Viet Nam,21.7051,104.8751,33.6,23.2,28.1,0.4,80,8.5,70,26
2026-05-13,132,Đắk Nông,Viet Nam,12.0,107.7,32.1,22.3,25.9,3.8,81,12.1,34,71
2026-05-13,833,Bến Tre,Viet Nam,10.2424,106.3752,35.5,26.2,30.1,1.0,73,13.3,70,77
2026-05-13,110,Thái Nguyên,Viet Nam,21.5939,105.8481,33.1,26.0,29.0,0.2,82,22.0,69,39
2026-05-13,495,Nghệ An,Viet Nam,18.6667,105.6667,34.3,27.0,30.1,1.3,79,8.8,73,54
2026-05-13,521,TP. Hồ Chí Minh,Viet Nam,10.8231,106.6297,36.6,27.6,31.7,0.5,64,15.8,50,87
2026-05-13,196,Đắk Lắk,Viet Nam,12.6667,108.05,33.6,24.6,28.6,2.5,72,13.5,46,74
2026-05-13,920,Vĩnh Long,Viet Nam,10.2536,105.9723,35.5,25.9,30.0,1.3,73,13.9,84,88
2026-05-13,511,Hòa Bình,Viet Nam,20.8171,105.3375,34.2,25.5,29.2,0.5,80,15.7,51,37
2026-05-13,861,Lạng Sơn,Viet Nam,21.8519,106.7614,30.5,23.9,26.8,1.3,83,20.3,52,25
2026-05-13,193,Bắc Kạn,Viet Nam,22.147,105.8326,32.1,25.8,28.4,0.5,83,14.3,69,41
2026-05-13,590,Đà Nẵng,Viet Nam,16.0471,108.2068,33.4,27.6,30.4,0.0,71,13.5,39,71
2026-05-13,456,Vĩnh Phúc,Viet Nam,21.3089,105.6047,33.2,25.5,28.9,0.0,82,20.0,73,25
2026-05-13,767,Kiên Giang,Viet Nam,10.0122,105.0809,34.3,26.5,29.6,1.7,73,11.7,93,91
2026-05-13,226,Kon Tum,Viet Nam,14.35,108.0,34.0,24.0,27.7,4.8,74,12.1,39,92
2026-05-13,910,Cao Bằng,Viet Nam,22.6661,106.2635,32.7,25.0,28.0,0.3,81,14.9,50,41
2026-05-13,347,Bình Phước,Viet Nam,11.7516,106.8778,33.6,25.0,29.5,1.1,73,13.0,45,78
2026-05-13,249,Phú Yên,Viet Nam,13.0883,109.3045,35.1,26.9,30.0,0.2,72,20.5,49,60
2026-05-13,684,Khánh Hòa,Viet Nam,12.2467,109.1833,32.6,26.7,29.7,0.0,74,15.5,36,87
2026-05-13,255,Long An,Viet Nam,10.5332,105.4053,34.8,26.8,30.4,0.5,69,13.5,97,84
2026-05-13,416,Ninh Bình,Viet Nam,20.2506,105.9744,31.8,27.3,28.9,3.1,85,15.8,62,50
2026-05-13,587,Trà Vinh,Viet Nam,9.9342,106.3339,36.2,26.6,30.8,0.1,67,15.6,66,76
2026-05-13,849,Bắc Giang,Viet Nam,21.2731,106.1946,32.3,26.0,28.8,1.1,83,17.3,70,23
2026-05-13,133,Bình Định,Viet Nam,13.782,109.2194,34.7,26.9,30.2,0.2,73,20.9,40,76
2026-05-13,620,Cần Thơ,Viet Nam,10.0451,105.7462,34.6,25.8,29.5,3.2,77,11.2,104,88
2026-05-13,645,Hà Tĩnh,Viet Nam,18.3421,105.9038,33.6,27.0,29.9,0.8,75,12.1,53,48
2026-05-13,288,Hoàng Sa,Viet Nam,16.641233,112.742024,29.9,29.1,29.4,0.3,74,23.7,29,62
2026-05-13,454,Thanh Hóa,Viet Nam,19.8075,105.7764,32.5,27.2,29.1,2.5,83,16.0,63,56
2026-05-13,108,Lào Cai,Viet Nam,22.4856,103.9707,32.1,23.6,27.2,0.4,73,7.8,26,9
2026-05-13,960,Lai Châu,Viet Nam,22.3959,103.4621,27.2,19.4,22.9,3.7,75,7.0,24,39
2026-05-13,123,Quảng Trị,Viet Nam,16.75,107.1833,36.5,27.0,30.6,1.3,72,15.7,50,44
2026-05-13,981,Quảng Bình,Viet Nam,17.4731,106.5962,35.0,26.2,29.9,1.2,79,10.1,50,66
2026-05-13,729,Phú Quốc,Viet Nam,10.279526,104.003538,32.1,25.4,28.0,4.6,85,8.1,25,96
2026-05-14,365,Cà Mau,Viet Nam,9.1769,105.1501,33.4,26.9,29.2,8.2,78,15.1,29,83
2026-05-14,456,Vĩnh Phúc,Viet Nam,21.3089,105.6047,33.7,26.8,30.3,0.0,72,16.0,77,68
2026-05-14,326,Thừa Thiên Huế,Viet Nam,16.4633,107.5847,35.5,27.2,30.6,4.7,71,10.9,64,86
2026-05-14,237,Hải Phòng,Viet Nam,20.8449,106.6881,35.3,27.4,30.8,0.0,74,12.5,56,66
2026-05-14,215,Hải Dương,Viet Nam,20.9391,106.3146,34.9,26.7,30.7,0.0,74,12.8,67,64
2026-05-14,160,Nam Định,Viet Nam,20.4231,106.1681,34.7,27.8,30.8,0.0,73,16.4,64,69
2026-05-14,503,Sơn La,Viet Nam,21.3262,103.9149,31.7,23.4,27.3,1.1,67,11.2,34,77
2026-05-14,252,Phú Thọ,Viet Nam,21.3235,105.4011,34.3,27.3,30.5,0.0,74,18.0,77,67
2026-05-14,385,Hà Giang,Viet Nam,22.8233,104.9836,33.3,24.7,28.8,0.0,71,8.3,41,16
2026-05-14,327,Bà Rịa – Vũng Tàu,Viet Nam,10.4114,107.1362,31.3,28.1,30.1,1.2,73,17.9,29,88
2026-05-14,122,Lâm Đồng,Viet Nam,11.9404,108.4419,25.5,15.7,20.2,1.2,83,11.7,33,88
2026-05-14,784,Bình Thuận,Viet Nam,10.9333,108.1,34.3,26.7,30.3,2.0,73,20.0,28,90
2026-05-14,797,Gia Lai,Viet Nam,13.9833,108.0,31.6,22.8,26.0,4.4,76,17.8,49,87
2026-05-14,133,Bình Định,Viet Nam,13.782,109.2194,36.8,27.9,31.4,0.3,70,22.1,60,82
2026-05-14,275,Tuyên Quang,Viet Nam,21.8159,105.2132,34.0,25.4,29.7,0.0,73,11.1,68,38
2026-05-14,813,Đồng Tháp,Viet Nam,10.4552,105.6323,35.0,26.9,29.8,1.0,76,18.3,73,96
2026-05-14,915,Tây Ninh,Viet Nam,11.3125,106.1006,35.6,27.1,31.0,1.2,68,10.1,69,87
2026-05-14,146,Tiền Giang,Viet Nam,10.3606,106.3636,36.0,27.2,30.6,1.7,71,14.4,67,93
2026-05-14,645,Hà Tĩnh,Viet Nam,18.3421,105.9038,35.2,27.2,31.3,2.4,66,16.2,43,93
2026-05-14,669,Hưng Yên,Viet Nam,20.6465,106.0511,34.8,27.4,30.8,0.0,74,15.5,70,67
2026-05-14,463,Hậu Giang,Viet Nam,9.7845,105.4735,34.9,26.3,29.6,2.4,73,19.5,66,92
2026-05-14,208,Ninh Thuận,Viet Nam,11.5647,108.9892,36.5,28.5,31.9,1.5,63,20.4,29,89
2026-05-14,707,Bắc Ninh,Viet Nam,21.1861,106.0763,34.2,26.9,30.5,0.0,74,15.7,76,65
2026-05-14,278,Đồng Nai,Viet Nam,10.9575,106.8427,36.0,28.1,31.5,1.3,68,17.5,63,83
2026-05-14,249,Phú Yên,Viet Nam,13.0883,109.3045,37.0,27.1,31.3,1.1,66,17.2,65,87
2026-05-14,951,Bình Dương,Viet Nam,11.0531,106.6661,36.1,27.6,31.3,0.6,66,15.7,61,89
2026-05-14,701,Hà Nội,Viet Nam,21.0285,105.8542,34.8,27.0,30.6,0.0,73,14.7,76,66
2026-05-14,547,Sóc Trăng,Viet Nam,9.6019,105.9731,34.5,27.1,29.8,3.8,75,14.5,71,81
2026-05-14,416,Ninh Bình,Viet Nam,20.2506,105.9744,34.8,27.4,30.8,0.0,72,15.7,64,73
2026-05-14,255,Long An,Viet Nam,10.5332,105.4053,35.4,27.2,30.7,0.8,69,17.5,73,93
2026-05-14,811,Điện Biên,Viet Nam,21.3833,103.0167,31.0,23.4,27.1,0.9,74,10.3,29,78
2026-05-14,872,Thái Bình,Viet Nam,20.4463,106.3364,34.5,27.9,30.7,0.0,73,16.2,56,67
2026-05-14,168,An Giang,Viet Nam,10.5185,105.1152,35.7,27.1,30.5,2.5,71,17.5,67,88
2026-05-14,201,Trường Sa,Viet Nam,10.66936,115.833324,30.4,29.1,29.8,0.0,68,7.9,20,62
2026-05-14,110,Thái Nguyên,Viet Nam,21.5939,105.8481,33.7,26.7,30.2,0.0,74,13.6,74,52
2026-05-14,734,Yên Bái,Viet Nam,21.7051,104.8751,35.4,25.4,30.2,0.0,71,10.1,67,53
2026-05-14,861,Lạng Sơn,Viet Nam,21.8519,106.7614,33.4,24.2,28.4,0.6,74,13.8,59,19
2026-05-14,496,Bạc Liêu,Viet Nam,9.2941,105.7242,33.7,27.2,29.7,5.5,76,13.5,26,77
2026-05-14,132,Đắk Nông,Viet Nam,12.0,107.7,32.1,22.7,26.6,0.7,76,13.0,37,86
2026-05-14,511,Hòa Bình,Viet Nam,20.8171,105.3375,36.5,26.5,30.7,0.4,69,10.8,44,76
2026-05-14,495,Nghệ An,Viet Nam,18.6667,105.6667,34.4,28.7,31.2,0.0,66,15.4,72,87
2026-05-14,521,TP. Hồ Chí Minh,Viet Nam,10.8231,106.6297,37.5,28.2,32.1,1.9,62,15.5,63,87
2026-05-14,196,Đắk Lắk,Viet Nam,12.6667,108.05,34.0,24.3,28.1,4.9,77,12.8,40,85
2026-05-14,454,Thanh Hóa,Viet Nam,19.8075,105.7764,35.7,27.2,31.1,0.5,68,17.9,60,81
2026-05-14,920,Vĩnh Long,Viet Nam,10.2536,105.9723,35.7,26.9,30.2,0.9,72,20.3,69,92
2026-05-14,193,Bắc Kạn,Viet Nam,22.147,105.8326,34.5,24.4,29.3,0.1,78,11.0,71,15
2026-05-14,833,Bến Tre,Viet Nam,10.2424,106.3752,35.7,26.9,30.0,1.6,75,17.5,67,92
2026-05-14,590,Đà Nẵng,Viet Nam,16.0471,108.2068,35.6,27.7,30.9,1.5,69,14.0,73,84
2026-05-14,767,Kiên Giang,Viet Nam,10.0122,105.0809,32.5,27.9,30.2,1.3,72,16.3,63,97
2026-05-14,108,Lào Cai,Viet Nam,22.4856,103.9707,34.0,25.7,29.4,0.0,65,6.7,37,34
2026-05-14,960,Lai Châu,Viet Nam,22.3959,103.4621,29.1,20.8,24.9,7.0,71,6.3,34,50
2026-05-14,910,Cao Bằng,Viet Nam,22.6661,106.2635,36.1,25.0,29.8,0.1,71,9.0,55,11
2026-05-14,347,Bình Phước,Viet Nam,11.7516,106.8778,33.4,26.0,29.3,1.4,78,10.5,51,85
2026-05-14,981,Quảng Bình,Viet Nam,17.4731,106.5962,35.4,28.4,30.9,0.4,68,13.3,44,96
2026-05-14,729,Phú Quốc,Viet Nam,10.279526,104.003538,32.1,26.2,28.6,2.6,81,13.1,23,95
2026-05-14,123,Quảng Trị,Viet Nam,16.75,107.1833,35.9,27.3,30.7,6.2,74,19.2,43,96
2026-05-14,849,Bắc Giang,Viet Nam,21.2731,106.1946,34.1,27.1,30.5,0.0,74,16.3,76,63
2026-05-14,620,Cần Thơ,Viet Nam,10.0451,105.7462,34.7,26.7,29.8,2.1,74,15.1,72,91
2026-05-14,587,Trà Vinh,Viet Nam,9.9342,106.3339,36.2,27.0,30.2,2.5,72,10.4,66,84
2026-05-14,696,Hà Nam,Viet Nam,20.5463,105.9142,35.6,26.5,30.6,0.0,70,14.8,64,67
2026-05-14,226,Kon Tum,Viet Nam,14.35,108.0,33.8,24.1,27.6,3.3,77,19.0,45,83
2026-05-14,288,Hoàng Sa,Viet Nam,16.641233,112.742024,30.7,29.5,30.1,0.0,75,28.4,31,68
2026-05-14,684,Khánh Hòa,Viet Nam,12.2467,109.1833,34.2,27.3,30.7,0.3,73,17.1,48,87
2026-05-15,278,Đồng Nai,Viet Nam,10.9575,106.8427,36.5,25.8,30.3,14.0,75,14.0,68,88
2026-05-15,365,Cà Mau,Viet Nam,9.1769,105.1501,33.7,28.0,30.2,2.2,72,15.1,32,87
2026-05-15,503,Sơn La,Viet Nam,21.3262,103.9149,30.0,22.1,26.3,4.8,80,10.4,35,74
2026-05-15,456,Vĩnh Phúc,Viet Nam,21.3089,105.6047,33.8,27.8,30.6,0.0,75,12.6,80,80
2026-05-15,252,Phú Thọ,Viet Nam,21.3235,105.4011,33.9,28.3,30.9,0.0,75,15.2,80,78
2026-05-15,215,Hải Dương,Viet Nam,20.9391,106.3146,34.4,27.4,30.8,1.4,75,11.1,72,72
2026-05-15,160,Nam Định,Viet Nam,20.4231,106.1681,34.6,28.6,31.1,0.6,74,15.8,70,72
2026-05-15,327,Bà Rịa – Vũng Tàu,Viet Nam,10.4114,107.1362,32.5,28.2,30.6,0.2,73,21.5,36,89
2026-05-15,122,Lâm Đồng,Viet Nam,11.9404,108.4419,26.3,17.6,20.4,5.1,87,10.2,38,89
2026-05-15,784,Bình Thuận,Viet Nam,10.9333,108.1,34.1,26.4,30.2,2.8,75,24.6,31,81
2026-05-15,326,Thừa Thiên Huế,Viet Nam,16.4633,107.5847,36.1,27.1,30.2,8.9,75,15.7,54,91
2026-05-15,797,Gia Lai,Viet Nam,13.9833,108.0,29.8,20.7,25.1,3.4,81,16.3,45,98
2026-05-15,133,Bình Định,Viet Nam,13.782,109.2194,38.1,27.4,30.9,2.2,72,13.4,64,88
2026-05-15,275,Tuyên Quang,Viet Nam,21.8159,105.2132,33.4,26.5,30.0,0.0,74,10.2,72,75
2026-05-15,416,Ninh Bình,Viet Nam,20.2506,105.9744,34.9,28.4,31.0,0.2,74,14.0,70,75
2026-05-15,146,Tiền Giang,Viet Nam,10.3606,106.3636,36.0,28.0,31.1,1.6,69,15.7,75,87
2026-05-15,872,Thái Bình,Viet Nam,20.4463,106.3364,34.3,28.6,31.2,0.3,73,17.1,66,72
2026-05-15,707,Bắc Ninh,Viet Nam,21.1861,106.0763,34.3,27.7,30.9,0.3,75,11.9,80,74
2026-05-15,645,Hà Tĩnh,Viet Nam,18.3421,105.9038,34.7,26.5,30.2,3.0,79,11.0,46,87
2026-05-15,951,Bình Dương,Viet Nam,11.0531,106.6661,35.0,26.1,30.0,6.3,76,14.1,67,92
2026-05-15,463,Hậu Giang,Viet Nam,9.7845,105.4735,34.5,27.6,30.2,4.8,74,14.4,66,82
2026-05-15,669,Hưng Yên,Viet Nam,20.6465,106.0511,33.8,28.3,30.8,0.2,77,11.9,79,75
2026-05-15,915,Tây Ninh,Viet Nam,11.3125,106.1006,35.3,27.1,30.6,1.1,72,12.1,68,87
2026-05-15,208,Ninh Thuận,Viet Nam,11.5647,108.9892,37.1,26.9,31.6,3.0,66,19.4,31,85
2026-05-15,385,Hà Giang,Viet Nam,22.8233,104.9836,34.2,25.5,29.7,0.4,72,7.4,52,55
2026-05-15,811,Điện Biên,Viet Nam,21.3833,103.0167,29.5,22.5,26.3,12.6,84,11.9,28,75
2026-05-15,255,Long An,Viet Nam,10.5332,105.4053,35.4,27.4,30.9,1.7,68,16.5,72,93
2026-05-15,168,An Giang,Viet Nam,10.5185,105.1152,34.6,27.4,30.7,0.7,69,16.7,67,93
2026-05-15,511,Hòa Bình,Viet Nam,20.8171,105.3375,35.1,27.8,31.0,1.2,76,8.8,59,77
2026-05-15,861,Lạng Sơn,Viet Nam,21.8519,106.7614,33.8,24.7,28.8,2.0,76,11.8,64,65
2026-05-15,734,Yên Bái,Viet Nam,21.7051,104.8751,34.7,26.1,30.1,0.1,74,9.9,66,72
2026-05-15,110,Thái Nguyên,Viet Nam,21.5939,105.8481,33.9,27.3,30.5,0.3,76,11.6,75,71
2026-05-15,496,Bạc Liêu,Viet Nam,9.2941,105.7242,34.8,27.5,30.3,2.0,72,11.8,29,93
2026-05-15,132,Đắk Nông,Viet Nam,12.0,107.7,32.2,22.8,25.6,24.7,86,10.5,39,92
2026-05-15,813,Đồng Tháp,Viet Nam,10.4552,105.6323,34.6,27.3,30.5,1.4,72,14.4,72,84
2026-05-15,495,Nghệ An,Viet Nam,18.6667,105.6667,35.9,27.0,30.9,1.4,72,17.3,71,86
2026-05-15,196,Đắk Lắk,Viet Nam,12.6667,108.05,34.4,23.1,27.6,24.6,77,14.7,42,86
2026-05-15,454,Thanh Hóa,Viet Nam,19.8075,105.7764,37.1,28.1,31.7,0.2,67,13.0,62,79
2026-05-15,521,TP. Hồ Chí Minh,Viet Nam,10.8231,106.6297,37.4,27.5,32.0,6.2,64,12.9,68,88
2026-05-15,226,Kon Tum,Viet Nam,14.35,108.0,32.5,23.0,26.8,5.3,77,17.1,37,94
2026-05-15,201,Trường Sa,Viet Nam,10.66936,115.833324,31.2,27.7,30.0,1.5,69,8.4,18,93
2026-05-15,193,Bắc Kạn,Viet Nam,22.147,105.8326,33.8,25.5,29.8,0.4,76,10.5,72,59
2026-05-15,920,Vĩnh Long,Viet Nam,10.2536,105.9723,35.1,27.5,30.6,2.7,71,13.6,74,83
2026-05-15,590,Đà Nẵng,Viet Nam,16.0471,108.2068,37.1,27.3,31.0,3.1,70,10.1,78,82
2026-05-15,684,Khánh Hòa,Viet Nam,12.2467,109.1833,34.6,26.3,30.1,3.9,76,14.9,57,84
2026-05-15,767,Kiên Giang,Viet Nam,10.0122,105.0809,33.2,29.4,31.2,0.6,68,22.5,56,93
2026-05-15,108,Lào Cai,Viet Nam,22.4856,103.9707,33.2,26.4,29.9,0.0,68,6.4,40,53
2026-05-15,910,Cao Bằng,Viet Nam,22.6661,106.2635,35.2,24.6,29.4,1.8,77,11.0,63,57
2026-05-15,347,Bình Phước,Viet Nam,11.7516,106.8778,34.4,25.3,28.5,6.7,82,12.0,60,97
2026-05-15,960,Lai Châu,Viet Nam,22.3959,103.4621,28.9,20.4,24.3,7.0,82,5.2,36,64
2026-05-15,288,Hoàng Sa,Viet Nam,16.641233,112.742024,30.4,26.9,29.5,16.2,79,32.9,34,88
2026-05-15,249,Phú Yên,Viet Nam,13.0883,109.3045,36.9,26.1,30.6,5.5,70,23.0,69,93
2026-05-15,729,Phú Quốc,Viet Nam,10.279526,104.003538,32.0,27.3,29.1,2.4,77,19.5,22,99
2026-05-15,547,Sóc Trăng,Viet Nam,9.6019,105.9731,35.3,27.3,30.5,3.1,70,17.4,71,89
2026-05-15,849,Bắc Giang,Viet Nam,21.2731,106.1946,33.9,27.8,30.9,0.3,75,11.6,80,75
2026-05-15,237,Hải Phòng,Viet Nam,20.8449,106.6881,35.2,27.4,30.9,0.3,75,11.0,61,69
2026-05-15,833,Bến Tre,Viet Nam,10.2424,106.3752,35.3,27.3,30.3,2.9,75,8.3,75,87
2026-05-15,123,Quảng Trị,Viet Nam,16.75,107.1833,35.7,26.3,30.7,5.2,69,21.7,36,91
2026-05-15,620,Cần Thơ,Viet Nam,10.0451,105.7462,34.6,27.5,30.5,1.4,72,14.5,71,79
2026-05-15,701,Hà Nội,Viet Nam,21.0285,105.8542,34.1,27.9,30.7,0.0,76,12.3,80,73
2026-05-15,696,Hà Nam,Viet Nam,20.5463,105.9142,34.2,28.1,30.6,0.5,75,11.8,70,72
2026-05-15,981,Quảng Bình,Viet Nam,17.4731,106.5962,36.3,28.2,31.6,1.8,64,14.2,37,83
2026-05-15,587,Trà Vinh,Viet Nam,9.9342,106.3339,36.2,27.4,30.9,1.2,69,15.9,70,83
2026-05-16,456,Vĩnh Phúc,Viet Nam,21.3089,105.6047,31.6,24.7,27.2,62.2,91,15.4,73,99
2026-05-16,365,Cà Mau,Viet Nam,9.1769,105.1501,34.3,27.9,30.1,6.4,73,17.8,24,79
2026-05-16,122,Lâm Đồng,Viet Nam,11.9404,108.4419,26.2,16.6,20.5,1.7,84,11.8,37,98
2026-05-16,252,Phú Thọ,Viet Nam,21.3235,105.4011,32.0,25.4,27.7,26.4,90,19.8,73,98
2026-05-16,669,Hưng Yên,Viet Nam,20.6465,106.0511,32.8,26.1,27.9,43.3,91,13.9,75,98
2026-05-16,503,Sơn La,Viet Nam,21.3262,103.9149,30.9,22.9,26.4,2.8,85,11.3,31,79
2026-05-16,208,Ninh Thuận,Viet Nam,11.5647,108.9892,35.0,26.7,30.6,7.9,73,20.5,41,93
2026-05-16,327,Bà Rịa – Vũng Tàu,Viet Nam,10.4114,107.1362,33.0,26.4,29.5,9.9,80,19.0,59,90
2026-05-16,915,Tây Ninh,Viet Nam,11.3125,106.1006,33.8,25.3,29.5,1.7,76,11.1,72,99
2026-05-16,215,Hải Dương,Viet Nam,20.9391,106.3146,32.3,25.3,27.8,18.5,91,18.0,55,98
2026-05-16,784,Bình Thuận,Viet Nam,10.9333,108.1,33.7,26.1,29.5,4.4,79,20.8,56,91
2026-05-16,797,Gia Lai,Viet Nam,13.9833,108.0,27.1,21.4,24.0,0.1,83,11.9,31,97
2026-05-16,133,Bình Định,Viet Nam,13.782,109.2194,37.9,26.7,30.9,0.5,71,13.6,48,99
2026-05-16,275,Tuyên Quang,Viet Nam,21.8159,105.2132,34.4,24.2,27.8,30.2,86,15.7,65,81
2026-05-16,645,Hà Tĩnh,Viet Nam,18.3421,105.9038,35.4,26.4,29.7,3.7,77,14.3,45,86
2026-05-16,255,Long An,Viet Nam,10.5332,105.4053,35.9,27.9,30.6,1.9,73,14.0,71,94
2026-05-16,833,Bến Tre,Viet Nam,10.2424,106.3752,35.5,27.1,30.2,1.5,75,14.4,93,89
2026-05-16,813,Đồng Tháp,Viet Nam,10.4552,105.6323,34.6,27.6,29.9,4.2,78,14.5,71,89
2026-05-16,872,Thái Bình,Viet Nam,20.4463,106.3364,33.4,25.5,28.6,32.6,88,17.7,52,99
2026-05-16,416,Ninh Bình,Viet Nam,20.2506,105.9744,34.6,25.8,28.7,21.7,87,15.6,72,98
2026-05-16,146,Tiền Giang,Viet Nam,10.3606,106.3636,34.8,27.5,30.4,4.2,74,13.9,93,90
2026-05-16,707,Bắc Ninh,Viet Nam,21.1861,106.0763,32.0,25.0,27.5,48.2,91,15.5,72,99
2026-05-16,278,Đồng Nai,Viet Nam,10.9575,106.8427,35.0,26.0,29.6,11.1,80,10.8,76,97
2026-05-16,951,Bình Dương,Viet Nam,11.0531,106.6661,34.9,25.5,29.3,9.7,81,12.5,70,97
2026-05-16,385,Hà Giang,Viet Nam,22.8233,104.9836,33.8,24.6,27.9,25.4,85,9.5,59,69
2026-05-16,326,Thừa Thiên Huế,Viet Nam,16.4633,107.5847,34.8,25.6,29.8,0.7,76,16.7,52,96
2026-05-16,237,Hải Phòng,Viet Nam,20.8449,106.6881,30.9,25.2,27.9,17.6,88,22.5,35,99
2026-05-16,811,Điện Biên,Viet Nam,21.3833,103.0167,31.0,23.2,26.9,1.7,83,10.2,25,66
2026-05-16,160,Nam Định,Viet Nam,20.4231,106.1681,33.6,25.5,28.5,43.4,89,17.9,72,99
2026-05-16,168,An Giang,Viet Nam,10.5185,105.1152,36.3,28.0,31.0,1.2,69,16.7,64,94
2026-05-16,110,Thái Nguyên,Viet Nam,21.5939,105.8481,32.4,25.0,27.7,37.8,89,16.4,63,97
2026-05-16,496,Bạc Liêu,Viet Nam,9.2941,105.7242,36.2,27.6,30.5,4.7,72,19.2,25,79
2026-05-16,734,Yên Bái,Viet Nam,21.7051,104.8751,34.8,24.3,27.9,19.0,86,17.3,64,78
2026-05-16,132,Đắk Nông,Viet Nam,12.0,107.7,30.3,22.2,25.4,2.5,81,9.1,34,94
2026-05-16,511,Hòa Bình,Viet Nam,20.8171,105.3375,36.0,25.7,28.7,13.2,86,14.1,54,99
2026-05-16,226,Kon Tum,Viet Nam,14.35,108.0,30.3,23.0,26.3,0.4,81,10.3,30,96
2026-05-16,920,Vĩnh Long,Viet Nam,10.2536,105.9723,35.2,27.7,30.7,0.7,70,15.5,75,87
2026-05-16,454,Thanh Hóa,Viet Nam,19.8075,105.7764,36.1,27.2,30.1,15.8,81,14.0,66,97
2026-05-16,196,Đắk Lắk,Viet Nam,12.6667,108.05,30.7,24.0,26.8,1.9,75,9.7,41,96
2026-05-16,495,Nghệ An,Viet Nam,18.6667,105.6667,35.4,27.3,30.5,3.8,76,15.8,79,86
2026-05-16,861,Lạng Sơn,Viet Nam,21.8519,106.7614,31.1,23.5,26.1,10.3,89,15.9,39,96
2026-05-16,193,Bắc Kạn,Viet Nam,22.147,105.8326,34.3,24.5,27.8,22.5,87,11.7,65,86
2026-05-16,521,TP. Hồ Chí Minh,Viet Nam,10.8231,106.6297,35.9,26.4,30.5,20.2,75,7.9,76,95
2026-05-16,590,Đà Nẵng,Viet Nam,16.0471,108.2068,36.1,26.8,30.1,0.8,74,13.5,77,93
2026-05-16,684,Khánh Hòa,Viet Nam,12.2467,109.1833,33.5,26.6,29.9,0.1,75,13.4,55,96
2026-05-16,960,Lai Châu,Viet Nam,22.3959,103.4621,29.9,19.8,24.7,5.1,80,8.7,32,55
2026-05-16,463,Hậu Giang,Viet Nam,9.7845,105.4735,34.9,28.1,30.4,3.2,72,14.4,43,82
2026-05-16,981,Quảng Bình,Viet Nam,17.4731,106.5962,36.9,27.1,30.6,5.1,74,12.6,29,96
2026-05-16,587,Trà Vinh,Viet Nam,9.9342,106.3339,36.1,27.4,30.6,2.5,70,14.7,69,85
2026-05-16,910,Cao Bằng,Viet Nam,22.6661,106.2635,32.8,24.1,27.1,13.7,87,14.4,40,71
2026-05-16,347,Bình Phước,Viet Nam,11.7516,106.8778,34.0,24.4,28.5,2.4,80,16.0,63,96
2026-05-16,696,Hà Nam,Viet Nam,20.5463,105.9142,33.7,24.7,27.6,44.5,90,16.5,72,98
2026-05-16,108,Lào Cai,Viet Nam,22.4856,103.9707,34.3,23.8,28.8,6.3,79,15.5,41,66
2026-05-16,288,Hoàng Sa,Viet Nam,16.641233,112.742024,29.5,25.7,27.7,31.1,85,33.6,31,99
2026-05-16,249,Phú Yên,Viet Nam,13.0883,109.3045,36.6,27.0,31.0,0.0,66,21.6,61,97
2026-05-16,849,Bắc Giang,Viet Nam,21.2731,106.1946,32.4,24.8,27.7,31.5,90,16.7,72,98
2026-05-16,547,Sóc Trăng,Viet Nam,9.6019,105.9731,36.5,27.1,30.2,5.8,74,15.7,62,82
2026-05-16,729,Phú Quốc,Viet Nam,10.279526,104.003538,32.5,26.0,29.3,2.1,75,18.8,25,95
2026-05-16,620,Cần Thơ,Viet Nam,10.0451,105.7462,36.2,27.9,30.7,0.9,71,13.7,56,83
2026-05-16,701,Hà Nội,Viet Nam,21.0285,105.8542,32.7,25.0,27.3,60.6,91,15.4,72,98
2026-05-16,767,Kiên Giang,Viet Nam,10.0122,105.0809,33.8,29.3,31.3,2.1,68,20.3,28,87
2026-05-16,123,Quảng Trị,Viet Nam,16.75,107.1833,36.8,26.0,30.6,0.3,70,17.4,35,97
2026-05-16,201,Trường Sa,Viet Nam,10.66936,115.833324,30.8,28.6,29.8,0.6,70,17.2,19,86
2026-05-17,122,Lâm Đồng,Viet Nam,11.9404,108.4419,24.7,16.9,19.5,26.5,90,12.8,40,99
2026-05-17,669,Hưng Yên,Viet Nam,20.6465,106.0511,29.0,25.2,27.0,20.4,92,14.0,63,99
2026-05-17,365,Cà Mau,Viet Nam,9.1769,105.1501,33.2,27.4,29.7,6.0,73,18.0,22,83
2026-05-17,456,Vĩnh Phúc,Viet Nam,21.3089,105.6047,30.3,24.5,27.0,7.1,89,16.6,62,99
2026-05-17,327,Bà Rịa – Vũng Tàu,Viet Nam,10.4114,107.1362,31.9,27.0,29.1,6.7,80,19.1,51,91
2026-05-17,208,Ninh Thuận,Viet Nam,11.5647,108.9892,34.7,27.4,30.1,4.6,74,16.9,43,96
2026-05-17,463,Hậu Giang,Viet Nam,9.7845,105.4735,33.3,26.5,28.9,9.5,79,15.1,34,80
2026-05-17,503,Sơn La,Viet Nam,21.3262,103.9149,31.7,23.0,26.8,1.5,81,17.1,29,71
2026-05-17,784,Bình Thuận,Viet Nam,10.9333,108.1,33.8,26.3,29.7,4.2,77,18.3,53,91
2026-05-17,915,Tây Ninh,Viet Nam,11.3125,106.1006,34.7,25.2,28.1,16.9,88,13.4,68,87
2026-05-17,797,Gia Lai,Viet Nam,13.9833,108.0,29.6,21.4,24.3,7.1,86,17.5,50,100
2026-05-17,872,Thái Bình,Viet Nam,20.4463,106.3364,28.4,25.3,27.1,15.6,92,14.5,44,99
2026-05-17,252,Phú Thọ,Viet Nam,21.3235,105.4011,31.5,25.6,27.7,2.9,87,19.1,62,98
2026-05-17,255,Long An,Viet Nam,10.5332,105.4053,34.3,27.1,29.1,5.6,80,12.4,63,87
2026-05-17,275,Tuyên Quang,Viet Nam,21.8159,105.2132,31.3,24.9,27.0,3.5,89,15.4,42,88
2026-05-17,813,Đồng Tháp,Viet Nam,10.4552,105.6323,33.0,26.8,28.8,4.0,83,17.8,63,87
2026-05-17,146,Tiền Giang,Viet Nam,10.3606,106.3636,34.2,26.5,29.0,0.7,83,14.4,75,86
2026-05-17,833,Bến Tre,Viet Nam,10.2424,106.3752,34.5,26.6,29.2,0.5,82,14.1,75,90
2026-05-17,645,Hà Tĩnh,Viet Nam,18.3421,105.9038,32.9,26.3,29.4,9.6,85,9.0,47,96
2026-05-17,416,Ninh Bình,Viet Nam,20.2506,105.9744,29.6,25.6,27.5,26.0,92,11.5,64,99
2026-05-17,707,Bắc Ninh,Viet Nam,21.1861,106.0763,29.5,24.7,26.7,17.0,91,15.2,51,99
2026-05-17,201,Trường Sa,Viet Nam,10.66936,115.833324,31.0,28.7,30.3,0.4,67,17.9,23,91
2026-05-17,278,Đồng Nai,Viet Nam,10.9575,106.8427,34.6,25.7,28.9,8.7,82,19.8,75,95
2026-05-17,385,Hà Giang,Viet Nam,22.8233,104.9836,32.8,23.3,27.4,30.8,85,13.2,39,73
2026-05-17,951,Bình Dương,Viet Nam,11.0531,106.6661,35.3,25.2,28.5,9.4,83,20.5,69,95
2026-05-17,215,Hải Dương,Viet Nam,20.9391,106.3146,29.1,24.6,26.6,12.1,92,13.3,40,100
2026-05-17,811,Điện Biên,Viet Nam,21.3833,103.0167,32.1,22.7,28.1,5.2,79,5.9,26,73
2026-05-17,168,An Giang,Viet Nam,10.5185,105.1152,34.6,26.8,29.4,10.6,77,12.4,50,86
2026-05-17,110,Thái Nguyên,Viet Nam,21.5939,105.8481,29.6,24.5,27.0,15.3,90,17.2,38,95
2026-05-17,734,Yên Bái,Viet Nam,21.7051,104.8751,31.3,25.0,27.5,4.8,88,16.1,41,92
2026-05-17,496,Bạc Liêu,Viet Nam,9.2941,105.7242,33.7,27.4,29.3,9.4,78,14.4,24,86
2026-05-17,132,Đắk Nông,Viet Nam,12.0,107.7,30.6,22.3,24.7,14.8,89,9.1,32,95
2026-05-17,521,TP. Hồ Chí Minh,Viet Nam,10.8231,106.6297,35.9,26.2,29.7,3.4,76,12.9,75,92
2026-05-17,920,Vĩnh Long,Viet Nam,10.2536,105.9723,35.9,26.5,29.0,6.1,81,13.9,65,87
2026-05-17,454,Thanh Hóa,Viet Nam,19.8075,105.7764,31.9,26.5,28.1,25.3,91,8.1,58,99
2026-05-17,226,Kon Tum,Viet Nam,14.35,108.0,31.8,23.6,26.3,6.3,80,10.2,36,100
2026-05-17,196,Đắk Lắk,Viet Nam,12.6667,108.05,31.5,23.4,26.2,4.5,86,13.7,35,100
2026-05-17,511,Hòa Bình,Viet Nam,20.8171,105.3375,31.8,25.9,28.0,6.7,91,10.2,43,98
2026-05-17,767,Kiên Giang,Viet Nam,10.0122,105.0809,32.7,27.6,30.6,3.0,70,23.1,26,88
2026-05-17,495,Nghệ An,Viet Nam,18.6667,105.6667,33.6,26.9,30.0,4.4,80,6.9,74,95
2026-05-17,193,Bắc Kạn,Viet Nam,22.147,105.8326,31.4,25.1,27.1,10.0,90,12.0,36,89
2026-05-17,590,Đà Nẵng,Viet Nam,16.0471,108.2068,34.2,26.5,29.1,3.4,75,15.4,73,98
2026-05-17,696,Hà Nam,Viet Nam,20.5463,105.9142,28.4,25.1,26.5,14.7,95,11.8,64,98
2026-05-17,701,Hà Nội,Viet Nam,21.0285,105.8542,30.0,24.9,26.8,13.0,92,15.8,51,99
2026-05-17,108,Lào Cai,Viet Nam,22.4856,103.9707,32.2,24.0,27.7,11.9,84,10.1,36,77
2026-05-17,960,Lai Châu,Viet Nam,22.3959,103.4621,29.8,20.9,25.2,5.2,76,6.5,29,64
2026-05-17,684,Khánh Hòa,Viet Nam,12.2467,109.1833,33.5,26.2,29.3,4.3,82,17.1,57,97
2026-05-17,587,Trà Vinh,Viet Nam,9.9342,106.3339,35.2,26.4,28.8,9.8,82,14.8,64,89
2026-05-17,910,Cao Bằng,Viet Nam,22.6661,106.2635,30.5,24.4,26.3,11.6,92,12.0,31,94
2026-05-17,347,Bình Phước,Viet Nam,11.7516,106.8778,33.1,24.7,27.6,23.4,85,13.0,60,94
2026-05-17,981,Quảng Bình,Viet Nam,17.4731,106.5962,35.7,26.6,29.6,6.6,80,17.0,32,90
2026-05-17,123,Quảng Trị,Viet Nam,16.75,107.1833,36.3,25.9,29.0,8.1,82,16.4,40,96
2026-05-17,288,Hoàng Sa,Viet Nam,16.641233,112.742024,29.5,27.0,28.4,21.1,79,33.0,23,98
2026-05-17,133,Bình Định,Viet Nam,13.782,109.2194,36.3,25.9,29.3,8.9,78,19.1,59,100
2026-05-17,849,Bắc Giang,Viet Nam,21.2731,106.1946,29.5,24.5,26.7,23.3,90,14.9,51,99
2026-05-17,249,Phú Yên,Viet Nam,13.0883,109.3045,35.2,24.9,29.5,21.7,74,14.2,65,99
2026-05-17,620,Cần Thơ,Viet Nam,10.0451,105.7462,34.2,26.6,28.9,10.4,80,18.7,43,81
2026-05-17,861,Lạng Sơn,Viet Nam,21.8519,106.7614,28.8,23.0,25.2,12.2,92,14.4,27,95
2026-05-17,237,Hải Phòng,Viet Nam,20.8449,106.6881,28.5,25.0,26.8,19.7,91,14.4,32,99
2026-05-17,547,Sóc Trăng,Viet Nam,9.6019,105.9731,34.2,27.1,28.9,7.1,79,17.3,53,85
2026-05-17,160,Nam Định,Viet Nam,20.4231,106.1681,28.5,25.4,27.1,22.0,92,14.0,64,99
2026-05-17,729,Phú Quốc,Viet Nam,10.279526,104.003538,32.5,23.6,28.8,6.3,76,23.9,23,95
2026-05-17,326,Thừa Thiên Huế,Viet Nam,16.4633,107.5847,32.9,25.4,28.2,8.1,84,11.4,49,98
2026-05-18,365,Cà Mau,Viet Nam,9.1769,105.1501,32.9,26.1,29.2,9.0,76,23.1,24,90
2026-05-18,915,Tây Ninh,Viet Nam,11.3125,106.1006,34.1,26.2,28.7,6.5,84,16.2,71,95
2026-05-18,669,Hưng Yên,Viet Nam,20.6465,106.0511,29.9,25.5,27.5,16.7,93,13.9,63,98
2026-05-18,463,Hậu Giang,Viet Nam,9.7845,105.4735,33.5,25.5,28.5,9.9,81,20.4,43,82
2026-05-18,456,Vĩnh Phúc,Viet Nam,21.3089,105.6047,31.5,24.6,27.4,10.3,88,19.5,64,85
2026-05-18,122,Lâm Đồng,Viet Nam,11.9404,108.4419,25.5,17.0,19.5,10.8,91,13.9,23,97
2026-05-18,385,Hà Giang,Viet Nam,22.8233,104.9836,31.3,24.7,27.1,23.1,88,6.4,38,85
2026-05-18,327,Bà Rịa – Vũng Tàu,Viet Nam,10.4114,107.1362,31.6,28.6,29.9,8.2,73,22.5,38,92
2026-05-18,208,Ninh Thuận,Viet Nam,11.5647,108.9892,33.9,27.8,30.4,3.3,71,19.2,28,94
2026-05-18,784,Bình Thuận,Viet Nam,10.9333,108.1,32.5,27.6,29.9,3.7,73,17.0,33,93
2026-05-18,133,Bình Định,Viet Nam,13.782,109.2194,33.1,25.9,29.0,5.3,80,21.4,40,96
2026-05-18,797,Gia Lai,Viet Nam,13.9833,108.0,29.4,21.8,24.5,19.6,84,16.5,34,99
2026-05-18,416,Ninh Bình,Viet Nam,20.2506,105.9744,30.4,25.3,27.9,18.7,90,12.8,62,99
2026-05-18,872,Thái Bình,Viet Nam,20.4463,106.3364,29.5,26.1,27.9,11.1,91,13.6,36,99
2026-05-18,146,Tiền Giang,Viet Nam,10.3606,106.3636,34.7,26.2,28.8,4.6,82,20.3,79,88
2026-05-18,813,Đồng Tháp,Viet Nam,10.4552,105.6323,33.5,25.9,28.5,8.8,81,21.0,64,86
2026-05-18,255,Long An,Viet Nam,10.5332,105.4053,33.1,25.8,28.5,10.7,80,23.1,64,89
2026-05-18,275,Tuyên Quang,Viet Nam,21.8159,105.2132,32.0,24.1,27.4,25.0,87,14.2,43,80
2026-05-18,861,Lạng Sơn,Viet Nam,21.8519,106.7614,29.2,23.1,25.4,10.6,91,15.7,30,88
2026-05-18,707,Bắc Ninh,Viet Nam,21.1861,106.0763,31.4,24.5,27.1,26.2,91,16.4,59,93
2026-05-18,201,Trường Sa,Viet Nam,10.66936,115.833324,30.9,29.8,30.2,0.2,67,11.7,26,86
2026-05-18,278,Đồng Nai,Viet Nam,10.9575,106.8427,33.3,26.7,28.7,8.0,85,15.0,68,91
2026-05-18,951,Bình Dương,Viet Nam,11.0531,106.6661,33.8,26.3,28.6,6.1,85,16.3,64,92
2026-05-18,503,Sơn La,Viet Nam,21.3262,103.9149,30.9,22.1,26.0,11.7,85,16.9,32,71
2026-05-18,645,Hà Tĩnh,Viet Nam,18.3421,105.9038,33.4,27.3,29.3,3.0,80,12.7,40,94
2026-05-18,252,Phú Thọ,Viet Nam,21.3235,105.4011,32.2,25.4,28.0,24.3,87,17.7,64,88
2026-05-18,811,Điện Biên,Viet Nam,21.3833,103.0167,31.5,23.0,27.3,10.3,84,10.6,26,75
2026-05-18,168,An Giang,Viet Nam,10.5185,105.1152,33.0,25.9,28.8,7.5,79,20.2,38,89
2026-05-18,833,Bến Tre,Viet Nam,10.2424,106.3752,34.6,26.0,28.7,6.4,83,17.0,79,87
2026-05-18,521,TP. Hồ Chí Minh,Viet Nam,10.8231,106.6297,34.7,26.7,29.3,4.4,78,15.7,68,91
2026-05-18,496,Bạc Liêu,Viet Nam,9.2941,105.7242,34.0,26.9,29.3,6.8,78,20.3,24,89
2026-05-18,110,Thái Nguyên,Viet Nam,21.5939,105.8481,31.1,24.8,27.1,22.8,89,15.3,46,86
2026-05-18,734,Yên Bái,Viet Nam,21.7051,104.8751,32.1,24.9,27.2,19.2,91,11.7,44,87
2026-05-18,132,Đắk Nông,Viet Nam,12.0,107.7,30.5,22.9,24.9,12.1,88,13.1,26,98
2026-05-18,495,Nghệ An,Viet Nam,18.6667,105.6667,32.8,27.1,29.4,2.6,82,9.7,64,92
2026-05-18,226,Kon Tum,Viet Nam,14.35,108.0,31.1,23.1,26.3,26.8,79,10.1,36,99
2026-05-18,920,Vĩnh Long,Viet Nam,10.2536,105.9723,33.3,26.2,29.0,12.7,78,18.7,71,89
2026-05-18,196,Đắk Lắk,Viet Nam,12.6667,108.05,32.9,23.6,26.2,18.8,87,14.9,30,96
2026-05-18,454,Thanh Hóa,Viet Nam,19.8075,105.7764,31.7,27.3,29.0,11.8,87,14.5,60,98
2026-05-18,767,Kiên Giang,Viet Nam,10.0122,105.0809,32.8,25.6,28.8,24.1,79,25.9,28,82
2026-05-18,193,Bắc Kạn,Viet Nam,22.147,105.8326,31.8,24.8,27.7,11.5,87,10.7,41,76
2026-05-18,590,Đà Nẵng,Viet Nam,16.0471,108.2068,33.9,26.9,30.1,0.7,71,12.0,74,97
2026-05-18,701,Hà Nội,Viet Nam,21.0285,105.8542,31.5,24.4,27.0,28.8,92,12.2,59,93
2026-05-18,981,Quảng Bình,Viet Nam,17.4731,106.5962,33.3,26.4,29.1,7.6,82,16.2,31,91
2026-05-18,123,Quảng Trị,Viet Nam,16.75,107.1833,34.5,25.4,28.4,18.8,85,10.9,49,95
2026-05-18,547,Sóc Trăng,Viet Nam,9.6019,105.9731,35.4,26.1,29.4,2.6,77,24.0,62,89
2026-05-18,587,Trà Vinh,Viet Nam,9.9342,106.3339,33.3,25.8,28.5,5.2,82,15.9,70,86
2026-05-18,684,Khánh Hòa,Viet Nam,12.2467,109.1833,33.0,26.6,29.4,1.7,79,22.5,34,94
2026-05-18,960,Lai Châu,Viet Nam,22.3959,103.4621,29.1,20.7,24.5,18.4,83,6.8,29,52
2026-05-18,910,Cao Bằng,Viet Nam,22.6661,106.2635,31.7,24.2,26.4,13.9,92,12.2,32,91
2026-05-18,347,Bình Phước,Viet Nam,11.7516,106.8778,32.6,24.7,26.9,16.1,90,15.7,53,91
2026-05-18,160,Nam Định,Viet Nam,20.4231,106.1681,29.6,25.7,27.9,17.4,91,13.0,62,99
2026-05-18,696,Hà Nam,Viet Nam,20.5463,105.9142,30.5,24.9,27.1,14.0,92,11.4,62,99
2026-05-18,729,Phú Quốc,Viet Nam,10.279526,104.003538,30.9,24.7,26.9,22.7,88,18.6,21,98
2026-05-18,108,Lào Cai,Viet Nam,22.4856,103.9707,31.0,25.1,27.5,11.7,89,5.1,33,66
2026-05-18,511,Hòa Bình,Viet Nam,20.8171,105.3375,32.6,26.5,28.2,8.8,92,9.8,40,96
2026-05-18,849,Bắc Giang,Viet Nam,21.2731,106.1946,30.9,24.4,27.0,25.9,91,16.0,59,95
2026-05-18,326,Thừa Thiên Huế,Viet Nam,16.4633,107.5847,33.4,25.7,29.0,6.3,79,11.6,56,96
2026-05-18,288,Hoàng Sa,Viet Nam,16.641233,112.742024,30.5,28.3,29.9,2.9,69,26.2,22,86
2026-05-18,620,Cần Thơ,Viet Nam,10.0451,105.7462,32.7,26.0,28.7,7.1,79,17.5,56,87
2026-05-18,215,Hải Dương,Viet Nam,20.9391,106.3146,30.1,24.6,26.9,31.6,92,13.9,40,99
2026-05-18,237,Hải Phòng,Viet Nam,20.8449,106.6881,28.1,25.3,26.9,22.3,92,12.9,32,99
2026-05-18,249,Phú Yên,Viet Nam,13.0883,109.3045,35.0,26.3,29.2,6.8,78,23.4,46,95
2026-05-19,365,Cà Mau,Viet Nam,9.1769,105.1501,31.5,25.3,28.6,8.9,79,19.9,27,98
2026-05-19,915,Tây Ninh,Viet Nam,11.3125,106.1006,32.4,26.2,28.6,8.8,83,18.3,66,97
2026-05-19,463,Hậu Giang,Viet Nam,9.7845,105.4735,31.9,24.8,28.0,12.3,84,20.0,62,99
2026-05-19,327,Bà Rịa – Vũng Tàu,Viet Nam,10.4114,107.1362,31.6,28.1,30.1,8.4,70,24.4,31,95
2026-05-19,133,Bình Định,Viet Nam,13.782,109.2194,33.0,26.3,28.9,3.9,82,24.5,36,79
2026-05-19,669,Hưng Yên,Viet Nam,20.6465,106.0511,31.0,25.7,27.8,24.4,90,15.7,64,99
2026-05-19,456,Vĩnh Phúc,Viet Nam,21.3089,105.6047,30.8,24.9,27.2,19.2,90,15.8,66,98
2026-05-19,784,Bình Thuận,Viet Nam,10.9333,108.1,32.4,25.5,28.8,10.1,79,19.2,24,97
2026-05-19,208,Ninh Thuận,Viet Nam,11.5647,108.9892,35.2,27.9,30.7,2.4,66,23.8,22,89
2026-05-19,833,Bến Tre,Viet Nam,10.2424,106.3752,33.4,26.9,28.5,6.2,84,14.9,73,97
2026-05-19,797,Gia Lai,Viet Nam,13.9833,108.0,28.1,21.5,23.7,6.0,89,12.6,24,95
2026-05-19,645,Hà Tĩnh,Viet Nam,18.3421,105.9038,34.0,25.9,29.3,2.5,81,11.5,43,91
2026-05-19,861,Lạng Sơn,Viet Nam,21.8519,106.7614,29.4,23.2,25.7,9.0,89,18.5,32,96
2026-05-19,416,Ninh Bình,Viet Nam,20.2506,105.9744,30.9,25.9,27.9,33.9,91,16.9,61,99
2026-05-19,511,Hòa Bình,Viet Nam,20.8171,105.3375,32.3,25.9,28.4,20.7,91,9.9,35,98
2026-05-19,872,Thái Bình,Viet Nam,20.4463,106.3364,30.8,24.4,27.7,26.0,91,17.3,45,99
2026-05-19,146,Tiền Giang,Viet Nam,10.3606,106.3636,33.3,26.8,28.6,6.3,83,16.2,73,97
2026-05-19,813,Đồng Tháp,Viet Nam,10.4552,105.6323,31.6,25.4,28.2,7.8,84,19.7,72,97
2026-05-19,707,Bắc Ninh,Viet Nam,21.1861,106.0763,31.4,25.3,27.3,33.1,91,16.9,63,98
2026-05-19,951,Bình Dương,Viet Nam,11.0531,106.6661,32.4,26.6,28.6,5.7,83,15.8,65,99
2026-05-19,278,Đồng Nai,Viet Nam,10.9575,106.8427,32.4,27.0,28.8,5.4,83,17.6,72,97
2026-05-19,385,Hà Giang,Viet Nam,22.8233,104.9836,32.3,23.7,26.6,25.7,92,9.5,44,87
2026-05-19,201,Trường Sa,Viet Nam,10.66936,115.833324,31.2,29.7,30.5,0.4,66,15.7,25,53
2026-05-19,255,Long An,Viet Nam,10.5332,105.4053,32.9,25.4,28.7,7.2,80,22.9,72,98
2026-05-19,275,Tuyên Quang,Viet Nam,21.8159,105.2132,32.3,25.0,27.1,16.3,90,14.7,45,97
2026-05-19,811,Điện Biên,Viet Nam,21.3833,103.0167,31.0,22.3,27.1,4.2,83,9.4,25,58
2026-05-19,168,An Giang,Viet Nam,10.5185,105.1152,33.5,25.4,28.9,9.9,79,21.8,62,97
2026-05-19,521,TP. Hồ Chí Minh,Viet Nam,10.8231,106.6297,33.1,27.4,29.5,7.9,78,13.0,72,97
2026-05-19,495,Nghệ An,Viet Nam,18.6667,105.6667,33.4,26.6,29.2,12.3,83,9.9,61,100
2026-05-19,496,Bạc Liêu,Viet Nam,9.2941,105.7242,32.1,25.9,28.8,7.1,78,20.6,27,98
2026-05-19,132,Đắk Nông,Viet Nam,12.0,107.7,29.3,22.4,24.5,8.0,89,18.0,22,97
2026-05-19,110,Thái Nguyên,Viet Nam,21.5939,105.8481,31.4,24.9,27.0,20.6,91,19.5,46,97
2026-05-19,734,Yên Bái,Viet Nam,21.7051,104.8751,32.2,25.1,27.0,22.5,93,10.2,50,93
2026-05-19,767,Kiên Giang,Viet Nam,10.0122,105.0809,31.2,25.5,28.6,13.5,79,22.2,48,98
2026-05-19,920,Vĩnh Long,Viet Nam,10.2536,105.9723,32.5,26.2,28.6,3.7,82,18.5,72,98
2026-05-19,196,Đắk Lắk,Viet Nam,12.6667,108.05,32.1,24.1,26.5,10.0,85,13.5,24,98
2026-05-19,226,Kon Tum,Viet Nam,14.35,108.0,29.7,23.6,25.4,8.8,87,10.1,24,95
2026-05-19,193,Bắc Kạn,Viet Nam,22.147,105.8326,31.4,25.0,27.1,8.9,91,13.2,39,96
2026-05-19,454,Thanh Hóa,Viet Nam,19.8075,105.7764,31.5,25.8,28.5,31.4,89,17.5,59,100
2026-05-19,122,Lâm Đồng,Viet Nam,11.9404,108.4419,24.5,17.3,19.2,9.6,94,15.0,18,99
2026-05-19,590,Đà Nẵng,Viet Nam,16.0471,108.2068,34.1,28.0,30.5,0.5,73,16.7,60,87
2026-05-19,981,Quảng Bình,Viet Nam,17.4731,106.5962,33.6,26.4,29.0,4.5,84,13.4,41,91
2026-05-19,215,Hải Dương,Viet Nam,20.9391,106.3146,30.5,25.6,27.5,31.1,91,16.8,45,99
2026-05-19,160,Nam Định,Viet Nam,20.4231,106.1681,30.7,24.8,27.8,25.6,91,15.9,61,99
2026-05-19,547,Sóc Trăng,Viet Nam,9.6019,105.9731,33.2,26.3,29.1,7.7,75,17.6,67,97
2026-05-19,910,Cao Bằng,Viet Nam,22.6661,106.2635,31.8,24.5,26.8,8.9,90,14.2,33,89
2026-05-19,347,Bình Phước,Viet Nam,11.7516,106.8778,30.8,25.1,26.7,7.7,91,16.5,52,98
2026-05-19,123,Quảng Trị,Viet Nam,16.75,107.1833,34.3,26.9,29.0,11.5,85,13.2,56,96
2026-05-19,587,Trà Vinh,Viet Nam,9.9342,106.3339,32.1,26.4,28.6,7.0,80,17.3,69,95
2026-05-19,249,Phú Yên,Viet Nam,13.0883,109.3045,35.0,26.5,29.8,3.7,75,21.6,46,78
2026-05-19,701,Hà Nội,Viet Nam,21.0285,105.8542,30.2,25.2,27.5,19.9,90,15.7,63,99
2026-05-19,729,Phú Quốc,Viet Nam,10.279526,104.003538,31.6,25.0,27.8,13.1,82,19.5,22,97
2026-05-19,960,Lai Châu,Viet Nam,22.3959,103.4621,29.1,19.9,24.1,22.3,83,7.0,31,55
2026-05-19,849,Bắc Giang,Viet Nam,21.2731,106.1946,30.8,25.1,27.2,28.5,91,16.6,63,99
2026-05-19,252,Phú Thọ,Viet Nam,21.3235,105.4011,31.6,25.5,27.9,14.3,89,18.0,66,98
2026-05-19,620,Cần Thơ,Viet Nam,10.0451,105.7462,31.9,25.7,28.1,8.6,84,19.1,66,98
2026-05-19,696,Hà Nam,Viet Nam,20.5463,105.9142,30.9,25.1,27.1,25.2,92,14.8,61,100
2026-05-19,503,Sơn La,Viet Nam,21.3262,103.9149,31.4,22.0,25.8,12.0,87,10.5,31,77
2026-05-19,684,Khánh Hòa,Viet Nam,12.2467,109.1833,34.5,26.9,30.2,1.1,71,26.2,32,79
2026-05-19,288,Hoàng Sa,Viet Nam,16.641233,112.742024,30.5,29.2,29.9,0.8,74,31.6,20,68
2026-05-19,237,Hải Phòng,Viet Nam,20.8449,106.6881,31.0,25.2,27.6,25.7,90,16.1,38,98
2026-05-19,108,Lào Cai,Viet Nam,22.4856,103.9707,31.4,24.5,27.4,11.5,89,9.0,35,70
2026-05-19,326,Thừa Thiên Huế,Viet Nam,16.4633,107.5847,34.1,26.7,29.8,5.9,73,12.4,54,85
2026-05-20,365,Cà Mau,Viet Nam,9.1769,105.1501,32.4,25.3,28.4,14.7,82,17.9,24,99
2026-05-20,208,Ninh Thuận,Viet Nam,11.5647,108.9892,34.2,27.4,30.6,2.3,69,20.4,23,76
2026-05-20,833,Bến Tre,Viet Nam,10.2424,106.3752,32.7,25.4,28.7,11.5,84,13.0,74,84
2026-05-20,645,Hà Tĩnh,Viet Nam,18.3421,105.9038,32.9,26.1,28.8,4.5,83,15.5,31,93
2026-05-20,915,Tây Ninh,Viet Nam,11.3125,106.1006,33.1,26.1,28.7,3.9,81,14.9,67,92
2026-05-20,385,Hà Giang,Viet Nam,22.8233,104.9836,30.4,24.6,26.9,9.5,87,5.3,42,70
2026-05-20,327,Bà Rịa – Vũng Tàu,Viet Nam,10.4114,107.1362,30.8,27.6,29.9,3.5,73,19.1,26,81
2026-05-20,463,Hậu Giang,Viet Nam,9.7845,105.4735,32.2,25.3,28.3,10.5,85,14.6,58,97
2026-05-20,275,Tuyên Quang,Viet Nam,21.8159,105.2132,31.3,24.6,27.0,14.8,87,13.3,50,91
2026-05-20,133,Bình Định,Viet Nam,13.782,109.2194,32.8,27.0,29.5,1.9,78,21.5,38,86
2026-05-20,784,Bình Thuận,Viet Nam,10.9333,108.1,32.0,26.7,29.4,3.1,77,18.2,24,81
2026-05-20,255,Long An,Viet Nam,10.5332,105.4053,33.0,25.0,28.5,9.2,83,17.0,71,96
2026-05-20,797,Gia Lai,Viet Nam,13.9833,108.0,28.8,22.3,24.7,3.0,85,17.8,30,97
2026-05-20,511,Hòa Bình,Viet Nam,20.8171,105.3375,32.3,26.1,28.3,7.1,90,7.3,34,91
2026-05-20,872,Thái Bình,Viet Nam,20.4463,106.3364,29.7,26.1,28.0,24.6,90,17.7,38,98
2026-05-20,861,Lạng Sơn,Viet Nam,21.8519,106.7614,29.9,23.0,24.9,44.1,93,14.5,27,93
2026-05-20,416,Ninh Bình,Viet Nam,20.2506,105.9744,30.4,26.3,28.2,12.4,88,15.9,59,93
2026-05-20,813,Đồng Tháp,Viet Nam,10.4552,105.6323,32.4,25.7,28.6,4.0,83,14.4,71,93
2026-05-20,201,Trường Sa,Viet Nam,10.66936,115.833324,31.2,28.9,30.7,0.3,67,20.5,26,47
2026-05-20,146,Tiền Giang,Viet Nam,10.3606,106.3636,33.0,25.3,28.8,8.4,83,14.3,74,85
2026-05-20,707,Bắc Ninh,Viet Nam,21.1861,106.0763,30.2,24.8,26.9,42.1,92,16.5,65,95
2026-05-20,951,Bình Dương,Viet Nam,11.0531,106.6661,33.1,25.3,28.7,7.2,81,17.1,65,90
2026-05-20,278,Đồng Nai,Viet Nam,10.9575,106.8427,32.9,25.9,29.1,2.4,80,15.6,67,89
2026-05-20,122,Lâm Đồng,Viet Nam,11.9404,108.4419,24.3,17.2,19.5,6.9,92,14.7,20,98
2026-05-20,669,Hưng Yên,Viet Nam,20.6465,106.0511,29.8,26.0,27.6,39.9,91,17.8,65,97
2026-05-20,456,Vĩnh Phúc,Viet Nam,21.3089,105.6047,30.9,24.9,27.0,13.7,89,14.9,67,92
2026-05-20,168,An Giang,Viet Nam,10.5185,105.1152,33.3,25.2,28.7,8.1,81,19.4,61,97
2026-05-20,811,Điện Biên,Viet Nam,21.3833,103.0167,31.9,23.5,27.5,4.3,80,7.9,25,59
2026-05-20,521,TP. Hồ Chí Minh,Viet Nam,10.8231,106.6297,34.1,25.1,29.4,9.5,79,13.8,67,88
2026-05-20,496,Bạc Liêu,Viet Nam,9.2941,105.7242,32.2,25.4,28.9,20.0,81,17.3,24,98
2026-05-20,495,Nghệ An,Viet Nam,18.6667,105.6667,31.5,26.3,28.0,12.2,89,7.8,46,94
2026-05-20,132,Đắk Nông,Viet Nam,12.0,107.7,29.1,22.0,24.7,2.8,87,14.8,20,82
2026-05-20,454,Thanh Hóa,Viet Nam,19.8075,105.7764,31.0,26.8,28.2,10.6,88,15.5,40,99
2026-05-20,226,Kon Tum,Viet Nam,14.35,108.0,30.9,23.8,26.9,0.7,78,17.1,29,96
2026-05-20,684,Khánh Hòa,Viet Nam,12.2467,109.1833,33.1,26.9,30.0,1.2,73,26.9,32,72
2026-05-20,960,Lai Châu,Viet Nam,22.3959,103.4621,28.9,20.3,24.0,27.3,83,6.8,32,49
2026-05-20,196,Đắk Lắk,Viet Nam,12.6667,108.05,31.9,23.9,27.2,1.4,80,14.2,29,87
2026-05-20,767,Kiên Giang,Viet Nam,10.0122,105.0809,32.5,25.2,28.3,6.2,84,22.0,46,95
2026-05-20,696,Hà Nam,Viet Nam,20.5463,105.9142,30.0,25.7,27.3,25.5,92,17.7,59,97
2026-05-20,920,Vĩnh Long,Viet Nam,10.2536,105.9723,32.7,25.5,28.3,13.8,85,15.7,74,95
2026-05-20,734,Yên Bái,Viet Nam,21.7051,104.8751,31.4,24.4,27.0,16.5,90,8.4,59,83
2026-05-20,108,Lào Cai,Viet Nam,22.4856,103.9707,31.3,24.2,27.2,6.8,87,8.3,36,59
2026-05-20,193,Bắc Kạn,Viet Nam,22.147,105.8326,31.6,24.3,26.7,27.9,88,10.6,40,94
2026-05-20,110,Thái Nguyên,Viet Nam,21.5939,105.8481,31.2,24.7,26.7,36.7,91,14.2,49,93
2026-05-20,590,Đà Nẵng,Viet Nam,16.0471,108.2068,35.2,28.7,31.1,0.3,72,19.1,61,97
2026-05-20,981,Quảng Bình,Viet Nam,17.4731,106.5962,33.0,26.3,28.8,7.9,84,16.3,30,89
2026-05-20,215,Hải Dương,Viet Nam,20.9391,106.3146,30.3,25.2,27.1,68.2,93,13.0,51,97
2026-05-20,160,Nam Định,Viet Nam,20.4231,106.1681,30.0,26.0,27.9,27.8,90,19.3,59,98
2026-05-20,237,Hải Phòng,Viet Nam,20.8449,106.6881,28.7,25.6,26.9,37.1,94,14.5,35,98
2026-05-20,587,Trà Vinh,Viet Nam,9.9342,106.3339,32.3,25.0,28.6,12.8,83,14.0,66,84
2026-05-20,249,Phú Yên,Viet Nam,13.0883,109.3045,34.9,27.0,30.2,1.4,73,20.4,44,77
2026-05-20,288,Hoàng Sa,Viet Nam,16.641233,112.742024,30.6,28.7,30.1,1.1,76,31.5,21,66
2026-05-20,729,Phú Quốc,Viet Nam,10.279526,104.003538,30.9,24.6,27.2,19.9,88,16.5,26,98
2026-05-20,910,Cao Bằng,Viet Nam,22.6661,106.2635,29.3,23.7,25.7,31.2,90,11.4,34,85
2026-05-20,347,Bình Phước,Viet Nam,11.7516,106.8778,31.3,24.5,27.7,6.0,84,17.1,52,89
2026-05-20,326,Thừa Thiên Huế,Viet Nam,16.4633,107.5847,34.1,26.7,29.4,8.3,81,9.2,66,97
2026-05-20,123,Quảng Trị,Viet Nam,16.75,107.1833,32.3,26.9,28.8,4.5,87,8.8,62,86
2026-05-20,547,Sóc Trăng,Viet Nam,9.6019,105.9731,32.6,25.3,29.0,20.1,80,16.0,63,96
2026-05-20,849,Bắc Giang,Viet Nam,21.2731,106.1946,30.2,24.8,26.9,60.6,92,16.8,65,97
2026-05-20,620,Cần Thơ,Viet Nam,10.0451,105.7462,32.1,25.0,28.2,7.6,86,15.7,66,93
2026-05-20,252,Phú Thọ,Viet Nam,21.3235,105.4011,31.2,25.6,27.8,11.3,88,20.3,67,91
2026-05-20,701,Hà Nội,Viet Nam,21.0285,105.8542,30.1,25.6,27.2,22.1,92,13.8,65,96
2026-05-20,503,Sơn La,Viet Nam,21.3262,103.9149,30.6,22.5,25.6,13.5,88,12.5,27,76
2026-05-21,365,Cà Mau,Viet Nam,9.1769,105.1501,30.0,26.0,27.9,2.2,83,14.1,23,89
2026-05-21,208,Ninh Thuận,Viet Nam,11.5647,108.9892,35.6,27.1,30.9,2.1,66,20.7,26,35
2026-05-21,645,Hà Tĩnh,Viet Nam,18.3421,105.9038,33.3,27.2,29.7,2.1,76,15.8,29,94
2026-05-21,833,Bến Tre,Viet Nam,10.2424,106.3752,31.2,26.1,28.2,7.1,84,14.5,64,52
2026-05-21,915,Tây Ninh,Viet Nam,11.3125,106.1006,30.7,25.9,27.6,10.4,84,17.5,65,67
2026-05-21,327,Bà Rịa – Vũng Tàu,Viet Nam,10.4114,107.1362,30.5,27.7,29.2,8.8,76,17.5,30,44
2026-05-21,133,Bình Định,Viet Nam,13.782,109.2194,33.4,26.4,29.6,3.9,77,25.5,32,57
2026-05-21,255,Long An,Viet Nam,10.5332,105.4053,29.1,26.2,27.6,2.5,87,14.1,70,68
2026-05-21,784,Bình Thuận,Viet Nam,10.9333,108.1,32.1,26.3,29.3,2.5,77,15.9,29,28
2026-05-21,275,Tuyên Quang,Viet Nam,21.8159,105.2132,30.7,25.0,26.7,8.8,93,13.0,38,85
2026-05-21,797,Gia Lai,Viet Nam,13.9833,108.0,29.6,22.0,24.6,5.6,86,16.8,30,80
2026-05-21,511,Hòa Bình,Viet Nam,20.8171,105.3375,32.1,26.3,27.7,14.8,94,6.9,29,96
2026-05-21,872,Thái Bình,Viet Nam,20.4463,106.3364,30.1,26.4,28.5,13.0,89,17.4,35,98
2026-05-21,813,Đồng Tháp,Viet Nam,10.4552,105.6323,29.9,26.0,27.6,6.8,87,13.4,70,70
2026-05-21,861,Lạng Sơn,Viet Nam,21.8519,106.7614,29.2,23.7,25.4,19.6,93,18.5,25,99
2026-05-21,201,Trường Sa,Viet Nam,10.66936,115.833324,31.2,27.4,30.2,8.7,71,18.9,28,59
2026-05-21,707,Bắc Ninh,Viet Nam,21.1861,106.0763,30.6,26.5,27.5,15.1,92,18.0,63,99
2026-05-21,416,Ninh Bình,Viet Nam,20.2506,105.9744,29.2,27.7,28.4,12.8,91,17.1,53,99
2026-05-21,951,Bình Dương,Viet Nam,11.0531,106.6661,31.1,26.0,28.1,10.6,85,14.3,51,66
2026-05-21,278,Đồng Nai,Viet Nam,10.9575,106.8427,31.1,26.4,28.3,14.6,84,13.3,51,59
2026-05-21,463,Hậu Giang,Viet Nam,9.7845,105.4735,30.3,25.8,27.7,4.1,84,14.2,54,79
2026-05-21,168,An Giang,Viet Nam,10.5185,105.1152,28.5,25.6,27.1,4.3,91,12.2,64,77
2026-05-21,146,Tiền Giang,Viet Nam,10.3606,106.3636,31.2,26.0,28.2,5.8,84,14.4,64,56
2026-05-21,811,Điện Biên,Viet Nam,21.3833,103.0167,30.0,23.5,26.2,8.3,87,8.6,20,61
2026-05-21,496,Bạc Liêu,Viet Nam,9.2941,105.7242,30.1,27.0,28.4,3.1,81,13.5,24,89
2026-05-21,521,TP. Hồ Chí Minh,Viet Nam,10.8231,106.6297,31.7,26.0,28.6,16.2,83,14.6,51,58
2026-05-21,132,Đắk Nông,Viet Nam,12.0,107.7,29.4,21.8,24.4,6.4,89,21.4,22,57
2026-05-21,696,Hà Nam,Viet Nam,20.5463,105.9142,29.2,26.5,27.3,13.0,95,12.5,53,99
2026-05-21,701,Hà Nội,Viet Nam,21.0285,105.8542,30.1,26.6,27.4,15.3,93,16.0,63,99
2026-05-21,454,Thanh Hóa,Viet Nam,19.8075,105.7764,31.4,27.9,29.1,7.6,86,16.0,38,98
2026-05-21,495,Nghệ An,Viet Nam,18.6667,105.6667,32.5,26.7,29.3,2.4,84,8.1,52,98
2026-05-21,226,Kon Tum,Viet Nam,14.35,108.0,32.1,22.9,26.0,7.4,83,22.4,30,89
2026-05-21,196,Đắk Lắk,Viet Nam,12.6667,108.05,32.5,23.9,26.9,3.3,83,14.5,36,61
2026-05-21,684,Khánh Hòa,Viet Nam,12.2467,109.1833,34.4,26.7,30.4,1.0,71,25.5,35,38
2026-05-21,767,Kiên Giang,Viet Nam,10.0122,105.0809,29.9,26.0,27.4,14.2,88,11.4,54,79
2026-05-21,960,Lai Châu,Viet Nam,22.3959,103.4621,28.9,20.7,24.0,7.6,83,9.5,27,47
2026-05-21,920,Vĩnh Long,Viet Nam,10.2536,105.9723,30.3,25.4,27.6,15.1,86,15.9,70,65
2026-05-21,193,Bắc Kạn,Viet Nam,22.147,105.8326,31.1,25.1,26.8,15.0,92,11.6,27,89
2026-05-21,108,Lào Cai,Viet Nam,22.4856,103.9707,30.2,24.7,27.2,4.5,90,6.8,33,61
2026-05-21,590,Đà Nẵng,Viet Nam,16.0471,108.2068,35.0,27.1,30.7,1.1,74,20.0,58,97
2026-05-21,326,Thừa Thiên Huế,Viet Nam,16.4633,107.5847,35.6,25.9,29.2,17.2,82,11.4,67,97
2026-05-21,249,Phú Yên,Viet Nam,13.0883,109.3045,35.4,26.4,30.8,0.4,68,24.0,39,53
2026-05-21,547,Sóc Trăng,Viet Nam,9.6019,105.9731,30.8,26.8,28.4,4.7,80,14.3,62,76
2026-05-21,123,Quảng Trị,Viet Nam,16.75,107.1833,34.3,26.1,29.0,18.3,83,11.6,59,97
2026-05-21,160,Nam Định,Viet Nam,20.4231,106.1681,30.4,26.8,28.4,10.6,90,17.1,53,99
2026-05-21,981,Quảng Bình,Viet Nam,17.4731,106.5962,35.5,26.3,30.0,2.0,75,16.5,31,78
2026-05-21,237,Hải Phòng,Viet Nam,20.8449,106.6881,30.5,25.1,27.7,27.5,92,15.9,31,99
2026-05-21,587,Trà Vinh,Viet Nam,9.9342,106.3339,30.9,26.1,28.2,5.8,82,13.8,62,60
2026-05-21,729,Phú Quốc,Viet Nam,10.279526,104.003538,28.9,24.3,26.7,11.4,92,9.6,25,97
2026-05-21,910,Cao Bằng,Viet Nam,22.6661,106.2635,30.9,24.8,26.4,15.5,92,12.3,27,94
2026-05-21,347,Bình Phước,Viet Nam,11.7516,106.8778,29.2,24.8,26.5,17.7,92,17.7,41,55
2026-05-21,215,Hải Dương,Viet Nam,20.9391,106.3146,30.5,25.4,27.6,14.7,92,14.4,45,99
2026-05-21,288,Hoàng Sa,Viet Nam,16.641233,112.742024,30.4,28.7,29.9,0.4,77,29.8,26,51
2026-05-21,849,Bắc Giang,Viet Nam,21.2731,106.1946,30.4,25.7,27.5,12.2,92,16.1,63,99
2026-05-21,456,Vĩnh Phúc,Viet Nam,21.3089,105.6047,29.7,25.5,27.1,17.2,92,14.9,65,94
2026-05-21,503,Sơn La,Viet Nam,21.3262,103.9149,27.4,22.7,24.7,8.5,92,10.3,23,70
2026-05-21,620,Cần Thơ,Viet Nam,10.0451,105.7462,30.1,26.0,27.9,4.3,84,12.9,65,68
2026-05-21,252,Phú Thọ,Viet Nam,21.3235,105.4011,30.4,26.3,27.8,13.2,91,15.4,65,90
2026-05-21,669,Hưng Yên,Viet Nam,20.6465,106.0511,30.4,27.2,28.0,13.8,92,14.0,64,99
2026-05-21,734,Yên Bái,Viet Nam,21.7051,104.8751,29.2,25.4,26.7,12.7,95,8.3,62,97
2026-05-21,122,Lâm Đồng,Viet Nam,11.9404,108.4419,25.0,13.3,18.2,7.1,92,14.2,22,84
2026-05-21,110,Thái Nguyên,Viet Nam,21.5939,105.8481,30.2,24.7,26.8,46.1,93,19.7,38,94
2026-05-21,385,Hà Giang,Viet Nam,22.8233,104.9836,31.4,24.5,27.1,3.6,87,10.1,35,74
2026-05-22,365,Cà Mau,Viet Nam,9.1769,105.1501,33.7,26.7,29.2,3.3,79,11.5,39,51
2026-05-22,645,Hà Tĩnh,Viet Nam,18.3421,105.9038,34.7,28.3,31.2,0.9,65,20.4,34,93
2026-05-22,915,Tây Ninh,Viet Nam,11.3125,106.1006,34.6,25.9,29.4,1.6,78,13.2,70,63
2026-05-22,208,Ninh Thuận,Viet Nam,11.5647,108.9892,35.0,27.4,31.0,1.0,68,18.0,28,83
2026-05-22,275,Tuyên Quang,Viet Nam,21.8159,105.2132,32.3,25.7,28.9,1.6,83,15.4,62,52
2026-05-22,385,Hà Giang,Viet Nam,22.8233,104.9836,33.3,24.6,28.7,2.2,80,12.4,47,52
2026-05-22,327,Bà Rịa – Vũng Tàu,Viet Nam,10.4114,107.1362,31.5,28.4,30.0,2.4,72,15.9,26,83
2026-05-22,255,Long An,Viet Nam,10.5332,105.4053,33.7,26.5,29.2,0.9,80,12.4,81,71
2026-05-22,133,Bình Định,Viet Nam,13.782,109.2194,33.9,26.4,29.9,2.1,76,16.8,60,82
2026-05-22,784,Bình Thuận,Viet Nam,10.9333,108.1,32.6,27.0,29.9,0.4,74,17.6,30,80
2026-05-22,797,Gia Lai,Viet Nam,13.9833,108.0,29.7,21.9,25.5,1.1,77,13.0,35,89
2026-05-22,833,Bến Tre,Viet Nam,10.2424,106.3752,34.0,26.5,29.4,4.9,79,11.4,72,79
2026-05-22,146,Tiền Giang,Viet Nam,10.3606,106.3636,33.7,26.5,29.4,1.9,79,13.4,72,79
2026-05-22,511,Hòa Bình,Viet Nam,20.8171,105.3375,33.8,27.0,29.5,0.7,85,12.8,36,88
2026-05-22,813,Đồng Tháp,Viet Nam,10.4552,105.6323,34.0,26.5,29.0,1.6,80,12.3,81,74
2026-05-22,872,Thái Bình,Viet Nam,20.4463,106.3364,32.4,29.1,30.4,0.7,77,21.3,41,91
2026-05-22,951,Bình Dương,Viet Nam,11.0531,106.6661,34.0,25.9,29.3,0.8,78,14.9,66,70
2026-05-22,707,Bắc Ninh,Viet Nam,21.1861,106.0763,31.6,27.8,29.7,3.0,80,20.2,70,74
2026-05-22,861,Lạng Sơn,Viet Nam,21.8519,106.7614,29.6,25.4,26.9,7.7,88,22.5,45,59
2026-05-22,201,Trường Sa,Viet Nam,10.66936,115.833324,30.8,28.7,30.1,0.1,73,15.2,28,67
2026-05-22,278,Đồng Nai,Viet Nam,10.9575,106.8427,33.8,27.1,29.8,1.3,76,13.2,67,74
2026-05-22,110,Thái Nguyên,Viet Nam,21.5939,105.8481,31.9,26.9,29.2,6.1,84,19.2,64,63
2026-05-22,416,Ninh Bình,Viet Nam,20.2506,105.9744,32.7,28.2,30.4,1.1,76,21.0,61,94
2026-05-22,734,Yên Bái,Viet Nam,21.7051,104.8751,33.8,25.9,29.2,3.3,83,12.7,64,53
2026-05-22,811,Điện Biên,Viet Nam,21.3833,103.0167,30.9,23.1,27.0,10.1,80,11.4,30,65
2026-05-22,168,An Giang,Viet Nam,10.5185,105.1152,33.5,26.5,29.0,2.4,81,13.4,75,69
2026-05-22,696,Hà Nam,Viet Nam,20.5463,105.9142,32.8,27.5,29.6,0.9,79,17.3,61,95
2026-05-22,226,Kon Tum,Viet Nam,14.35,108.0,31.8,23.5,27.3,0.7,74,8.8,36,90
2026-05-22,496,Bạc Liêu,Viet Nam,9.2941,105.7242,33.2,27.0,29.9,0.0,73,12.8,31,48
2026-05-22,454,Thanh Hóa,Viet Nam,19.8075,105.7764,34.2,28.5,30.9,0.3,72,18.4,60,88
2026-05-22,132,Đắk Nông,Viet Nam,12.0,107.7,31.0,22.0,25.3,2.5,83,8.8,22,77
2026-05-22,701,Hà Nội,Viet Nam,21.0285,105.8542,32.2,27.8,29.7,1.9,81,16.8,70,83
2026-05-22,960,Lai Châu,Viet Nam,22.3959,103.4621,29.1,20.8,24.2,15.3,84,8.1,30,65
2026-05-22,920,Vĩnh Long,Viet Nam,10.2536,105.9723,33.3,26.1,29.0,3.4,82,10.9,79,77
2026-05-22,521,TP. Hồ Chí Minh,Viet Nam,10.8231,106.6297,34.3,26.4,29.7,1.2,77,9.9,67,78
2026-05-22,767,Kiên Giang,Viet Nam,10.0122,105.0809,33.1,26.6,29.0,1.4,80,13.3,71,68
2026-05-22,196,Đắk Lắk,Viet Nam,12.6667,108.05,32.7,24.5,28.1,0.3,75,6.5,50,65
2026-05-22,108,Lào Cai,Viet Nam,22.4856,103.9707,32.6,25.6,29.1,4.0,82,9.6,33,51
2026-05-22,684,Khánh Hòa,Viet Nam,12.2467,109.1833,33.8,26.8,30.3,0.1,72,14.1,58,80
2026-05-22,193,Bắc Kạn,Viet Nam,22.147,105.8326,31.4,26.1,28.3,3.9,88,14.3,57,53
2026-05-22,495,Nghệ An,Viet Nam,18.6667,105.6667,34.4,28.1,30.9,0.3,73,11.9,63,93
2026-05-22,590,Đà Nẵng,Viet Nam,16.0471,108.2068,37.3,27.9,31.3,0.6,68,15.3,69,81
2026-05-22,249,Phú Yên,Viet Nam,13.0883,109.3045,34.8,27.2,30.8,0.3,69,17.0,68,79
2026-05-22,123,Quảng Trị,Viet Nam,16.75,107.1833,35.0,26.9,30.4,0.9,74,13.5,52,82
2026-05-22,547,Sóc Trăng,Viet Nam,9.6019,105.9731,34.0,26.4,29.9,1.3,72,13.7,69,60
2026-05-22,237,Hải Phòng,Viet Nam,20.8449,106.6881,32.4,28.6,29.9,4.5,80,17.8,42,81
2026-05-22,288,Hoàng Sa,Viet Nam,16.641233,112.742024,30.4,29.5,30.0,0.0,77,20.7,26,83
2026-05-22,463,Hậu Giang,Viet Nam,9.7845,105.4735,34.0,25.9,29.1,2.6,79,12.1,69,63
2026-05-22,160,Nam Định,Viet Nam,20.4231,106.1681,32.5,28.8,30.4,1.2,77,20.8,61,94
2026-05-22,326,Thừa Thiên Huế,Viet Nam,16.4633,107.5847,36.4,26.5,31.4,0.1,66,13.9,62,84
2026-05-22,910,Cao Bằng,Viet Nam,22.6661,106.2635,32.2,25.8,28.2,2.5,86,17.3,49,34
2026-05-22,347,Bình Phước,Viet Nam,11.7516,106.8778,32.9,24.8,28.5,1.1,80,11.7,58,64
2026-05-22,122,Lâm Đồng,Viet Nam,11.9404,108.4419,25.5,15.3,19.7,2.8,87,8.7,26,96
2026-05-22,981,Quảng Bình,Viet Nam,17.4731,106.5962,35.8,27.7,31.3,0.0,66,17.9,33,91
2026-05-22,252,Phú Thọ,Viet Nam,21.3235,105.4011,33.7,27.1,30.1,0.9,80,19.0,70,72
2026-05-22,729,Phú Quốc,Viet Nam,10.279526,104.003538,31.7,25.9,27.7,5.3,84,12.3,28,69
2026-05-22,849,Bắc Giang,Viet Nam,21.2731,106.1946,31.4,28.1,29.4,6.2,83,17.6,70,74
2026-05-22,503,Sơn La,Viet Nam,21.3262,103.9149,31.5,22.8,26.8,1.5,81,8.3,31,67
2026-05-22,620,Cần Thơ,Viet Nam,10.0451,105.7462,33.3,26.2,29.1,5.9,81,10.2,77,72
2026-05-22,456,Vĩnh Phúc,Viet Nam,21.3089,105.6047,32.9,26.9,29.5,1.0,82,15.3,70,68
2026-05-22,215,Hải Dương,Viet Nam,20.9391,106.3146,32.3,28.5,29.9,4.2,79,16.4,53,83
2026-05-22,669,Hưng Yên,Viet Nam,20.6465,106.0511,32.1,28.1,30.1,0.6,78,19.0,68,95
2026-05-22,587,Trà Vinh,Viet Nam,9.9342,106.3339,33.2,26.3,29.3,3.4,77,11.0,68,71
2026-05-23,365,Cà Mau,Viet Nam,9.1769,105.1501,32.9,26.9,29.0,8.0,80,14.2,48,94
2026-05-23,133,Bình Định,Viet Nam,13.782,109.2194,35.4,26.9,30.5,0.6,73,17.5,64,88
2026-05-23,327,Bà Rịa – Vũng Tàu,Viet Nam,10.4114,107.1362,32.6,28.0,30.4,2.5,69,18.0,28,66
2026-05-23,275,Tuyên Quang,Viet Nam,21.8159,105.2132,34.3,28.1,30.7,0.0,72,15.8,64,82
2026-05-23,385,Hà Giang,Viet Nam,22.8233,104.9836,33.2,26.5,29.6,1.6,78,10.8,39,91
2026-05-23,255,Long An,Viet Nam,10.5332,105.4053,33.6,26.9,29.6,1.4,78,13.3,93,68
2026-05-23,645,Hà Tĩnh,Viet Nam,18.3421,105.9038,36.0,29.3,32.2,0.0,63,19.5,38,55
2026-05-23,146,Tiền Giang,Viet Nam,10.3606,106.3636,34.3,26.8,29.6,1.1,77,11.0,78,59
2026-05-23,784,Bình Thuận,Viet Nam,10.9333,108.1,34.2,26.7,30.5,2.3,71,20.0,31,72
2026-05-23,416,Ninh Bình,Viet Nam,20.2506,105.9744,35.2,28.8,31.5,0.0,68,21.0,53,89
2026-05-23,208,Ninh Thuận,Viet Nam,11.5647,108.9892,36.4,28.1,32.0,0.2,62,18.2,29,86
2026-05-23,797,Gia Lai,Viet Nam,13.9833,108.0,29.3,20.8,24.9,3.5,84,16.6,37,89
2026-05-23,915,Tây Ninh,Viet Nam,11.3125,106.1006,34.9,26.7,30.1,0.9,75,13.0,71,65
2026-05-23,201,Trường Sa,Viet Nam,10.66936,115.833324,30.9,28.8,29.9,3.5,73,13.6,23,99
2026-05-23,511,Hòa Bình,Viet Nam,20.8171,105.3375,35.6,27.9,31.4,0.0,73,13.7,34,95
2026-05-23,813,Đồng Tháp,Viet Nam,10.4552,105.6323,33.7,26.9,29.1,2.5,82,14.8,93,65
2026-05-23,951,Bình Dương,Viet Nam,11.0531,106.6661,34.5,26.6,29.9,0.5,75,11.2,71,67
2026-05-23,707,Bắc Ninh,Viet Nam,21.1861,106.0763,34.7,27.9,31.2,0.2,71,18.7,67,87
2026-05-23,278,Đồng Nai,Viet Nam,10.9575,106.8427,34.5,27.4,30.3,0.4,74,12.0,74,67
2026-05-23,833,Bến Tre,Viet Nam,10.2424,106.3752,33.9,27.0,29.5,2.4,77,12.7,78,66
2026-05-23,872,Thái Bình,Viet Nam,20.4463,106.3364,34.1,29.4,31.3,0.0,71,21.2,45,85
2026-05-23,734,Yên Bái,Viet Nam,21.7051,104.8751,34.7,27.2,30.7,0.9,79,7.1,67,94
2026-05-23,811,Điện Biên,Viet Nam,21.3833,103.0167,30.1,22.7,26.1,11.9,87,12.7,23,90
2026-05-23,861,Lạng Sơn,Viet Nam,21.8519,106.7614,33.5,26.6,29.3,0.3,73,20.0,51,81
2026-05-23,110,Thái Nguyên,Viet Nam,21.5939,105.8481,35.0,27.7,31.2,0.0,72,16.9,64,84
2026-05-23,168,An Giang,Viet Nam,10.5185,105.1152,33.9,26.9,29.6,3.8,78,12.4,82,73
2026-05-23,454,Thanh Hóa,Viet Nam,19.8075,105.7764,34.8,29.0,31.5,0.0,67,19.4,45,71
2026-05-23,767,Kiên Giang,Viet Nam,10.0122,105.0809,32.3,27.5,29.1,2.4,81,13.1,82,72
2026-05-23,226,Kon Tum,Viet Nam,14.35,108.0,32.4,23.0,26.9,4.3,79,14.4,35,86
2026-05-23,496,Bạc Liêu,Viet Nam,9.2941,105.7242,33.3,27.9,29.8,3.1,75,10.3,34,89
2026-05-23,920,Vĩnh Long,Viet Nam,10.2536,105.9723,33.6,26.4,29.1,2.4,79,11.8,87,67
2026-05-23,132,Đắk Nông,Viet Nam,12.0,107.7,30.5,22.2,24.7,5.2,88,9.1,26,82
2026-05-23,696,Hà Nam,Viet Nam,20.5463,105.9142,35.0,27.9,31.1,0.0,69,17.9,53,89
2026-05-23,701,Hà Nội,Viet Nam,21.0285,105.8542,35.3,28.0,31.3,0.0,72,17.8,67,85
2026-05-23,960,Lai Châu,Viet Nam,22.3959,103.4621,27.8,20.9,23.7,6.0,88,5.8,24,88
2026-05-23,684,Khánh Hòa,Viet Nam,12.2467,109.1833,35.0,27.4,30.9,0.6,69,16.2,61,82
2026-05-23,108,Lào Cai,Viet Nam,22.4856,103.9707,32.7,27.5,30.3,0.0,75,8.4,25,87
2026-05-23,215,Hải Dương,Viet Nam,20.9391,106.3146,35.1,28.6,31.4,0.1,71,18.4,53,87
2026-05-23,196,Đắk Lắk,Viet Nam,12.6667,108.05,31.5,22.8,26.5,7.1,82,10.4,38,83
2026-05-23,193,Bắc Kạn,Viet Nam,22.147,105.8326,33.3,26.8,30.0,0.4,78,11.7,60,85
2026-05-23,521,TP. Hồ Chí Minh,Viet Nam,10.8231,106.6297,35.0,27.1,30.4,0.6,73,10.6,74,61
2026-05-23,587,Trà Vinh,Viet Nam,9.9342,106.3339,33.2,26.6,29.1,1.8,78,12.3,79,71
2026-05-23,590,Đà Nẵng,Viet Nam,16.0471,108.2068,36.9,28.1,31.6,0.3,67,17.5,70,68
2026-05-23,249,Phú Yên,Viet Nam,13.0883,109.3045,36.5,27.1,30.9,4.1,73,16.8,68,84
2026-05-23,729,Phú Quốc,Viet Nam,10.279526,104.003538,32.6,26.3,28.2,6.4,84,13.6,23,77
2026-05-23,463,Hậu Giang,Viet Nam,9.7845,105.4735,33.8,26.1,28.5,12.7,82,12.0,85,86
2026-05-23,547,Sóc Trăng,Viet Nam,9.6019,105.9731,34.5,27.0,29.4,6.6,75,8.9,89,84
2026-05-23,160,Nam Định,Viet Nam,20.4231,106.1681,34.3,29.2,31.3,0.0,70,21.6,53,87
2026-05-23,288,Hoàng Sa,Viet Nam,16.641233,112.742024,30.4,29.7,30.0,0.0,78,23.6,27,51
2026-05-23,252,Phú Thọ,Viet Nam,21.3235,105.4011,36.5,28.4,31.9,0.0,72,15.7,67,90
2026-05-23,123,Quảng Trị,Viet Nam,16.75,107.1833,36.9,26.4,31.2,1.2,72,19.0,39,58
2026-05-23,347,Bình Phước,Viet Nam,11.7516,106.8778,33.0,25.3,28.5,1.3,81,10.5,62,72
2026-05-23,910,Cao Bằng,Viet Nam,22.6661,106.2635,34.8,26.8,30.0,0.4,76,14.2,53,84
2026-05-23,122,Lâm Đồng,Viet Nam,11.9404,108.4419,25.3,15.5,19.4,6.2,89,9.2,27,92
2026-05-23,326,Thừa Thiên Huế,Viet Nam,16.4633,107.5847,36.9,26.9,32.0,0.3,64,15.8,66,63
2026-05-23,237,Hải Phòng,Viet Nam,20.8449,106.6881,34.8,29.4,31.4,0.0,72,18.4,47,87
2026-05-23,849,Bắc Giang,Viet Nam,21.2731,106.1946,34.8,28.3,31.3,0.0,71,17.9,67,88
2026-05-23,620,Cần Thơ,Viet Nam,10.0451,105.7462,33.7,26.7,29.0,2.2,79,18.6,95,73
2026-05-23,495,Nghệ An,Viet Nam,18.6667,105.6667,36.0,27.7,31.7,0.0,70,16.0,64,65
2026-05-23,456,Vĩnh Phúc,Viet Nam,21.3089,105.6047,35.4,27.5,31.2,0.0,72,13.6,67,88
2026-05-23,981,Quảng Bình,Viet Nam,17.4731,106.5962,37.7,28.3,32.4,0.1,61,18.1,34,49
2026-05-23,669,Hưng Yên,Viet Nam,20.6465,106.0511,34.8,28.4,31.3,0.0,71,20.4,66,89
2026-05-23,503,Sơn La,Viet Nam,21.3262,103.9149,29.9,23.0,26.3,3.2,84,14.1,26,93
2026-05-24,365,Cà Mau,Viet Nam,9.1769,105.1501,33.3,26.8,29.1,4.3,80,11.3,54,75
2026-05-24,275,Tuyên Quang,Viet Nam,21.8159,105.2132,35.3,28.1,31.3,0.0,63,16.6,36,90
2026-05-24,133,Bình Định,Viet Nam,13.782,109.2194,36.7,26.9,31.2,0.2,70,17.4,57,47
2026-05-24,327,Bà Rịa – Vũng Tàu,Viet Nam,10.4114,107.1362,32.8,28.6,30.7,0.9,69,14.3,33,77
2026-05-24,385,Hà Giang,Viet Nam,22.8233,104.9836,34.5,26.4,29.9,1.0,72,15.5,28,72
2026-05-24,861,Lạng Sơn,Viet Nam,21.8519,106.7614,33.5,27.3,30.0,0.0,69,22.8,49,63
2026-05-24,255,Long An,Viet Nam,10.5332,105.4053,34.8,27.0,30.1,0.4,75,18.4,83,75
2026-05-24,146,Tiền Giang,Viet Nam,10.3606,106.3636,34.4,26.6,29.9,0.5,76,13.7,78,72
2026-05-24,416,Ninh Bình,Viet Nam,20.2506,105.9744,36.2,29.0,32.0,0.0,67,19.1,49,81
2026-05-24,872,Thái Bình,Viet Nam,20.4463,106.3364,34.8,29.4,31.7,0.0,69,19.7,44,75
2026-05-24,784,Bình Thuận,Viet Nam,10.9333,108.1,34.4,27.5,30.9,0.7,68,20.9,29,81
2026-05-24,797,Gia Lai,Viet Nam,13.9833,108.0,29.6,22.0,25.2,4.0,85,15.8,39,58
2026-05-24,813,Đồng Tháp,Viet Nam,10.4552,105.6323,34.1,26.7,29.6,1.4,79,13.2,83,75
2026-05-24,201,Trường Sa,Viet Nam,10.66936,115.833324,31.4,28.8,29.8,1.2,71,16.0,20,85
2026-05-24,511,Hòa Bình,Viet Nam,20.8171,105.3375,37.0,28.2,31.9,0.3,69,18.1,28,84
2026-05-24,707,Bắc Ninh,Viet Nam,21.1861,106.0763,35.5,28.7,31.8,0.0,68,18.6,63,71
2026-05-24,110,Thái Nguyên,Viet Nam,21.5939,105.8481,36.2,28.9,32.0,0.0,68,19.8,54,85
2026-05-24,951,Bình Dương,Viet Nam,11.0531,106.6661,34.1,26.3,29.3,2.3,80,9.4,68,81
2026-05-24,278,Đồng Nai,Viet Nam,10.9575,106.8427,34.5,27.2,29.7,1.5,79,10.9,70,77
2026-05-24,208,Ninh Thuận,Viet Nam,11.5647,108.9892,37.2,28.4,32.6,0.3,59,20.0,30,84
2026-05-24,915,Tây Ninh,Viet Nam,11.3125,106.1006,35.0,26.0,29.7,2.2,76,11.9,70,90
2026-05-24,645,Hà Tĩnh,Viet Nam,18.3421,105.9038,37.5,29.9,33.3,0.0,56,19.8,42,83
2026-05-24,168,An Giang,Viet Nam,10.5185,105.1152,35.6,27.6,30.4,0.9,72,12.5,72,79
2026-05-24,734,Yên Bái,Viet Nam,21.7051,104.8751,35.7,27.2,30.7,0.0,75,7.8,34,89
2026-05-24,811,Điện Biên,Viet Nam,21.3833,103.0167,30.2,24.6,26.7,4.7,84,14.8,22,94
2026-05-24,495,Nghệ An,Viet Nam,18.6667,105.6667,37.8,27.7,32.5,0.0,64,18.8,66,71
2026-05-24,454,Thanh Hóa,Viet Nam,19.8075,105.7764,37.2,29.4,32.7,0.2,61,21.2,39,65
2026-05-24,684,Khánh Hòa,Viet Nam,12.2467,109.1833,35.6,27.5,31.6,0.0,66,16.6,50,95
2026-05-24,920,Vĩnh Long,Viet Nam,10.2536,105.9723,34.4,26.4,29.5,0.7,78,14.7,82,70
2026-05-24,496,Bạc Liêu,Viet Nam,9.2941,105.7242,34.1,27.6,29.7,5.2,76,10.3,40,75
2026-05-24,132,Đắk Nông,Viet Nam,12.0,107.7,30.5,22.3,25.0,5.2,87,10.5,31,96
2026-05-24,701,Hà Nội,Viet Nam,21.0285,105.8542,36.1,29.1,31.9,0.0,69,17.8,63,69
2026-05-24,767,Kiên Giang,Viet Nam,10.0122,105.0809,32.5,27.5,29.7,1.2,76,18.2,71,79
2026-05-24,226,Kon Tum,Viet Nam,14.35,108.0,33.6,23.2,27.3,2.8,78,12.6,36,52
2026-05-24,960,Lai Châu,Viet Nam,22.3959,103.4621,27.4,21.4,23.6,11.6,88,7.9,20,90
2026-05-24,215,Hải Dương,Viet Nam,20.9391,106.3146,35.7,28.7,31.9,0.0,68,16.8,52,86
2026-05-24,108,Lào Cai,Viet Nam,22.4856,103.9707,33.8,28.3,30.7,0.0,73,10.3,21,90
2026-05-24,196,Đắk Lắk,Viet Nam,12.6667,108.05,33.1,23.4,27.2,1.2,77,14.0,40,85
2026-05-24,696,Hà Nam,Viet Nam,20.5463,105.9142,35.8,28.7,31.8,0.4,66,16.9,49,79
2026-05-24,981,Quảng Bình,Viet Nam,17.4731,106.5962,38.2,28.7,33.1,0.0,56,20.4,33,79
2026-05-24,193,Bắc Kạn,Viet Nam,22.147,105.8326,34.3,26.9,30.6,0.1,74,15.2,45,86
2026-05-24,587,Trà Vinh,Viet Nam,9.9342,106.3339,33.8,26.1,29.1,2.7,80,11.4,78,63
2026-05-24,590,Đà Nẵng,Viet Nam,16.0471,108.2068,39.3,28.4,32.7,0.2,64,13.7,73,16
2026-05-24,252,Phú Thọ,Viet Nam,21.3235,105.4011,37.2,30.6,33.4,0.0,60,18.6,55,85
2026-05-24,288,Hoàng Sa,Viet Nam,16.641233,112.742024,30.4,29.4,30.0,0.0,80,26.0,28,10
2026-05-24,729,Phú Quốc,Viet Nam,10.279526,104.003538,32.4,26.5,28.3,4.9,82,15.0,24,77
2026-05-24,122,Lâm Đồng,Viet Nam,11.9404,108.4419,26.1,15.9,19.9,3.1,87,8.5,33,96
2026-05-24,249,Phú Yên,Viet Nam,13.0883,109.3045,37.3,27.2,32.0,0.1,62,13.8,65,50
2026-05-24,463,Hậu Giang,Viet Nam,9.7845,105.4735,33.1,26.2,28.8,2.5,82,12.2,78,78
2026-05-24,547,Sóc Trăng,Viet Nam,9.6019,105.9731,34.7,26.9,29.5,4.7,76,15.1,82,77
2026-05-24,503,Sơn La,Viet Nam,21.3262,103.9149,31.6,24.0,27.2,3.2,76,14.7,22,91
2026-05-24,456,Vĩnh Phúc,Viet Nam,21.3089,105.6047,36.6,29.5,32.3,0.0,65,14.9,55,77
2026-05-24,347,Bình Phước,Viet Nam,11.7516,106.8778,32.8,25.3,28.2,3.0,85,14.8,63,94
2026-05-24,910,Cao Bằng,Viet Nam,22.6661,106.2635,34.9,27.2,30.8,0.0,71,17.8,41,69
2026-05-24,160,Nam Định,Viet Nam,20.4231,106.1681,35.3,29.2,31.7,0.0,69,19.7,49,79
2026-05-24,123,Quảng Trị,Viet Nam,16.75,107.1833,37.9,27.2,32.1,0.2,66,21.4,37,58
2026-05-24,669,Hưng Yên,Viet Nam,20.6465,106.0511,35.5,28.7,31.7,0.0,69,19.8,61,86
2026-05-24,849,Bắc Giang,Viet Nam,21.2731,106.1946,35.1,28.9,31.9,0.0,68,17.8,63,71
2026-05-24,620,Cần Thơ,Viet Nam,10.0451,105.7462,33.7,26.5,29.2,1.1,79,12.9,84,73
2026-05-24,833,Bến Tre,Viet Nam,10.2424,106.3752,34.4,26.5,29.6,0.7,78,12.8,78,68
2026-05-24,237,Hải Phòng,Viet Nam,20.8449,106.6881,35.9,29.2,32.0,0.0,70,16.7,45,83
2026-05-24,521,TP. Hồ Chí Minh,Viet Nam,10.8231,106.6297,35.2,26.9,30.1,1.2,75,7.7,70,73
2026-05-24,326,Thừa Thiên Huế,Viet Nam,16.4633,107.5847,38.5,27.4,32.8,1.5,61,11.6,55,37
2026-05-25,365,Cà Mau,Viet Nam,9.1769,105.1501,33.0,26.9,29.0,8.2,78,15.3,32,58
2026-05-25,133,Bình Định,Viet Nam,13.782,109.2194,37.5,26.7,31.3,0.4,71,17.1,65,25
2026-05-25,275,Tuyên Quang,Viet Nam,21.8159,105.2132,35.5,27.5,31.3,0.0,64,12.9,34,32
2026-05-25,327,Bà Rịa – Vũng Tàu,Viet Nam,10.4114,107.1362,33.3,28.5,30.8,0.8,72,20.0,39,52
2026-05-25,385,Hà Giang,Viet Nam,22.8233,104.9836,34.6,26.1,30.1,1.0,69,14.1,29,32
2026-05-25,872,Thái Bình,Viet Nam,20.4463,106.3364,35.5,28.7,32.0,0.0,68,19.1,46,22
2026-05-25,146,Tiền Giang,Viet Nam,10.3606,106.3636,34.9,26.9,30.0,0.6,76,15.3,75,46
2026-05-25,255,Long An,Viet Nam,10.5332,105.4053,35.6,27.6,30.8,0.4,69,17.3,72,39
2026-05-25,784,Bình Thuận,Viet Nam,10.9333,108.1,36.7,26.8,30.9,1.8,68,18.1,38,55
2026-05-25,416,Ninh Bình,Viet Nam,20.2506,105.9744,36.5,28.6,32.3,0.0,66,19.6,50,22
2026-05-25,861,Lạng Sơn,Viet Nam,21.8519,106.7614,34.5,27.0,30.4,0.0,67,24.0,51,4
2026-05-25,797,Gia Lai,Viet Nam,13.9833,108.0,29.1,20.9,25.3,2.5,81,16.5,39,29
2026-05-25,813,Đồng Tháp,Viet Nam,10.4552,105.6323,33.9,27.3,30.1,2.4,74,14.1,72,42
2026-05-25,110,Thái Nguyên,Viet Nam,21.5939,105.8481,36.5,28.3,32.5,0.0,67,18.7,58,18
2026-05-25,734,Yên Bái,Viet Nam,21.7051,104.8751,36.4,25.7,31.0,0.0,72,11.0,33,25
2026-05-25,951,Bình Dương,Viet Nam,11.0531,106.6661,34.4,26.5,29.7,2.9,79,13.0,66,38
2026-05-25,707,Bắc Ninh,Viet Nam,21.1861,106.0763,36.6,29.0,32.5,0.0,66,18.4,64,19
2026-05-25,201,Trường Sa,Viet Nam,10.66936,115.833324,30.1,27.3,29.2,7.8,74,11.1,20,84
2026-05-25,495,Nghệ An,Viet Nam,18.6667,105.6667,38.2,28.5,33.4,0.0,57,21.3,62,24
2026-05-25,278,Đồng Nai,Viet Nam,10.9575,106.8427,34.7,27.4,30.3,2.2,76,13.1,71,39
2026-05-25,511,Hòa Bình,Viet Nam,20.8171,105.3375,37.5,28.6,32.7,0.0,65,15.9,25,15
2026-05-25,521,TP. Hồ Chí Minh,Viet Nam,10.8231,106.6297,35.7,27.0,30.6,0.9,73,12.3,71,38
2026-05-25,168,An Giang,Viet Nam,10.5185,105.1152,35.7,27.7,30.8,1.9,69,13.8,62,46
2026-05-25,811,Điện Biên,Viet Nam,21.3833,103.0167,31.3,23.6,27.2,1.8,79,16.8,25,38
2026-05-25,454,Thanh Hóa,Viet Nam,19.8075,105.7764,37.7,29.5,33.3,0.0,58,19.9,38,16
2026-05-25,684,Khánh Hòa,Viet Nam,12.2467,109.1833,35.3,27.1,31.4,0.1,67,19.0,49,57
2026-05-25,701,Hà Nội,Viet Nam,21.0285,105.8542,37.0,29.0,32.5,0.0,67,16.2,64,18
2026-05-25,960,Lai Châu,Viet Nam,22.3959,103.4621,29.2,21.7,25.1,6.2,77,7.1,20,46
2026-05-25,920,Vĩnh Long,Viet Nam,10.2536,105.9723,33.6,26.5,29.7,1.0,77,13.6,73,52
2026-05-25,496,Bạc Liêu,Viet Nam,9.2941,105.7242,34.5,27.3,29.6,6.3,76,17.1,29,71
2026-05-25,132,Đắk Nông,Viet Nam,12.0,107.7,30.1,20.9,24.7,5.8,88,9.9,31,67
2026-05-25,196,Đắk Lắk,Viet Nam,12.6667,108.05,32.2,24.1,27.2,1.5,78,10.3,38,65
2026-05-25,237,Hải Phòng,Viet Nam,20.8449,106.6881,36.8,28.8,32.4,0.0,68,15.1,47,10
2026-05-25,108,Lào Cai,Viet Nam,22.4856,103.9707,34.0,27.2,30.4,0.0,71,11.5,22,35
2026-05-25,215,Hải Dương,Viet Nam,20.9391,106.3146,36.3,28.8,32.3,0.0,67,15.8,54,14
2026-05-25,767,Kiên Giang,Viet Nam,10.0122,105.0809,32.0,29.0,30.2,2.5,72,16.6,58,59
2026-05-25,193,Bắc Kạn,Viet Nam,22.147,105.8326,35.1,27.0,31.0,0.0,73,16.9,49,24
2026-05-25,226,Kon Tum,Viet Nam,14.35,108.0,33.0,23.1,27.3,4.1,76,16.2,37,26
2026-05-25,981,Quảng Bình,Viet Nam,17.4731,106.5962,38.7,28.8,33.6,0.0,56,18.3,40,8
2026-05-25,326,Thừa Thiên Huế,Viet Nam,16.4633,107.5847,39.5,27.7,32.9,1.3,60,10.6,50,2
2026-05-25,590,Đà Nẵng,Viet Nam,16.0471,108.2068,39.0,28.1,32.8,0.8,62,15.2,74,4
2026-05-25,587,Trà Vinh,Viet Nam,9.9342,106.3339,33.3,26.5,29.1,4.0,80,12.5,71,70
2026-05-25,252,Phú Thọ,Viet Nam,21.3235,105.4011,37.3,30.3,33.7,0.0,57,20.3,48,16
2026-05-25,288,Hoàng Sa,Viet Nam,16.641233,112.742024,30.0,29.5,29.7,0.0,83,28.3,29,11
2026-05-25,122,Lâm Đồng,Viet Nam,11.9404,108.4419,25.6,16.2,19.7,15.7,88,9.3,29,77
2026-05-25,347,Bình Phước,Viet Nam,11.7516,106.8778,32.8,24.2,28.3,7.3,86,9.5,54,51
2026-05-25,910,Cao Bằng,Viet Nam,22.6661,106.2635,36.0,26.7,31.2,0.0,70,17.4,42,22
2026-05-25,981,Quảng Bình,Viet Nam,17.4731,106.5962,38.7,28.8,33.6,0.0,56,18.3,40,8
2026-05-25,511,Hòa Bình,Viet Nam,20.8171,105.3375,37.5,28.6,32.7,0.0,65,15.9,25,15
2026-05-25,215,Hải Dương,Viet Nam,20.9391,106.3146,36.3,28.8,32.3,0.0,67,15.8,54,14
2026-05-25,193,Bắc Kạn,Viet Nam,22.147,105.8326,35.1,27.0,31.0,0.0,73,16.9,49,24
2026-05-25,160,Nam Định,Viet Nam,20.4231,106.1681,36.1,28.6,32.1,0.0,67,20.2,50,23
2026-05-25,496,Bạc Liêu,Viet Nam,9.2941,105.7242,34.5,27.3,29.6,6.3,76,17.1,29,71
2026-05-25,237,Hải Phòng,Viet Nam,20.8449,106.6881,36.8,28.8,32.4,0.0,68,15.1,47,10
2026-05-25,669,Hưng Yên,Viet Nam,20.6465,106.0511,36.2,28.7,32.1,0.0,68,17.5,64,19
2026-05-25,123,Quảng Trị,Viet Nam,16.75,107.1833,37.4,27.7,32.4,0.0,63,21.3,29,4
2026-05-25,463,Hậu Giang,Viet Nam,9.7845,105.4735,33.1,26.3,29.0,2.1,79,13.0,66,67
2026-05-25,797,Gia Lai,Viet Nam,13.9833,108.0,29.1,20.9,25.3,2.5,81,16.5,39,29
2026-05-25,208,Ninh Thuận,Viet Nam,11.5647,108.9892,38.8,27.9,32.6,0.6,61,20.7,34,57
2026-05-25,327,Bà Rịa – Vũng Tàu,Viet Nam,10.4114,107.1362,33.3,28.5,30.8,0.8,72,20.0,39,52
2026-05-25,590,Đà Nẵng,Viet Nam,16.0471,108.2068,39.0,28.1,32.8,0.8,62,15.2,74,4
2026-05-25,385,Hà Giang,Viet Nam,22.8233,104.9836,34.6,26.1,30.1,1.0,69,14.1,29,32
2026-05-25,168,An Giang,Viet Nam,10.5185,105.1152,35.7,27.7,30.8,1.9,69,13.8,62,46
2026-05-26,132,Đắk Nông,Viet Nam,12.0,107.7,30.7,21.6,24.8,2.4,86,12.5,25,69
2026-05-26,385,Hà Giang,Viet Nam,22.8233,104.9836,35.6,26.9,31.4,0.1,65,12.8,36,6
2026-05-26,767,Kiên Giang,Viet Nam,10.0122,105.0809,31.9,28.5,30.1,3.9,74,26.3,32,72
2026-05-26,496,Bạc Liêu,Viet Nam,9.2941,105.7242,33.7,27.8,29.8,6.9,73,24.8,26,67
2026-05-26,122,Lâm Đồng,Viet Nam,11.9404,108.4419,25.6,16.1,19.9,7.0,88,10.8,30,80
2026-05-26,684,Khánh Hòa,Viet Nam,12.2467,109.1833,35.4,27.6,31.5,0.3,65,16.3,62,73
2026-05-26,620,Cần Thơ,Viet Nam,10.0451,105.7462,33.6,27.6,29.8,3.1,74,20.5,61,76
2026-05-26,707,Bắc Ninh,Viet Nam,21.1861,106.0763,36.7,29.0,32.7,0.0,66,15.9,67,1
2026-05-26,133,Bình Định,Viet Nam,13.782,109.2194,37.6,26.8,31.6,0.2,64,14.3,52,57
2026-05-26,196,Đắk Lắk,Viet Nam,12.6667,108.05,32.6,23.4,26.8,1.9,77,16.7,34,57
2026-05-26,981,Quảng Bình,Viet Nam,17.4731,106.5962,39.6,29.1,33.5,0.1,54,17.4,41,5
2026-05-26,347,Bình Phước,Viet Nam,11.7516,106.8778,33.2,25.4,28.2,2.2,86,10.5,53,74
2026-05-26,701,Hà Nội,Viet Nam,21.0285,105.8542,37.2,28.8,32.6,0.0,66,14.9,67,2
2026-05-26,951,Bình Dương,Viet Nam,11.0531,106.6661,34.0,26.5,29.1,3.3,82,12.6,66,81
2026-05-26,365,Cà Mau,Viet Nam,9.1769,105.1501,32.8,27.8,29.6,3.5,74,19.1,25,62
2026-05-26,208,Ninh Thuận,Viet Nam,11.5647,108.9892,38.7,26.9,31.6,3.7,66,16.5,39,80
2026-05-26,669,Hưng Yên,Viet Nam,20.6465,106.0511,36.7,28.6,32.5,0.0,67,18.1,65,3
2026-05-26,495,Nghệ An,Viet Nam,18.6667,105.6667,39.4,30.2,34.2,0.0,53,20.7,61,6
2026-05-26,249,Phú Yên,Viet Nam,13.0883,109.3045,37.5,27.7,32.1,0.2,58,24.8,58,56
2026-05-26,160,Nam Định,Viet Nam,20.4231,106.1681,36.4,29.3,32.7,0.0,66,18.8,56,1
2026-05-26,813,Đồng Tháp,Viet Nam,10.4552,105.6323,34.0,27.7,30.2,2.8,74,19.2,64,82
2026-05-26,108,Lào Cai,Viet Nam,22.4856,103.9707,36.2,27.2,31.6,0.0,66,13.2,31,6
2026-05-26,910,Cao Bằng,Viet Nam,22.6661,106.2635,37.0,26.7,31.6,0.1,67,11.7,51,7
2026-05-26,252,Phú Thọ,Viet Nam,21.3235,105.4011,38.3,29.6,33.6,0.0,65,14.5,62,2
2026-05-26,237,Hải Phòng,Viet Nam,20.8449,106.6881,36.6,29.8,32.7,0.0,67,15.2,54,4
2026-05-26,849,Bắc Giang,Viet Nam,21.2731,106.1946,36.5,29.4,32.7,0.0,67,16.7,67,3
2026-05-26,784,Bình Thuận,Viet Nam,10.9333,108.1,36.9,26.3,30.6,2.5,70,21.5,45,69
2026-05-26,797,Gia Lai,Viet Nam,13.9833,108.0,29.9,21.0,24.7,5.2,81,15.5,31,72
2026-05-26,590,Đà Nẵng,Viet Nam,16.0471,108.2068,39.5,28.5,33.1,0.0,60,16.9,74,7
2026-05-26,255,Long An,Viet Nam,10.5332,105.4053,35.3,27.5,30.6,2.9,70,19.7,64,83
2026-05-26,511,Hòa Bình,Viet Nam,20.8171,105.3375,38.1,28.6,33.0,0.0,65,12.1,33,4
2026-05-26,327,Bà Rịa – Vũng Tàu,Viet Nam,10.4114,107.1362,33.0,27.9,30.2,3.7,76,16.4,50,71
2026-05-26,960,Lai Châu,Viet Nam,22.3959,103.4621,30.6,23.0,26.6,5.2,70,7.8,31,31
2026-05-26,226,Kon Tum,Viet Nam,14.35,108.0,33.3,22.2,26.6,3.0,76,15.1,28,66
2026-05-26,833,Bến Tre,Viet Nam,10.2424,106.3752,35.0,27.6,30.4,0.2,72,18.5,70,72
2026-05-26,123,Quảng Trị,Viet Nam,16.75,107.1833,37.4,28.0,32.4,0.0,62,22.2,33,29
2026-05-26,416,Ninh Bình,Viet Nam,20.2506,105.9744,36.5,29.0,32.6,0.0,65,17.7,56,2
2026-05-26,215,Hải Dương,Viet Nam,20.9391,106.3146,36.5,29.2,32.7,0.0,67,15.2,62,2
2026-05-26,645,Hà Tĩnh,Viet Nam,18.3421,105.9038,37.8,28.9,33.6,0.0,57,18.4,42,7
2026-05-26,861,Lạng Sơn,Viet Nam,21.8519,106.7614,34.6,27.2,30.6,0.1,67,18.2,56,5
2026-05-26,696,Hà Nam,Viet Nam,20.5463,105.9142,37.1,28.5,32.5,0.0,64,15.1,56,2
2026-05-26,463,Hậu Giang,Viet Nam,9.7845,105.4735,32.8,27.3,29.5,3.4,77,19.4,57,73
2026-05-26,168,An Giang,Viet Nam,10.5185,105.1152,35.0,27.4,30.5,3.4,70,17.5,46,83
2026-05-26,278,Đồng Nai,Viet Nam,10.9575,106.8427,34.1,27.2,29.5,3.6,81,10.6,72,78
2026-05-26,193,Bắc Kạn,Viet Nam,22.147,105.8326,36.3,26.9,31.6,0.0,71,13.0,59,4
2026-05-26,811,Điện Biên,Viet Nam,21.3833,103.0167,32.8,24.5,28.1,2.3,77,13.2,25,18
2026-05-26,326,Thừa Thiên Huế,Viet Nam,16.4633,107.5847,39.5,27.5,32.4,1.8,61,18.3,44,18
2026-05-26,201,Trường Sa,Viet Nam,10.66936,115.833324,29.6,27.2,28.7,3.3,77,22.9,19,79
2026-05-26,521,TP. Hồ Chí Minh,Viet Nam,10.8231,106.6297,35.0,27.4,30.4,4.6,74,10.1,72,78
2026-05-26,288,Hoàng Sa,Viet Nam,16.641233,112.742024,30.2,29.8,30.0,0.0,83,27.0,27,10
2026-05-26,275,Tuyên Quang,Viet Nam,21.8159,105.2132,36.1,27.6,32.1,0.0,64,9.6,47,4
2026-05-26,454,Thanh Hóa,Viet Nam,19.8075,105.7764,38.3,29.3,33.6,0.0,57,16.8,42,3
2026-05-26,734,Yên Bái,Viet Nam,21.7051,104.8751,37.5,26.7,31.9,0.0,71,10.0,48,4
2026-05-26,146,Tiền Giang,Viet Nam,10.3606,106.3636,36.0,27.9,31.0,1.0,70,18.1,70,75
2026-05-26,729,Phú Quốc,Viet Nam,10.279526,104.003538,30.6,25.9,28.2,5.2,82,19.4,23,79
2026-05-26,587,Trà Vinh,Viet Nam,9.9342,106.3339,33.5,27.5,30.0,1.9,73,18.9,66,69
2026-05-26,920,Vĩnh Long,Viet Nam,10.2536,105.9723,33.9,27.1,30.0,5.0,74,17.6,66,78
2026-05-26,872,Thái Bình,Viet Nam,20.4463,106.3364,36.3,29.5,32.6,0.0,68,19.4,53,2
2026-05-26,547,Sóc Trăng,Viet Nam,9.6019,105.9731,34.1,27.2,29.9,4.7,73,19.0,63,69
2026-05-26,456,Vĩnh Phúc,Viet Nam,21.3089,105.6047,37.1,28.9,32.8,0.0,64,13.0,62,1
2026-05-26,110,Thái Nguyên,Viet Nam,21.5939,105.8481,36.4,28.5,32.4,0.0,67,13.9,66,3
2026-05-26,915,Tây Ninh,Viet Nam,11.3125,106.1006,34.6,26.1,29.6,1.0,77,17.8,62,94
2026-05-26,503,Sơn La,Viet Nam,21.3262,103.9149,33.0,24.7,28.4,2.0,68,15.1,29,22
2026-05-27,734,Yên Bái,Viet Nam,21.7051,104.8751,37.2,26.7,31.9,0.0,72,10.0,55,14
2026-05-27,920,Vĩnh Long,Viet Nam,10.2536,105.9723,31.2,26.6,29.2,7.2,81,15.8,80,95
2026-05-27,587,Trà Vinh,Viet Nam,9.9342,106.3339,30.9,26.5,28.6,7.0,83,17.4,74,97
2026-05-27,146,Tiền Giang,Viet Nam,10.3606,106.3636,31.9,26.8,29.3,5.1,80,19.2,94,99
2026-05-27,201,Trường Sa,Viet Nam,10.66936,115.833324,30.5,27.9,29.3,2.9,72,19.9,20,77
2026-05-27,521,TP. Hồ Chí Minh,Viet Nam,10.8231,106.6297,34.4,25.8,30.5,2.0,72,13.2,85,96
2026-05-27,454,Thanh Hóa,Viet Nam,19.8075,105.7764,38.8,27.3,32.4,0.1,73,18.6,52,25
2026-05-27,456,Vĩnh Phúc,Viet Nam,21.3089,105.6047,36.7,27.2,32.2,0.2,68,14.0,73,12
2026-05-27,729,Phú Quốc,Viet Nam,10.279526,104.003538,32.0,26.4,29.1,2.7,76,17.6,24,72
2026-05-27,872,Thái Bình,Viet Nam,20.4463,106.3364,36.2,28.9,31.9,0.0,74,15.2,50,27
2026-05-27,326,Thừa Thiên Huế,Viet Nam,16.4633,107.5847,38.1,27.3,32.8,0.5,62,13.5,47,8
2026-05-27,275,Tuyên Quang,Viet Nam,21.8159,105.2132,36.4,26.5,31.7,0.5,70,13.8,64,8
2026-05-27,503,Sơn La,Viet Nam,21.3262,103.9149,33.3,23.2,28.0,1.3,75,7.2,32,19
2026-05-27,288,Hoàng Sa,Viet Nam,16.641233,112.742024,31.0,30.1,30.5,0.0,76,21.2,32,41
2026-05-27,915,Tây Ninh,Viet Nam,11.3125,106.1006,33.9,27.5,30.4,0.2,72,12.3,69,83
2026-05-27,110,Thái Nguyên,Viet Nam,21.5939,105.8481,36.3,27.0,31.7,0.3,73,17.8,70,7
2026-05-27,547,Sóc Trăng,Viet Nam,9.6019,105.9731,31.4,27.1,29.2,5.8,79,17.9,67,93
2026-05-27,168,An Giang,Viet Nam,10.5185,105.1152,34.1,28.0,30.8,1.5,70,17.4,59,72
2026-05-27,196,Đắk Lắk,Viet Nam,12.6667,108.05,33.2,22.8,26.8,3.8,82,16.6,31,60
2026-05-27,951,Bình Dương,Viet Nam,11.0531,106.6661,32.9,23.4,29.6,6.5,77,15.7,67,90
2026-05-27,327,Bà Rịa – Vũng Tàu,Viet Nam,10.4114,107.1362,31.3,26.4,30.0,5.8,76,18.6,59,89
2026-05-27,160,Nam Định,Viet Nam,20.4231,106.1681,36.4,28.8,32.1,0.0,74,15.5,62,28
2026-05-27,249,Phú Yên,Viet Nam,13.0883,109.3045,37.5,27.0,31.1,0.7,64,21.6,55,38
2026-05-27,255,Long An,Viet Nam,10.5332,105.4053,33.0,27.8,30.2,3.8,73,20.9,73,85
2026-05-27,960,Lai Châu,Viet Nam,22.3959,103.4621,30.8,21.9,26.0,3.5,77,6.9,36,29
2026-05-27,696,Hà Nam,Viet Nam,20.5463,105.9142,37.3,26.9,31.5,1.8,75,15.9,62,24
2026-05-27,132,Đắk Nông,Viet Nam,12.0,107.7,30.3,21.5,24.7,12.0,89,14.2,27,83
2026-05-27,347,Bình Phước,Viet Nam,11.7516,106.8778,32.3,24.2,28.6,6.4,84,11.3,48,95
2026-05-27,981,Quảng Bình,Viet Nam,17.4731,106.5962,39.2,27.6,32.2,1.8,67,11.5,40,33
2026-05-27,208,Ninh Thuận,Viet Nam,11.5647,108.9892,37.4,28.3,31.7,1.2,65,22.4,40,79
2026-05-27,511,Hòa Bình,Viet Nam,20.8171,105.3375,37.8,27.3,32.2,0.4,73,11.4,44,18
2026-05-27,496,Bạc Liêu,Viet Nam,9.2941,105.7242,32.8,27.9,29.7,4.3,76,18.4,27,86
2026-05-27,237,Hải Phòng,Viet Nam,20.8449,106.6881,36.8,28.9,31.9,0.1,75,16.2,47,9
2026-05-27,797,Gia Lai,Viet Nam,13.9833,108.0,30.4,21.3,25.3,8.3,81,14.8,26,40
2026-05-27,590,Đà Nẵng,Viet Nam,16.0471,108.2068,38.1,28.4,32.4,0.0,65,15.7,69,1
2026-05-27,784,Bình Thuận,Viet Nam,10.9333,108.1,36.4,25.3,30.4,7.4,73,30.4,51,82
2026-05-27,767,Kiên Giang,Viet Nam,10.0122,105.0809,31.7,28.1,29.9,1.6,75,22.6,35,71
2026-05-27,133,Bình Định,Viet Nam,13.782,109.2194,37.3,25.9,31.0,0.4,70,18.1,52,23
2026-05-27,645,Hà Tĩnh,Viet Nam,18.3421,105.9038,37.4,28.9,32.4,0.4,66,13.5,38,32
2026-05-27,849,Bắc Giang,Viet Nam,21.2731,106.1946,36.5,27.8,31.9,0.0,73,17.4,73,6
2026-05-27,495,Nghệ An,Viet Nam,18.6667,105.6667,40.1,29.4,34.1,0.0,56,16.3,60,34
2026-05-27,252,Phú Thọ,Viet Nam,21.3235,105.4011,37.2,28.0,32.9,0.0,66,20.4,73,11
2026-05-27,108,Lào Cai,Viet Nam,22.4856,103.9707,35.8,27.7,31.8,0.2,68,7.8,37,26
2026-05-27,365,Cà Mau,Viet Nam,9.1769,105.1501,32.1,25.7,29.2,1.0,79,18.5,27,71
2026-05-27,122,Lâm Đồng,Viet Nam,11.9404,108.4419,24.8,15.8,19.6,9.6,87,8.7,28,66
2026-05-27,811,Điện Biên,Viet Nam,21.3833,103.0167,32.4,23.9,28.0,0.9,78,9.3,26,16
2026-05-27,620,Cần Thơ,Viet Nam,10.0451,105.7462,32.0,26.4,29.5,4.6,78,17.0,64,90
2026-05-27,701,Hà Nội,Viet Nam,21.0285,105.8542,36.7,27.3,32.0,0.6,72,14.7,73,15
2026-05-27,123,Quảng Trị,Viet Nam,16.75,107.1833,38.4,27.1,32.3,2.3,67,19.4,42,18
2026-05-27,861,Lạng Sơn,Viet Nam,21.8519,106.7614,35.4,25.4,30.0,0.0,71,16.4,53,9
2026-05-27,669,Hưng Yên,Viet Nam,20.6465,106.0511,36.4,28.1,31.8,0.2,75,15.6,71,26
2026-05-27,193,Bắc Kạn,Viet Nam,22.147,105.8326,36.5,26.0,31.0,1.6,76,10.1,64,16
2026-05-27,215,Hải Dương,Viet Nam,20.9391,106.3146,37.2,27.8,31.8,0.7,73,16.4,64,14
2026-05-27,910,Cao Bằng,Viet Nam,22.6661,106.2635,36.9,25.8,30.9,1.1,74,13.0,53,17
2026-05-27,813,Đồng Tháp,Viet Nam,10.4552,105.6323,31.9,27.5,29.4,5.4,80,20.7,73,93
2026-05-27,684,Khánh Hòa,Viet Nam,12.2467,109.1833,35.2,27.6,31.6,0.0,63,16.2,60,54
2026-05-27,278,Đồng Nai,Viet Nam,10.9575,106.8427,32.6,24.1,29.6,5.5,79,15.1,85,95
2026-05-27,416,Ninh Bình,Viet Nam,20.2506,105.9744,37.0,28.3,31.9,0.1,75,16.4,62,28
2026-05-27,833,Bến Tre,Viet Nam,10.2424,106.3752,31.5,27.3,28.9,5.9,84,13.1,94,98
2026-05-27,707,Bắc Ninh,Viet Nam,21.1861,106.0763,36.5,27.6,31.9,0.0,72,17.9,73,7
2026-05-27,385,Hà Giang,Viet Nam,22.8233,104.9836,36.1,26.8,31.3,1.3,71,7.2,47,29
2026-05-27,463,Hậu Giang,Viet Nam,9.7845,105.4735,32.6,27.1,29.5,1.0,77,20.4,62,83
2026-05-27,226,Kon Tum,Viet Nam,14.35,108.0,34.6,22.2,26.6,5.8,80,16.3,26,29
2026-05-28,811,Điện Biên,Viet Nam,21.3833,103.0167,33.0,23.5,28.1,9.1,80,6.6,26,61
2026-05-28,347,Bình Phước,Viet Nam,11.7516,106.8778,31.6,24.1,28.1,5.6,86,11.0,59,98
2026-05-28,707,Bắc Ninh,Viet Nam,21.1861,106.0763,35.4,27.0,30.5,3.9,82,13.6,72,23
2026-05-28,496,Bạc Liêu,Viet Nam,9.2941,105.7242,31.4,25.3,28.0,16.2,84,21.7,25,100
2026-05-28,784,Bình Thuận,Viet Nam,10.9333,108.1,32.7,25.1,28.1,24.1,83,19.9,44,98
2026-05-28,684,Khánh Hòa,Viet Nam,12.2467,109.1833,35.3,27.9,31.2,0.5,67,13.8,66,88
2026-05-28,196,Đắk Lắk,Viet Nam,12.6667,108.05,30.4,23.8,26.9,3.3,82,12.1,35,86
2026-05-28,132,Đắk Nông,Viet Nam,12.0,107.7,28.7,22.1,24.1,3.3,91,14.3,31,98
2026-05-28,208,Ninh Thuận,Viet Nam,11.5647,108.9892,34.5,26.1,30.5,11.2,72,15.4,33,94
2026-05-28,590,Đà Nẵng,Viet Nam,16.0471,108.2068,35.7,27.7,31.5,0.0,74,13.9,65,51
2026-05-28,833,Bến Tre,Viet Nam,10.2424,106.3752,32.5,24.8,28.3,7.2,85,11.5,72,99
2026-05-28,951,Bình Dương,Viet Nam,11.0531,106.6661,32.5,23.8,27.9,10.4,86,11.9,71,99
2026-05-28,696,Hà Nam,Viet Nam,20.5463,105.9142,35.1,26.1,29.9,5.3,86,11.7,66,27
2026-05-28,385,Hà Giang,Viet Nam,22.8233,104.9836,33.4,26.5,29.8,2.9,77,7.0,63,46
2026-05-28,215,Hải Dương,Viet Nam,20.9391,106.3146,35.3,27.2,30.6,0.4,82,14.8,58,14
2026-05-28,416,Ninh Bình,Viet Nam,20.2506,105.9744,35.4,27.0,30.8,2.3,83,14.0,66,22
2026-05-28,123,Quảng Trị,Viet Nam,16.75,107.1833,37.4,27.4,32.4,0.6,66,18.1,49,55
2026-05-28,797,Gia Lai,Viet Nam,13.9833,108.0,30.5,21.1,24.9,1.0,82,12.2,28,77
2026-05-28,226,Kon Tum,Viet Nam,14.35,108.0,33.1,22.2,26.6,1.3,80,12.0,27,77
2026-05-28,960,Lai Châu,Viet Nam,22.3959,103.4621,29.5,21.4,25.4,15.8,80,4.2,31,62
2026-05-28,255,Long An,Viet Nam,10.5332,105.4053,34.0,25.3,29.6,9.5,76,18.4,66,98
2026-05-28,511,Hòa Bình,Viet Nam,20.8171,105.3375,35.8,26.6,30.5,1.9,80,9.5,63,39
2026-05-28,620,Cần Thơ,Viet Nam,10.0451,105.7462,32.5,24.8,28.6,7.7,81,13.4,65,99
2026-05-28,327,Bà Rịa – Vũng Tàu,Viet Nam,10.4114,107.1362,30.6,26.0,27.9,25.3,85,12.0,40,99
2026-05-28,278,Đồng Nai,Viet Nam,10.9575,106.8427,32.6,24.5,27.9,14.6,86,8.4,77,99
2026-05-28,252,Phú Thọ,Viet Nam,21.3235,105.4011,35.5,27.2,30.8,2.6,75,14.9,76,30
2026-05-28,168,An Giang,Viet Nam,10.5185,105.1152,34.4,25.2,29.8,10.5,75,13.2,47,99
2026-05-28,849,Bắc Giang,Viet Nam,21.2731,106.1946,35.3,27.0,30.5,1.7,81,15.3,72,24
2026-05-28,249,Phú Yên,Viet Nam,13.0883,109.3045,35.7,27.0,31.3,1.0,68,8.2,70,64
2026-05-28,108,Lào Cai,Viet Nam,22.4856,103.9707,33.2,25.6,29.8,9.7,78,6.6,39,56
2026-05-28,910,Cao Bằng,Viet Nam,22.6661,106.2635,34.6,25.6,30.0,1.3,75,10.6,58,27
2026-05-28,495,Nghệ An,Viet Nam,18.6667,105.6667,39.1,27.2,33.2,1.2,63,16.6,65,26
2026-05-28,237,Hải Phòng,Viet Nam,20.8449,106.6881,34.1,27.8,30.6,0.1,83,14.9,47,13
2026-05-28,669,Hưng Yên,Viet Nam,20.6465,106.0511,35.1,27.1,30.6,1.4,84,12.8,71,19
2026-05-28,365,Cà Mau,Viet Nam,9.1769,105.1501,32.5,25.2,28.3,14.6,84,18.0,24,97
2026-05-28,160,Nam Định,Viet Nam,20.4231,106.1681,35.1,27.9,30.9,0.9,82,14.5,66,17
2026-05-28,645,Hà Tĩnh,Viet Nam,18.3421,105.9038,35.2,26.8,31.6,1.1,72,15.7,46,16
2026-05-28,701,Hà Nội,Viet Nam,21.0285,105.8542,35.1,26.8,30.1,29.4,83,13.6,72,22
2026-05-28,133,Bình Định,Viet Nam,13.782,109.2194,35.4,26.0,30.7,0.0,74,14.6,66,52
2026-05-28,122,Lâm Đồng,Viet Nam,11.9404,108.4419,24.2,17.0,20.0,1.6,85,8.6,30,90
2026-05-28,813,Đồng Tháp,Viet Nam,10.4552,105.6323,33.1,25.4,29.1,5.2,81,11.5,66,99
2026-05-28,463,Hậu Giang,Viet Nam,9.7845,105.4735,31.6,25.2,28.1,10.7,83,16.4,61,99
2026-05-28,861,Lạng Sơn,Viet Nam,21.8519,106.7614,33.5,24.0,28.5,1.1,79,13.0,57,18
2026-05-28,767,Kiên Giang,Viet Nam,10.0122,105.0809,31.5,26.0,28.8,7.8,81,20.1,33,99
2026-05-28,981,Quảng Bình,Viet Nam,17.4731,106.5962,37.4,25.6,32.4,3.9,66,16.1,38,29
2026-05-28,193,Bắc Kạn,Viet Nam,22.147,105.8326,34.1,25.3,29.8,1.0,79,7.1,64,32
2026-05-28,521,TP. Hồ Chí Minh,Viet Nam,10.8231,106.6297,33.6,24.6,28.5,15.0,84,9.2,77,99
2026-05-28,729,Phú Quốc,Viet Nam,10.279526,104.003538,30.4,23.8,27.3,24.6,88,17.8,21,93
2026-05-28,587,Trà Vinh,Viet Nam,9.9342,106.3339,31.6,24.7,27.9,11.0,85,11.4,72,99
2026-05-28,503,Sơn La,Viet Nam,21.3262,103.9149,32.0,22.6,27.2,11.3,76,11.3,31,69
2026-05-28,201,Trường Sa,Viet Nam,10.66936,115.833324,30.6,27.7,29.5,5.5,72,17.5,22,54
2026-05-28,547,Sóc Trăng,Viet Nam,9.6019,105.9731,31.4,24.9,27.9,14.9,84,14.0,68,99
2026-05-28,326,Thừa Thiên Huế,Viet Nam,16.4633,107.5847,37.8,27.4,32.3,1.8,63,12.0,52,59
2026-05-28,872,Thái Bình,Viet Nam,20.4463,106.3364,34.7,27.9,30.7,0.6,83,14.9,50,20
2026-05-28,288,Hoàng Sa,Viet Nam,16.641233,112.742024,31.1,30.1,30.7,0.0,70,16.3,29,4
2026-05-28,915,Tây Ninh,Viet Nam,11.3125,106.1006,34.0,25.0,29.5,2.7,73,14.1,62,97
2026-05-28,734,Yên Bái,Viet Nam,21.7051,104.8751,34.8,25.3,30.2,1.4,73,8.2,73,49
2026-05-28,275,Tuyên Quang,Viet Nam,21.8159,105.2132,34.0,26.0,30.0,0.2,73,12.1,67,41
2026-05-28,110,Thái Nguyên,Viet Nam,21.5939,105.8481,34.3,26.4,30.0,1.8,80,12.2,68,39
2026-05-28,920,Vĩnh Long,Viet Nam,10.2536,105.9723,32.6,25.0,28.7,2.8,82,14.0,69,99
2026-05-28,146,Tiền Giang,Viet Nam,10.3606,106.3636,32.2,25.0,28.3,8.4,86,13.0,72,100
2026-05-28,454,Thanh Hóa,Viet Nam,19.8075,105.7764,36.6,25.5,31.5,5.7,79,15.2,65,25
2026-05-28,456,Vĩnh Phúc,Viet Nam,21.3089,105.6047,35.3,26.4,30.0,2.7,77,11.1,76,28
2026-05-29,288,Hoàng Sa,Viet Nam,16.641233,112.742024,30.6,29.3,30.1,1.7,73,11.7,25,36
2026-05-29,110,Thái Nguyên,Viet Nam,21.5939,105.8481,31.2,23.8,28.4,25.6,87,13.8,77,82
2026-05-29,734,Yên Bái,Viet Nam,21.7051,104.8751,32.4,24.0,27.9,20.5,86,8.9,71,89
2026-05-29,872,Thái Bình,Viet Nam,20.4463,106.3364,31.2,24.4,28.8,10.3,87,14.2,64,77
2026-05-29,454,Thanh Hóa,Viet Nam,19.8075,105.7764,32.4,24.5,29.2,5.9,84,13.8,68,83
2026-05-29,547,Sóc Trăng,Viet Nam,9.6019,105.9731,30.4,24.1,26.2,29.8,90,16.5,65,98
2026-05-29,326,Thừa Thiên Huế,Viet Nam,16.4633,107.5847,35.6,25.5,30.7,0.4,71,16.4,66,29
2026-05-29,146,Tiền Giang,Viet Nam,10.3606,106.3636,27.0,25.0,26.0,13.4,92,10.8,75,98
2026-05-29,456,Vĩnh Phúc,Viet Nam,21.3089,105.6047,31.2,24.5,28.2,12.3,87,9.3,84,82
2026-05-29,201,Trường Sa,Viet Nam,10.66936,115.833324,31.1,26.8,29.6,7.6,73,27.6,23,88
2026-05-29,915,Tây Ninh,Viet Nam,11.3125,106.1006,29.9,25.0,26.9,3.6,86,10.6,66,96
2026-05-29,521,TP. Hồ Chí Minh,Viet Nam,10.8231,106.6297,27.2,24.5,25.9,12.8,91,9.2,76,98
2026-05-29,729,Phú Quốc,Viet Nam,10.279526,104.003538,27.1,24.1,25.5,34.6,98,11.9,23,99
2026-05-29,587,Trà Vinh,Viet Nam,9.9342,106.3339,28.3,24.3,26.0,18.0,92,11.1,75,99
2026-05-29,503,Sơn La,Viet Nam,21.3262,103.9149,29.6,23.0,26.4,3.6,81,13.7,29,95
2026-05-29,275,Tuyên Quang,Viet Nam,21.8159,105.2132,32.6,23.4,27.9,17.4,85,15.4,68,87
2026-05-29,920,Vĩnh Long,Viet Nam,10.2536,105.9723,30.3,25.0,26.7,13.9,89,14.2,76,100
2026-05-29,278,Đồng Nai,Viet Nam,10.9575,106.8427,27.1,24.8,26.3,6.2,89,10.6,76,98
2026-05-29,811,Điện Biên,Viet Nam,21.3833,103.0167,32.4,22.7,27.1,16.9,83,8.1,24,97
2026-05-29,784,Bình Thuận,Viet Nam,10.9333,108.1,29.7,25.9,27.3,16.8,86,11.3,42,92
2026-05-29,168,An Giang,Viet Nam,10.5185,105.1152,31.3,24.7,26.7,12.6,88,13.6,67,99
2026-05-29,122,Lâm Đồng,Viet Nam,11.9404,108.4419,23.1,15.7,18.3,4.9,91,9.4,35,82
2026-05-29,951,Bình Dương,Viet Nam,11.0531,106.6661,26.7,24.8,25.9,9.2,91,14.6,70,97
2026-05-29,208,Ninh Thuận,Viet Nam,11.5647,108.9892,30.4,26.1,27.9,7.7,84,14.5,50,94
2026-05-29,701,Hà Nội,Viet Nam,21.0285,105.8542,31.0,24.5,28.1,11.2,88,11.0,82,87
2026-05-29,797,Gia Lai,Viet Nam,13.9833,108.0,29.4,22.2,24.9,5.1,82,12.3,42,84
2026-05-29,620,Cần Thơ,Viet Nam,10.0451,105.7462,31.0,23.0,26.1,55.1,91,17.7,66,98
2026-05-29,160,Nam Định,Viet Nam,20.4231,106.1681,31.2,24.3,28.7,12.6,86,14.3,84,81
2026-05-29,590,Đà Nẵng,Viet Nam,16.0471,108.2068,35.2,27.2,30.8,0.0,73,14.6,62,35
2026-05-29,123,Quảng Trị,Viet Nam,16.75,107.1833,35.2,26.2,30.3,0.6,76,16.0,59,33
2026-05-29,193,Bắc Kạn,Viet Nam,22.147,105.8326,32.9,23.2,28.2,21.9,84,11.5,69,87
2026-05-29,496,Bạc Liêu,Viet Nam,9.2941,105.7242,29.5,24.3,26.6,11.6,88,17.1,24,96
2026-05-29,237,Hải Phòng,Viet Nam,20.8449,106.6881,33.0,24.0,29.4,6.7,84,11.7,58,76
2026-05-29,215,Hải Dương,Viet Nam,20.9391,106.3146,31.3,24.4,28.4,8.2,87,13.1,70,77
2026-05-29,707,Bắc Ninh,Viet Nam,21.1861,106.0763,31.2,25.0,28.5,9.7,87,13.0,82,81
2026-05-29,511,Hòa Bình,Viet Nam,20.8171,105.3375,33.1,24.2,28.6,10.8,87,6.8,69,85
2026-05-29,910,Cao Bằng,Viet Nam,22.6661,106.2635,33.3,23.6,27.8,8.9,87,9.2,53,98
2026-05-29,463,Hậu Giang,Viet Nam,9.7845,105.4735,28.8,24.0,26.0,15.5,92,16.9,53,98
2026-05-29,669,Hưng Yên,Viet Nam,20.6465,106.0511,30.6,24.7,28.3,8.5,89,11.7,89,83
2026-05-29,981,Quảng Bình,Viet Nam,17.4731,106.5962,33.5,27.3,30.3,0.7,78,14.4,52,37
2026-05-29,813,Đồng Tháp,Viet Nam,10.4552,105.6323,31.1,24.9,26.6,11.8,90,12.9,77,97
2026-05-29,347,Bình Phước,Viet Nam,11.7516,106.8778,27.8,22.4,25.2,18.8,93,10.7,59,92
2026-05-29,833,Bến Tre,Viet Nam,10.2424,106.3752,27.7,25.2,26.2,11.2,93,10.1,75,99
2026-05-29,132,Đắk Nông,Viet Nam,12.0,107.7,27.2,21.2,23.5,7.8,92,9.9,28,94
2026-05-29,684,Khánh Hòa,Viet Nam,12.2467,109.1833,31.2,26.1,28.4,2.9,81,11.8,64,88
2026-05-29,696,Hà Nam,Viet Nam,20.5463,105.9142,30.1,23.8,27.4,10.4,91,15.1,84,90
2026-05-29,327,Bà Rịa – Vũng Tàu,Viet Nam,10.4114,107.1362,28.4,25.7,27.0,5.4,87,16.5,41,100
2026-05-29,226,Kon Tum,Viet Nam,14.35,108.0,32.4,23.7,27.3,1.4,74,8.1,45,82
2026-05-29,416,Ninh Bình,Viet Nam,20.2506,105.9744,30.9,24.7,28.4,8.6,88,11.5,84,81
2026-05-29,960,Lai Châu,Viet Nam,22.3959,103.4621,27.8,20.4,24.1,4.3,83,4.8,27,97
2026-05-29,861,Lạng Sơn,Viet Nam,21.8519,106.7614,32.0,22.5,27.5,13.9,81,11.5,65,89
2026-05-29,255,Long An,Viet Nam,10.5332,105.4053,31.8,24.8,26.7,20.9,89,13.3,77,99
2026-05-29,252,Phú Thọ,Viet Nam,21.3235,105.4011,31.9,25.3,29.1,16.3,83,11.6,84,78
2026-05-29,495,Nghệ An,Viet Nam,18.6667,105.6667,35.7,25.6,29.9,2.6,80,11.6,70,78
2026-05-29,108,Lào Cai,Viet Nam,22.4856,103.9707,31.7,24.3,28.0,13.1,84,7.3,39,98
2026-05-29,249,Phú Yên,Viet Nam,13.0883,109.3045,34.8,26.6,30.0,1.9,72,13.9,69,82
2026-05-29,849,Bắc Giang,Viet Nam,21.2731,106.1946,31.9,24.9,28.8,11.5,85,15.2,82,80
2026-05-29,365,Cà Mau,Viet Nam,9.1769,105.1501,28.6,24.0,26.3,14.3,91,17.8,24,94
2026-05-29,133,Bình Định,Viet Nam,13.782,109.2194,34.3,26.5,29.8,0.5,74,18.6,66,62
2026-05-29,645,Hà Tĩnh,Viet Nam,18.3421,105.9038,33.8,25.9,29.5,3.7,83,13.4,57,56
2026-05-29,196,Đắk Lắk,Viet Nam,12.6667,108.05,28.8,22.4,25.3,6.6,85,14.5,34,89
2026-05-29,767,Kiên Giang,Viet Nam,10.0122,105.0809,29.2,25.6,27.1,9.9,87,20.7,38,99
2026-05-29,385,Hà Giang,Viet Nam,22.8233,104.9836,31.5,24.3,27.8,10.1,84,7.4,57,96
2026-05-30,620,Cần Thơ,Viet Nam,10.0451,105.7462,30.6,24.8,26.7,15.4,88,13.2,73,99
2026-05-30,861,Lạng Sơn,Viet Nam,21.8519,106.7614,31.3,23.6,26.7,1.1,83,14.9,37,65
2026-05-30,910,Cao Bằng,Viet Nam,22.6661,106.2635,31.9,23.5,27.3,0.7,77,7.5,31,45
2026-05-30,122,Lâm Đồng,Viet Nam,11.9404,108.4419,22.7,16.8,18.9,13.2,91,11.8,22,100
2026-05-30,365,Cà Mau,Viet Nam,9.1769,105.1501,27.5,23.9,25.8,28.9,94,14.3,28,99
2026-05-30,108,Lào Cai,Viet Nam,22.4856,103.9707,27.3,23.7,25.2,40.9,90,3.4,34,65
2026-05-30,784,Bình Thuận,Viet Nam,10.9333,108.1,27.8,25.3,26.3,37.4,92,9.6,29,99
2026-05-30,590,Đà Nẵng,Viet Nam,16.0471,108.2068,33.9,28.0,30.4,1.0,69,15.4,40,65
2026-05-30,960,Lai Châu,Viet Nam,22.3959,103.4621,24.6,18.1,21.1,17.8,95,5.2,29,80
2026-05-30,255,Long An,Viet Nam,10.5332,105.4053,31.3,24.8,27.1,8.9,84,12.8,88,100
2026-05-30,196,Đắk Lắk,Viet Nam,12.6667,108.05,28.1,21.8,24.2,20.6,93,12.1,28,96
2026-05-30,707,Bắc Ninh,Viet Nam,21.1861,106.0763,32.6,25.4,28.1,6.0,85,14.7,79,66
2026-05-30,226,Kon Tum,Viet Nam,14.35,108.0,32.4,23.2,26.7,1.5,75,8.1,45,90
2026-05-30,160,Nam Định,Viet Nam,20.4231,106.1681,32.5,25.1,28.5,0.6,84,11.5,83,56
2026-05-30,132,Đắk Nông,Viet Nam,12.0,107.7,25.7,21.6,22.9,25.3,94,7.0,22,99
2026-05-30,496,Bạc Liêu,Viet Nam,9.2941,105.7242,29.2,24.2,26.0,26.6,91,15.1,28,100
2026-05-30,767,Kiên Giang,Viet Nam,10.0122,105.0809,30.3,24.8,26.6,11.8,90,17.3,57,99
2026-05-30,495,Nghệ An,Viet Nam,18.6667,105.6667,32.5,26.2,29.0,3.4,81,13.8,61,64
2026-05-30,811,Điện Biên,Viet Nam,21.3833,103.0167,29.0,21.7,25.0,12.4,89,4.9,32,75
2026-05-30,193,Bắc Kạn,Viet Nam,22.147,105.8326,32.3,24.0,27.3,2.6,83,11.8,42,44
2026-05-30,684,Khánh Hòa,Viet Nam,12.2467,109.1833,29.2,25.2,26.5,21.5,90,9.4,41,100
2026-05-30,416,Ninh Bình,Viet Nam,20.2506,105.9744,32.6,25.5,28.3,1.2,85,11.2,83,65
2026-05-30,278,Đồng Nai,Viet Nam,10.9575,106.8427,30.3,24.7,27.1,5.0,82,11.5,72,100
2026-05-30,849,Bắc Giang,Viet Nam,21.2731,106.1946,32.9,25.8,28.5,3.9,84,11.1,79,62
2026-05-30,645,Hà Tĩnh,Viet Nam,18.3421,105.9038,31.7,25.6,28.5,3.8,83,16.6,45,49
2026-05-30,327,Bà Rịa – Vũng Tàu,Viet Nam,10.4114,107.1362,30.3,25.5,27.9,1.3,77,14.9,42,100
2026-05-30,813,Đồng Tháp,Viet Nam,10.4552,105.6323,30.9,24.7,27.1,7.4,85,11.5,88,99
2026-05-30,669,Hưng Yên,Viet Nam,20.6465,106.0511,32.0,25.0,27.8,6.5,87,11.9,86,64
2026-05-30,208,Ninh Thuận,Viet Nam,11.5647,108.9892,30.0,26.1,27.2,32.8,87,9.9,28,100
2026-05-30,168,An Giang,Viet Nam,10.5185,105.1152,31.3,25.0,27.0,6.1,87,15.0,73,100
2026-05-30,252,Phú Thọ,Viet Nam,21.3235,105.4011,31.4,25.9,28.2,4.9,84,12.2,73,55
2026-05-30,797,Gia Lai,Viet Nam,13.9833,108.0,30.7,21.4,24.1,3.3,84,10.8,41,96
2026-05-30,511,Hòa Bình,Viet Nam,20.8171,105.3375,32.0,25.5,28.1,1.5,87,12.0,51,67
2026-05-30,347,Bình Phước,Viet Nam,11.7516,106.8778,29.6,24.3,26.1,2.2,89,9.1,36,100
2026-05-30,385,Hà Giang,Viet Nam,22.8233,104.9836,29.7,23.2,26.3,5.3,83,5.2,35,53
2026-05-30,249,Phú Yên,Viet Nam,13.0883,109.3045,31.7,24.5,27.4,18.8,84,12.2,52,99
2026-05-30,463,Hậu Giang,Viet Nam,9.7845,105.4735,30.4,24.7,26.3,15.5,90,16.6,64,100
2026-05-30,951,Bình Dương,Viet Nam,11.0531,106.6661,30.8,24.3,26.8,6.7,84,13.1,55,99
2026-05-30,696,Hà Nam,Viet Nam,20.5463,105.9142,31.8,24.9,27.6,2.7,87,12.0,83,67
2026-05-30,981,Quảng Bình,Viet Nam,17.4731,106.5962,32.9,25.7,29.2,2.3,80,17.0,39,15
2026-05-30,237,Hải Phòng,Viet Nam,20.8449,106.6881,33.4,25.5,29.1,2.5,81,8.8,75,60
2026-05-30,133,Bình Định,Viet Nam,13.782,109.2194,32.2,23.6,27.5,14.8,82,17.6,47,90
2026-05-30,701,Hà Nội,Viet Nam,21.0285,105.8542,32.4,25.7,28.3,1.3,85,11.5,79,66
2026-05-30,123,Quảng Trị,Viet Nam,16.75,107.1833,33.4,25.4,29.4,0.0,74,16.7,44,15
2026-05-30,215,Hải Dương,Viet Nam,20.9391,106.3146,32.9,24.5,28.2,7.3,84,11.2,84,62
2026-05-30,833,Bến Tre,Viet Nam,10.2424,106.3752,30.6,24.0,26.7,8.2,88,11.5,87,100
2026-05-30,521,TP. Hồ Chí Minh,Viet Nam,10.8231,106.6297,30.6,24.1,26.9,2.4,82,11.1,72,100
2026-05-30,920,Vĩnh Long,Viet Nam,10.2536,105.9723,31.3,24.2,26.6,15.9,87,13.2,86,99
2026-05-30,503,Sơn La,Viet Nam,21.3262,103.9149,27.0,22.4,24.6,3.4,86,10.5,37,51
2026-05-30,288,Hoàng Sa,Viet Nam,16.641233,112.742024,30.6,29.5,30.0,1.6,72,15.1,25,62
2026-05-30,547,Sóc Trăng,Viet Nam,9.6019,105.9731,30.7,24.5,26.5,9.8,88,21.5,72,99
2026-05-30,110,Thái Nguyên,Viet Nam,21.5939,105.8481,32.2,25.4,28.0,2.3,84,17.9,66,61
2026-05-30,456,Vĩnh Phúc,Viet Nam,21.3089,105.6047,31.5,25.4,27.9,3.8,85,12.8,73,64
2026-05-30,201,Trường Sa,Viet Nam,10.66936,115.833324,30.0,27.6,28.8,8.7,78,25.1,28,92
2026-05-30,587,Trà Vinh,Viet Nam,9.9342,106.3339,30.1,24.0,26.3,15.2,90,15.2,88,100
2026-05-30,729,Phú Quốc,Viet Nam,10.279526,104.003538,27.2,24.7,25.3,16.6,98,10.7,23,99
2026-05-30,454,Thanh Hóa,Viet Nam,19.8075,105.7764,33.9,24.8,28.7,2.8,81,14.1,66,72
2026-05-30,872,Thái Bình,Viet Nam,20.4463,106.3364,32.6,25.2,28.3,1.1,83,15.7,84,59
2026-05-30,275,Tuyên Quang,Viet Nam,21.8159,105.2132,29.9,24.9,26.9,4.7,87,10.1,47,57
2026-05-30,326,Thừa Thiên Huế,Viet Nam,16.4633,107.5847,34.7,26.1,30.1,0.0,70,16.0,60,61
2026-05-30,915,Tây Ninh,Viet Nam,11.3125,106.1006,31.3,24.1,26.8,9.1,84,12.2,71,100
2026-05-30,734,Yên Bái,Viet Nam,21.7051,104.8751,30.0,23.8,26.4,7.3,87,10.8,60,49
2026-05-30,146,Tiền Giang,Viet Nam,10.3606,106.3636,30.7,24.1,26.8,8.8,86,10.7,87,100
2026-05-31,275,Tuyên Quang,Viet Nam,21.8159,105.2132,32.9,26.2,29.5,0.1,77,13.5,62,7
2026-05-31,503,Sơn La,Viet Nam,21.3262,103.9149,30.6,23.6,26.6,1.5,81,7.7,36,22
2026-05-31,326,Thừa Thiên Huế,Viet Nam,16.4633,107.5847,33.5,25.9,29.8,1.3,71,12.6,40,47
2026-05-31,547,Sóc Trăng,Viet Nam,9.6019,105.9731,28.8,23.9,26.0,8.9,91,12.8,71,99
2026-05-31,920,Vĩnh Long,Viet Nam,10.2536,105.9723,30.8,25.3,26.5,4.1,87,13.1,80,100
2026-05-31,288,Hoàng Sa,Viet Nam,16.641233,112.742024,30.7,29.0,29.9,0.2,73,17.7,41,42
2026-05-31,729,Phú Quốc,Viet Nam,10.279526,104.003538,28.7,24.1,25.4,26.8,96,13.5,25,98
2026-05-31,521,TP. Hồ Chí Minh,Viet Nam,10.8231,106.6297,28.8,24.9,26.3,3.2,87,9.2,88,99
2026-05-31,734,Yên Bái,Viet Nam,21.7051,104.8751,33.8,26.7,29.8,0.1,77,9.6,67,11
2026-05-31,915,Tây Ninh,Viet Nam,11.3125,106.1006,29.9,24.4,27.0,7.8,83,12.9,72,99
2026-05-31,872,Thái Bình,Viet Nam,20.4463,106.3364,32.1,26.7,29.2,0.9,80,13.1,94,27
2026-05-31,454,Thanh Hóa,Viet Nam,19.8075,105.7764,34.2,26.0,29.7,1.0,76,13.4,67,16
2026-05-31,201,Trường Sa,Viet Nam,10.66936,115.833324,30.0,27.4,28.7,19.5,78,35.1,28,97
2026-05-31,456,Vĩnh Phúc,Viet Nam,21.3089,105.6047,33.5,26.4,29.8,0.4,77,14.3,76,7
2026-05-31,146,Tiền Giang,Viet Nam,10.3606,106.3636,29.3,25.3,26.4,4.9,87,11.8,84,100
2026-05-31,110,Thái Nguyên,Viet Nam,21.5939,105.8481,33.2,26.7,29.7,0.3,79,16.9,81,11
2026-05-31,587,Trà Vinh,Viet Nam,9.9342,106.3339,29.5,25.1,26.2,7.5,90,13.2,80,100
2026-05-31,767,Kiên Giang,Viet Nam,10.0122,105.0809,29.5,25.5,26.7,15.3,89,14.6,58,99
2026-05-31,951,Bình Dương,Viet Nam,11.0531,106.6661,29.1,23.6,25.6,25.0,92,12.7,70,100
2026-05-31,160,Nam Định,Viet Nam,20.4231,106.1681,32.7,26.5,29.4,1.1,79,14.0,89,26
2026-05-31,701,Hà Nội,Viet Nam,21.0285,105.8542,33.0,26.2,29.4,0.0,81,14.7,89,8
2026-05-31,707,Bắc Ninh,Viet Nam,21.1861,106.0763,33.2,26.4,29.5,0.5,80,15.2,89,6
2026-05-31,347,Bình Phước,Viet Nam,11.7516,106.8778,26.8,23.4,24.7,21.2,95,11.3,48,100
2026-05-31,122,Lâm Đồng,Viet Nam,11.9404,108.4419,19.7,16.9,18.1,38.1,97,8.7,15,100
2026-05-31,108,Lào Cai,Viet Nam,22.4856,103.9707,32.5,25.9,29.1,3.1,75,6.3,34,29
2026-05-31,495,Nghệ An,Viet Nam,18.6667,105.6667,33.8,26.6,29.9,1.1,75,13.3,68,18
2026-05-31,255,Long An,Viet Nam,10.5332,105.4053,29.9,25.3,26.3,6.2,90,9.9,82,99
2026-05-31,960,Lai Châu,Viet Nam,22.3959,103.4621,28.8,21.1,24.5,1.2,78,6.3,29,28
2026-05-31,252,Phú Thọ,Viet Nam,21.3235,105.4011,34.2,26.9,30.5,0.1,74,18.1,76,7
2026-05-31,784,Bình Thuận,Viet Nam,10.9333,108.1,27.7,25.2,26.4,28.0,89,8.6,24,100
2026-05-31,133,Bình Định,Viet Nam,13.782,109.2194,31.6,25.2,27.8,3.3,81,13.0,27,88
2026-05-31,193,Bắc Kạn,Viet Nam,22.147,105.8326,33.1,25.5,29.3,0.3,79,9.4,63,14
2026-05-31,327,Bà Rịa – Vũng Tàu,Viet Nam,10.4114,107.1362,29.1,25.5,27.0,1.7,85,13.2,63,99
2026-05-31,696,Hà Nam,Viet Nam,20.5463,105.9142,32.6,25.7,28.8,0.8,82,12.4,89,21
2026-05-31,669,Hưng Yên,Viet Nam,20.6465,106.0511,32.6,26.5,29.2,0.1,83,12.7,94,15
2026-05-31,910,Cao Bằng,Viet Nam,22.6661,106.2635,34.3,25.5,29.5,0.0,74,11.1,51,10
2026-05-31,981,Quảng Bình,Viet Nam,17.4731,106.5962,31.9,25.8,29.3,0.6,76,15.0,35,30
2026-05-31,590,Đà Nẵng,Viet Nam,16.0471,108.2068,33.7,27.1,30.6,0.1,68,12.6,27,53
2026-05-31,226,Kon Tum,Viet Nam,14.35,108.0,30.2,22.9,25.6,4.9,80,7.5,24,85
2026-05-31,208,Ninh Thuận,Viet Nam,11.5647,108.9892,28.0,25.2,26.5,63.4,90,8.0,20,100
2026-05-31,620,Cần Thơ,Viet Nam,10.0451,105.7462,30.4,25.2,26.5,1.5,89,14.7,74,97
2026-05-31,237,Hải Phòng,Viet Nam,20.8449,106.6881,33.2,26.9,29.7,0.5,79,12.2,77,25
2026-05-31,797,Gia Lai,Viet Nam,13.9833,108.0,28.9,21.4,23.7,2.7,88,11.9,28,87
2026-05-31,215,Hải Dương,Viet Nam,20.9391,106.3146,33.1,26.3,29.2,0.4,81,13.7,97,12
2026-05-31,496,Bạc Liêu,Viet Nam,9.2941,105.7242,29.6,24.3,26.4,14.3,88,17.4,28,96
2026-05-31,249,Phú Yên,Viet Nam,13.0883,109.3045,28.3,24.7,26.6,10.0,87,14.4,28,100
2026-05-31,463,Hậu Giang,Viet Nam,9.7845,105.4735,28.8,24.6,26.2,24.9,92,12.1,63,98
2026-05-31,511,Hòa Bình,Viet Nam,20.8171,105.3375,33.9,26.7,30.0,0.3,78,10.1,60,10
2026-05-31,849,Bắc Giang,Viet Nam,21.2731,106.1946,33.3,26.5,29.6,0.2,80,14.7,89,6
2026-05-31,645,Hà Tĩnh,Viet Nam,18.3421,105.9038,32.2,26.2,29.2,1.1,77,14.1,49,19
2026-05-31,861,Lạng Sơn,Viet Nam,21.8519,106.7614,32.3,24.1,28.0,1.0,79,12.0,63,13
2026-05-31,385,Hà Giang,Viet Nam,22.8233,104.9836,32.9,25.7,29.1,1.6,77,7.3,50,31
2026-05-31,416,Ninh Bình,Viet Nam,20.2506,105.9744,33.2,26.0,29.2,0.2,81,13.9,89,24
2026-05-31,684,Khánh Hòa,Viet Nam,12.2467,109.1833,27.7,24.5,25.6,49.4,94,9.6,24,100
2026-05-31,833,Bến Tre,Viet Nam,10.2424,106.3752,29.7,25.4,26.5,4.5,88,10.6,84,100
2026-05-31,811,Điện Biên,Viet Nam,21.3833,103.0167,31.2,23.8,27.3,1.4,76,4.5,28,11
2026-05-31,168,An Giang,Viet Nam,10.5185,105.1152,30.5,25.3,26.5,12.5,89,9.2,73,99
2026-05-31,123,Quảng Trị,Viet Nam,16.75,107.1833,32.8,25.4,29.4,1.2,75,14.4,27,43
2026-05-31,196,Đắk Lắk,Viet Nam,12.6667,108.05,25.4,22.2,23.6,29.3,97,6.2,25,100
2026-05-31,365,Cà Mau,Viet Nam,9.1769,105.1501,28.7,24.5,26.3,24.3,89,16.6,26,99
2026-05-31,278,Đồng Nai,Viet Nam,10.9575,106.8427,29.1,24.7,26.1,11.5,90,13.7,88,100
2026-05-31,132,Đắk Nông,Viet Nam,12.0,107.7,24.3,21.6,22.4,18.0,97,9.3,18,100
2026-05-31,813,Đồng Tháp,Viet Nam,10.4552,105.6323,29.6,25.1,26.3,2.7,90,10.7,82,100
2026-06-01,416,Ninh Bình,Viet Nam,20.2506,105.9744,33.5,27.8,30.4,0.4,77,14.0,66,8
2026-06-01,132,Đắk Nông,Viet Nam,12.0,107.7,26.2,21.4,23.1,10.1,94,6.5,20,99
2026-06-01,347,Bình Phước,Viet Nam,11.7516,106.8778,29.9,23.8,26.5,1.7,88,10.6,36,91
2026-06-01,252,Phú Thọ,Viet Nam,21.3235,105.4011,35.2,28.2,31.6,0.1,72,18.7,77,13
2026-06-01,496,Bạc Liêu,Viet Nam,9.2941,105.7242,30.3,24.3,26.7,18.0,89,20.2,25,98
2026-06-01,511,Hòa Bình,Viet Nam,20.8171,105.3375,35.6,27.5,31.0,0.7,78,10.4,69,10
2026-06-01,365,Cà Mau,Viet Nam,9.1769,105.1501,30.3,24.4,26.9,39.2,88,16.5,23,99
2026-06-01,278,Đồng Nai,Viet Nam,10.9575,106.8427,29.1,24.9,27.1,2.6,84,8.5,89,91
2026-06-01,327,Bà Rịa – Vũng Tàu,Viet Nam,10.4114,107.1362,29.4,25.4,27.8,2.1,77,12.8,66,92
2026-06-01,910,Cao Bằng,Viet Nam,22.6661,106.2635,34.5,25.8,30.1,0.8,74,11.0,66,38
2026-06-01,620,Cần Thơ,Viet Nam,10.0451,105.7462,30.8,23.9,26.9,25.8,88,11.5,75,98
2026-06-01,215,Hải Dương,Viet Nam,20.9391,106.3146,34.3,27.0,30.4,0.5,76,13.4,68,11
2026-06-01,123,Quảng Trị,Viet Nam,16.75,107.1833,35.6,25.4,30.2,1.3,72,18.5,39,65
2026-06-01,833,Bến Tre,Viet Nam,10.2424,106.3752,31.3,24.9,27.4,5.5,87,11.3,80,96
2026-06-01,684,Khánh Hòa,Viet Nam,12.2467,109.1833,28.4,25.3,26.7,9.9,90,8.1,27,98
2026-06-01,701,Hà Nội,Viet Nam,21.0285,105.8542,34.0,27.4,30.5,0.2,78,15.1,75,11
2026-06-01,813,Đồng Tháp,Viet Nam,10.4552,105.6323,30.5,24.4,27.1,11.3,88,13.1,81,98
2026-06-01,669,Hưng Yên,Viet Nam,20.6465,106.0511,33.8,27.6,30.4,0.0,78,13.8,73,7
2026-06-01,122,Lâm Đồng,Viet Nam,11.9404,108.4419,20.5,16.1,18.2,16.4,96,7.2,15,98
2026-06-01,108,Lào Cai,Viet Nam,22.4856,103.9707,32.9,26.2,29.7,5.7,79,7.3,46,51
2026-06-01,784,Bình Thuận,Viet Nam,10.9333,108.1,29.1,25.8,27.1,4.8,86,11.1,33,93
2026-06-01,193,Bắc Kạn,Viet Nam,22.147,105.8326,33.8,25.9,30.0,0.4,78,11.2,71,30
2026-06-01,133,Bình Định,Viet Nam,13.782,109.2194,33.5,26.0,29.2,1.1,75,16.4,34,85
2026-06-01,590,Đà Nẵng,Viet Nam,16.0471,108.2068,35.0,26.5,30.6,0.0,68,15.9,28,70
2026-06-01,645,Hà Tĩnh,Viet Nam,18.3421,105.9038,35.1,27.0,30.9,0.6,70,15.0,40,22
2026-06-01,237,Hải Phòng,Viet Nam,20.8449,106.6881,34.1,27.4,30.5,0.7,74,13.7,53,11
2026-06-01,849,Bắc Giang,Viet Nam,21.2731,106.1946,34.3,27.4,30.6,0.0,76,16.2,75,14
2026-06-01,208,Ninh Thuận,Viet Nam,11.5647,108.9892,28.1,25.8,26.8,11.7,89,5.7,22,98
2026-06-01,981,Quảng Bình,Viet Nam,17.4731,106.5962,34.2,26.9,30.4,0.0,73,16.7,31,42
2026-06-01,696,Hà Nam,Viet Nam,20.5463,105.9142,33.7,27.1,30.1,0.2,78,14.3,66,9
2026-06-01,960,Lai Châu,Viet Nam,22.3959,103.4621,29.6,21.7,25.8,7.4,72,3.7,30,34
2026-06-01,255,Long An,Viet Nam,10.5332,105.4053,30.3,25.1,27.0,8.2,89,18.4,81,98
2026-06-01,707,Bắc Ninh,Viet Nam,21.1861,106.0763,34.2,27.3,30.6,0.1,77,16.8,75,15
2026-06-01,951,Bình Dương,Viet Nam,11.0531,106.6661,30.3,24.9,27.1,0.6,84,8.9,67,86
2026-06-01,168,An Giang,Viet Nam,10.5185,105.1152,30.2,25.5,27.0,9.4,90,14.1,73,99
2026-06-01,196,Đắk Lắk,Viet Nam,12.6667,108.05,27.6,22.9,24.3,15.0,92,9.1,30,94
2026-06-01,811,Điện Biên,Viet Nam,21.3833,103.0167,32.8,24.3,28.3,1.6,77,7.1,31,16
2026-06-01,463,Hậu Giang,Viet Nam,9.7845,105.4735,29.6,24.1,26.4,44.4,91,14.2,63,99
2026-06-01,249,Phú Yên,Viet Nam,13.0883,109.3045,31.1,25.6,27.8,8.9,85,11.3,39,93
2026-06-01,385,Hà Giang,Viet Nam,22.8233,104.9836,33.2,26.7,29.6,2.7,79,5.7,59,64
2026-06-01,495,Nghệ An,Viet Nam,18.6667,105.6667,36.9,27.5,31.5,0.2,69,13.4,67,8
2026-06-01,861,Lạng Sơn,Viet Nam,21.8519,106.7614,33.3,24.6,28.7,0.0,73,13.3,64,13
2026-06-01,767,Kiên Giang,Viet Nam,10.0122,105.0809,29.1,25.0,27.0,36.3,88,17.0,56,100
2026-06-01,226,Kon Tum,Viet Nam,14.35,108.0,31.8,23.8,27.2,2.0,73,15.2,30,83
2026-06-01,160,Nam Định,Viet Nam,20.4231,106.1681,34.2,28.0,30.8,0.5,74,14.1,66,7
2026-06-01,797,Gia Lai,Viet Nam,13.9833,108.0,30.0,21.5,24.5,4.0,84,10.1,43,91
2026-06-01,587,Trà Vinh,Viet Nam,9.9342,106.3339,31.0,24.4,27.1,23.2,88,12.9,79,93
2026-06-01,915,Tây Ninh,Viet Nam,11.3125,106.1006,30.5,25.2,27.7,0.5,81,6.7,70,96
2026-06-01,547,Sóc Trăng,Viet Nam,9.6019,105.9731,29.1,24.3,26.7,14.2,89,17.2,70,97
2026-06-01,146,Tiền Giang,Viet Nam,10.3606,106.3636,31.7,24.5,27.4,7.5,85,12.6,80,96
2026-06-01,456,Vĩnh Phúc,Viet Nam,21.3089,105.6047,34.4,27.4,30.8,0.9,75,15.2,77,17
2026-06-01,872,Thái Bình,Viet Nam,20.4463,106.3364,33.9,27.9,30.6,0.5,74,13.9,53,7
2026-06-01,201,Trường Sa,Viet Nam,10.66936,115.833324,29.7,28.3,29.0,34.3,78,39.9,28,98
2026-06-01,110,Thái Nguyên,Viet Nam,21.5939,105.8481,34.1,27.3,30.7,0.5,76,17.6,72,28
2026-06-01,454,Thanh Hóa,Viet Nam,19.8075,105.7764,34.9,27.8,31.0,0.8,74,14.2,65,10
2026-06-01,521,TP. Hồ Chí Minh,Viet Nam,10.8231,106.6297,30.3,24.6,27.4,2.0,81,11.3,89,94
2026-06-01,275,Tuyên Quang,Viet Nam,21.8159,105.2132,33.7,26.7,30.4,0.4,75,12.7,74,19
2026-06-01,920,Vĩnh Long,Viet Nam,10.2536,105.9723,31.4,24.1,27.4,14.8,86,12.4,79,98
2026-06-01,288,Hoàng Sa,Viet Nam,16.641233,112.742024,30.3,29.6,30.0,0.0,74,19.4,42,49
2026-06-01,729,Phú Quốc,Viet Nam,10.279526,104.003538,29.1,24.3,25.6,22.5,96,15.4,24,99
2026-06-01,503,Sơn La,Viet Nam,21.3262,103.9149,31.8,23.3,27.7,4.9,80,8.8,39,28
2026-06-01,734,Yên Bái,Viet Nam,21.7051,104.8751,34.5,26.9,30.6,0.4,77,6.5,82,22
2026-06-01,326,Thừa Thiên Huế,Viet Nam,16.4633,107.5847,35.4,25.5,30.5,0.3,68,16.6,47,71
2026-06-02,503,Sơn La,Viet Nam,21.3262,103.9149,32.3,23.5,27.4,5.5,81,15.8,35,71
2026-06-02,872,Thái Bình,Viet Nam,20.4463,106.3364,33.9,28.3,30.8,0.4,76,16.9,33,23
2026-06-02,915,Tây Ninh,Viet Nam,11.3125,106.1006,32.4,24.9,27.6,8.5,86,10.3,71,94
2026-06-02,146,Tiền Giang,Viet Nam,10.3606,106.3636,31.5,24.5,26.6,19.0,92,12.6,71,95
2026-06-02,326,Thừa Thiên Huế,Viet Nam,16.4633,107.5847,35.8,26.8,30.9,0.4,67,16.8,63,42
2026-06-02,729,Phú Quốc,Viet Nam,10.279526,104.003538,26.7,23.9,25.3,31.4,96,16.1,25,98
2026-06-02,201,Trường Sa,Viet Nam,10.66936,115.833324,30.3,28.0,29.1,30.5,77,39.3,28,99
2026-06-02,454,Thanh Hóa,Viet Nam,19.8075,105.7764,34.3,28.8,31.4,0.3,76,18.3,61,17
2026-06-02,587,Trà Vinh,Viet Nam,9.9342,106.3339,29.2,24.5,26.0,18.2,93,17.0,69,98
2026-06-02,110,Thái Nguyên,Viet Nam,21.5939,105.8481,34.6,27.7,30.7,1.7,77,18.7,68,82
2026-06-02,920,Vĩnh Long,Viet Nam,10.2536,105.9723,30.0,24.7,26.4,23.4,92,15.3,71,98
2026-06-02,456,Vĩnh Phúc,Viet Nam,21.3089,105.6047,35.1,27.4,31.0,1.1,76,16.0,72,72
2026-06-02,288,Hoàng Sa,Viet Nam,16.641233,112.742024,30.8,29.6,30.3,0.4,71,14.6,36,58
2026-06-02,275,Tuyên Quang,Viet Nam,21.8159,105.2132,34.5,26.6,30.5,1.2,77,14.3,67,87
2026-06-02,521,TP. Hồ Chí Minh,Viet Nam,10.8231,106.6297,31.4,24.2,27.0,5.3,87,12.2,96,100
2026-06-02,734,Yên Bái,Viet Nam,21.7051,104.8751,35.3,25.9,30.6,3.6,77,10.4,81,90
2026-06-02,547,Sóc Trăng,Viet Nam,9.6019,105.9731,28.7,24.9,26.1,24.2,91,20.7,63,97
2026-06-02,122,Lâm Đồng,Viet Nam,11.9404,108.4419,22.1,16.9,18.6,22.6,96,8.8,19,100
2026-06-02,813,Đồng Tháp,Viet Nam,10.4552,105.6323,30.4,25.2,27.0,20.7,89,15.6,74,96
2026-06-02,701,Hà Nội,Viet Nam,21.0285,105.8542,34.3,27.8,30.6,0.2,79,15.9,70,42
2026-06-02,767,Kiên Giang,Viet Nam,10.0122,105.0809,28.3,25.8,26.9,50.6,87,20.1,37,99
2026-06-02,951,Bình Dương,Viet Nam,11.0531,106.6661,31.4,24.3,26.7,22.1,90,10.8,69,95
2026-06-02,620,Cần Thơ,Viet Nam,10.0451,105.7462,28.6,24.6,26.1,17.2,92,16.3,63,97
2026-06-02,168,An Giang,Viet Nam,10.5185,105.1152,30.2,25.3,27.1,17.1,88,14.4,66,97
2026-06-02,511,Hòa Bình,Viet Nam,20.8171,105.3375,35.4,27.6,30.8,0.7,80,11.7,64,47
2026-06-02,669,Hưng Yên,Viet Nam,20.6465,106.0511,33.5,28.0,30.5,0.3,79,16.7,67,24
2026-06-02,861,Lạng Sơn,Viet Nam,21.8519,106.7614,33.5,25.0,28.7,0.2,77,14.1,55,59
2026-06-02,833,Bến Tre,Viet Nam,10.2424,106.3752,30.6,24.5,26.4,22.6,93,15.5,71,97
2026-06-02,278,Đồng Nai,Viet Nam,10.9575,106.8427,30.3,24.4,26.7,14.5,89,10.9,96,99
2026-06-02,811,Điện Biên,Viet Nam,21.3833,103.0167,33.8,24.3,28.8,2.2,75,8.9,30,38
2026-06-02,226,Kon Tum,Viet Nam,14.35,108.0,31.8,23.2,26.7,6.2,75,14.8,28,92
2026-06-02,684,Khánh Hòa,Viet Nam,12.2467,109.1833,29.5,25.5,27.0,3.2,90,6.9,29,96
2026-06-02,196,Đắk Lắk,Viet Nam,12.6667,108.05,28.6,22.7,24.7,6.6,92,8.0,26,93
2026-06-02,416,Ninh Bình,Viet Nam,20.2506,105.9744,33.5,28.3,30.7,0.4,79,16.8,60,23
2026-06-02,123,Quảng Trị,Viet Nam,16.75,107.1833,35.1,27.8,31.0,0.8,67,15.8,46,37
2026-06-02,132,Đắk Nông,Viet Nam,12.0,107.7,28.8,21.1,23.3,19.5,93,12.1,22,98
2026-06-02,463,Hậu Giang,Viet Nam,9.7845,105.4735,28.4,24.6,26.0,31.8,93,15.4,51,100
2026-06-02,249,Phú Yên,Viet Nam,13.0883,109.3045,28.3,25.5,26.8,11.3,89,17.3,38,89
2026-06-02,496,Bạc Liêu,Viet Nam,9.2941,105.7242,29.0,25.1,26.4,30.2,91,19.2,24,99
2026-06-02,215,Hải Dương,Viet Nam,20.9391,106.3146,33.8,27.6,30.5,0.5,79,16.1,58,23
2026-06-02,385,Hà Giang,Viet Nam,22.8233,104.9836,34.6,25.0,29.6,5.5,81,7.8,58,72
2026-06-02,252,Phú Thọ,Viet Nam,21.3235,105.4011,35.7,28.3,31.8,0.3,73,19.5,72,73
2026-06-02,910,Cao Bằng,Viet Nam,22.6661,106.2635,34.7,25.8,29.6,5.5,80,12.7,57,77
2026-06-02,495,Nghệ An,Viet Nam,18.6667,105.6667,36.9,28.5,32.2,0.2,70,13.6,67,14
2026-06-02,590,Đà Nẵng,Viet Nam,16.0471,108.2068,33.7,27.1,30.4,0.0,70,16.9,31,44
2026-06-02,797,Gia Lai,Viet Nam,13.9833,108.0,27.4,20.6,23.7,4.0,88,17.0,28,98
2026-06-02,208,Ninh Thuận,Viet Nam,11.5647,108.9892,29.4,26.1,27.2,17.3,88,10.9,25,99
2026-06-02,849,Bắc Giang,Viet Nam,21.2731,106.1946,34.2,27.6,30.6,0.5,77,17.7,70,36
2026-06-02,237,Hải Phòng,Viet Nam,20.8449,106.6881,33.9,28.0,30.6,3.6,75,15.3,34,20
2026-06-02,981,Quảng Bình,Viet Nam,17.4731,106.5962,34.0,27.5,30.7,0.0,72,16.8,35,41
2026-06-02,327,Bà Rịa – Vũng Tàu,Viet Nam,10.4114,107.1362,30.1,25.7,27.2,14.0,85,23.7,55,96
2026-06-02,133,Bình Định,Viet Nam,13.782,109.2194,32.4,25.9,28.3,1.2,78,11.7,36,92
2026-06-02,696,Hà Nam,Viet Nam,20.5463,105.9142,33.6,27.5,30.2,1.0,80,15.8,60,28
2026-06-02,160,Nam Định,Viet Nam,20.4231,106.1681,34.2,28.6,31.0,0.4,76,16.6,60,22
2026-06-02,193,Bắc Kạn,Viet Nam,22.147,105.8326,34.3,26.8,30.1,0.9,81,11.4,64,83
2026-06-02,960,Lai Châu,Viet Nam,22.3959,103.4621,30.4,22.6,26.0,6.6,75,4.8,32,81
2026-06-02,645,Hà Tĩnh,Viet Nam,18.3421,105.9038,35.4,27.8,31.5,0.1,69,14.8,42,7
2026-06-02,784,Bình Thuận,Viet Nam,10.9333,108.1,31.6,25.5,27.5,29.5,85,17.7,42,99
2026-06-02,108,Lào Cai,Viet Nam,22.4856,103.9707,33.7,25.6,29.6,3.9,81,7.5,48,87
2026-06-02,365,Cà Mau,Viet Nam,9.1769,105.1501,28.9,24.5,26.5,37.7,90,21.2,23,98
2026-06-02,255,Long An,Viet Nam,10.5332,105.4053,30.4,25.3,27.2,16.1,89,15.0,74,97
2026-06-02,707,Bắc Ninh,Viet Nam,21.1861,106.0763,34.4,27.6,30.5,0.4,78,16.8,70,39
2026-06-02,347,Bình Phước,Viet Nam,11.7516,106.8778,31.4,23.6,26.1,18.7,91,8.6,46,94
2026-06-03,215,Hải Dương,Viet Nam,20.9391,106.3146,34.1,27.3,30.3,0.4,82,15.0,56,23
2026-06-03,669,Hưng Yên,Viet Nam,20.6465,106.0511,34.5,27.6,30.4,0.4,83,15.9,69,24
2026-06-03,849,Bắc Giang,Viet Nam,21.2731,106.1946,34.5,27.3,30.2,0.2,81,16.8,69,38
2026-06-03,327,Bà Rịa – Vũng Tàu,Viet Nam,10.4114,107.1362,30.8,26.3,27.9,9.2,82,20.3,33,93
2026-06-03,416,Ninh Bình,Viet Nam,20.2506,105.9744,35.0,27.8,30.6,3.4,81,16.9,64,24
2026-06-03,684,Khánh Hòa,Viet Nam,12.2467,109.1833,31.2,26.4,28.2,5.6,87,13.3,39,88
2026-06-03,813,Đồng Tháp,Viet Nam,10.4552,105.6323,27.6,25.5,26.4,9.1,92,16.1,65,94
2026-06-03,193,Bắc Kạn,Viet Nam,22.147,105.8326,34.8,26.2,29.8,2.6,84,11.8,63,78
2026-06-03,861,Lạng Sơn,Viet Nam,21.8519,106.7614,33.3,25.2,28.6,1.7,79,16.0,49,52
2026-06-03,208,Ninh Thuận,Viet Nam,11.5647,108.9892,33.3,26.6,28.9,2.5,79,16.1,25,83
2026-06-03,168,An Giang,Viet Nam,10.5185,105.1152,28.4,25.9,26.8,7.2,90,15.4,49,96
2026-06-03,811,Điện Biên,Viet Nam,21.3833,103.0167,33.3,23.4,28.0,8.9,77,15.9,36,51
2026-06-03,495,Nghệ An,Viet Nam,18.6667,105.6667,38.6,29.2,33.3,2.5,59,15.0,66,19
2026-06-03,767,Kiên Giang,Viet Nam,10.0122,105.0809,29.7,26.4,27.5,9.1,84,23.2,33,97
2026-06-03,797,Gia Lai,Viet Nam,13.9833,108.0,27.5,20.8,23.6,4.0,86,17.6,29,76
2026-06-03,511,Hòa Bình,Viet Nam,20.8171,105.3375,35.9,27.5,30.9,1.3,80,9.9,52,32
2026-06-03,496,Bạc Liêu,Viet Nam,9.2941,105.7242,31.9,25.5,28.2,2.8,80,22.8,22,94
2026-06-03,645,Hà Tĩnh,Viet Nam,18.3421,105.9038,37.3,29.6,32.6,0.7,61,16.7,42,24
2026-06-03,252,Phú Thọ,Viet Nam,21.3235,105.4011,36.9,27.8,31.7,0.3,71,22.8,70,39
2026-06-03,347,Bình Phước,Viet Nam,11.7516,106.8778,30.0,24.4,25.9,10.7,93,17.0,62,93
2026-06-03,132,Đắk Nông,Viet Nam,12.0,107.7,27.5,21.8,22.9,13.1,93,15.9,24,94
2026-06-03,160,Nam Định,Viet Nam,20.4231,106.1681,35.1,28.6,31.2,1.7,77,15.9,64,24
2026-06-03,226,Kon Tum,Viet Nam,14.35,108.0,31.7,22.7,25.4,4.2,81,13.7,27,73
2026-06-03,385,Hà Giang,Viet Nam,22.8233,104.9836,33.7,25.4,29.2,2.5,82,8.4,44,79
2026-06-03,249,Phú Yên,Viet Nam,13.0883,109.3045,32.9,26.6,29.1,0.1,72,19.9,44,91
2026-06-03,463,Hậu Giang,Viet Nam,9.7845,105.4735,30.7,25.3,27.0,8.3,88,18.7,47,94
2026-06-03,196,Đắk Lắk,Viet Nam,12.6667,108.05,29.2,22.9,25.5,5.4,83,14.5,27,80
2026-06-03,951,Bình Dương,Viet Nam,11.0531,106.6661,30.2,25.1,26.8,7.3,90,16.8,69,91
2026-06-03,707,Bắc Ninh,Viet Nam,21.1861,106.0763,34.5,27.1,30.2,0.1,82,15.9,69,44
2026-06-03,255,Long An,Viet Nam,10.5332,105.4053,28.4,25.8,26.7,9.7,90,19.1,65,92
2026-06-03,960,Lai Châu,Viet Nam,22.3959,103.4621,29.9,20.8,25.4,7.1,77,7.9,28,63
2026-06-03,696,Hà Nam,Viet Nam,20.5463,105.9142,35.2,26.9,29.7,2.9,84,14.2,64,30
2026-06-03,981,Quảng Bình,Viet Nam,17.4731,106.5962,37.2,28.6,32.4,0.8,63,17.3,35,27
2026-06-03,237,Hải Phòng,Viet Nam,20.8449,106.6881,33.4,28.4,30.7,4.5,79,16.2,38,15
2026-06-03,590,Đà Nẵng,Viet Nam,16.0471,108.2068,34.8,28.5,31.2,0.2,65,14.0,62,54
2026-06-03,133,Bình Định,Viet Nam,13.782,109.2194,35.3,27.1,30.3,0.0,66,16.0,43,88
2026-06-03,784,Bình Thuận,Viet Nam,10.9333,108.1,30.9,25.8,27.5,7.9,84,21.9,34,91
2026-06-03,108,Lào Cai,Viet Nam,22.4856,103.9707,34.2,26.1,30.0,1.9,78,8.4,30,63
2026-06-03,620,Cần Thơ,Viet Nam,10.0451,105.7462,30.4,25.2,26.5,14.8,91,17.6,60,97
2026-06-03,701,Hà Nội,Viet Nam,21.0285,105.8542,35.0,27.1,30.3,2.1,82,14.7,69,45
2026-06-03,122,Lâm Đồng,Viet Nam,11.9404,108.4419,23.4,16.7,18.9,7.3,91,15.8,21,96
2026-06-03,123,Quảng Trị,Viet Nam,16.75,107.1833,38.1,28.2,32.1,0.0,62,20.0,41,29
2026-06-03,910,Cao Bằng,Viet Nam,22.6661,106.2635,35.2,25.7,29.9,1.8,81,13.8,46,72
2026-06-03,365,Cà Mau,Viet Nam,9.1769,105.1501,31.1,25.3,27.9,3.9,82,26.5,21,92
2026-06-03,833,Bến Tre,Viet Nam,10.2424,106.3752,30.6,25.0,26.2,13.6,92,15.7,64,95
2026-06-03,278,Đồng Nai,Viet Nam,10.9575,106.8427,30.3,25.6,27.0,9.3,89,14.7,72,90
2026-06-03,456,Vĩnh Phúc,Viet Nam,21.3089,105.6047,36.4,27.0,31.0,0.6,74,17.9,70,46
2026-06-03,326,Thừa Thiên Huế,Viet Nam,16.4633,107.5847,36.8,26.8,31.0,2.3,69,15.3,69,48
2026-06-03,547,Sóc Trăng,Viet Nam,9.6019,105.9731,31.5,25.5,27.1,7.8,87,17.9,60,92
2026-06-03,288,Hoàng Sa,Viet Nam,16.641233,112.742024,30.4,28.2,29.4,2.7,75,28.5,34,93
2026-06-03,201,Trường Sa,Viet Nam,10.66936,115.833324,29.8,27.4,29.0,16.5,79,40.5,28,100
2026-06-03,275,Tuyên Quang,Viet Nam,21.8159,105.2132,35.0,26.4,30.4,0.9,76,15.5,66,58
2026-06-03,110,Thái Nguyên,Viet Nam,21.5939,105.8481,34.9,27.2,30.5,0.5,80,19.1,67,58
2026-06-03,146,Tiền Giang,Viet Nam,10.3606,106.3636,29.8,25.0,26.4,9.0,92,17.0,64,90
2026-06-03,503,Sơn La,Viet Nam,21.3262,103.9149,32.0,23.6,27.3,5.2,82,8.3,34,50
2026-06-03,920,Vĩnh Long,Viet Nam,10.2536,105.9723,29.4,25.2,26.4,12.5,92,14.7,64,97
2026-06-03,729,Phú Quốc,Viet Nam,10.279526,104.003538,27.1,24.8,25.7,14.3,94,18.4,25,95
2026-06-03,454,Thanh Hóa,Viet Nam,19.8075,105.7764,36.6,27.8,32.0,0.3,74,16.7,67,4
2026-06-03,915,Tây Ninh,Viet Nam,11.3125,106.1006,30.8,25.5,27.2,6.4,87,17.5,64,91
2026-06-03,872,Thái Bình,Viet Nam,20.4463,106.3364,34.4,28.9,31.1,0.7,77,16.2,44,19
2026-06-03,734,Yên Bái,Viet Nam,21.7051,104.8751,36.1,26.5,30.5,0.3,76,13.2,71,60
2026-06-03,521,TP. Hồ Chí Minh,Viet Nam,10.8231,106.6297,30.5,25.2,27.1,8.1,88,15.5,72,92
2026-06-03,587,Trà Vinh,Viet Nam,9.9342,106.3339,30.2,25.1,26.5,13.1,90,17.1,65,94
2026-06-04,521,TP. Hồ Chí Minh,Viet Nam,10.8231,106.6297,31.4,25.9,27.9,10.4,84,20.7,66,93
2026-06-04,288,Hoàng Sa,Viet Nam,16.641233,112.742024,30.8,30.1,30.4,0.6,78,33.3,45,83
2026-06-04,110,Thái Nguyên,Viet Nam,21.5939,105.8481,35.2,24.3,28.8,18.2,86,16.9,65,99
2026-06-04,734,Yên Bái,Viet Nam,21.7051,104.8751,34.8,24.5,28.6,31.6,86,9.0,64,99
2026-06-04,503,Sơn La,Viet Nam,21.3262,103.9149,29.7,22.6,26.2,16.7,89,9.1,33,99
2026-06-04,454,Thanh Hóa,Viet Nam,19.8075,105.7764,38.7,25.1,32.1,2.1,70,14.4,68,32
2026-06-04,275,Tuyên Quang,Viet Nam,21.8159,105.2132,33.9,24.5,28.7,17.6,85,12.7,58,99
2026-06-04,201,Trường Sa,Viet Nam,10.66936,115.833324,30.4,27.9,29.8,12.8,75,31.6,28,93
2026-06-04,729,Phú Quốc,Viet Nam,10.279526,104.003538,30.3,25.9,27.9,7.2,83,21.7,23,78
2026-06-04,920,Vĩnh Long,Viet Nam,10.2536,105.9723,30.6,25.3,27.4,8.8,88,23.0,64,91
2026-06-04,915,Tây Ninh,Viet Nam,11.3125,106.1006,32.2,24.8,27.7,14.6,85,22.4,47,86
2026-06-04,872,Thái Bình,Viet Nam,20.4463,106.3364,36.2,25.1,30.2,14.3,81,19.7,64,53
2026-06-04,326,Thừa Thiên Huế,Viet Nam,16.4633,107.5847,37.7,28.7,32.5,0.4,58,20.1,48,73
2026-06-04,456,Vĩnh Phúc,Viet Nam,21.3089,105.6047,36.8,24.7,29.6,12.4,80,11.0,75,97
2026-06-04,146,Tiền Giang,Viet Nam,10.3606,106.3636,30.8,25.8,27.5,12.1,88,19.6,64,86
2026-06-04,587,Trà Vinh,Viet Nam,9.9342,106.3339,30.7,26.2,27.5,13.1,88,21.7,61,89
2026-06-04,547,Sóc Trăng,Viet Nam,9.6019,105.9731,31.4,26.2,27.8,14.1,85,20.8,50,85
2026-06-04,252,Phú Thọ,Viet Nam,21.3235,105.4011,37.0,25.3,30.0,14.8,79,16.9,75,97
2026-06-04,168,An Giang,Viet Nam,10.5185,105.1152,31.7,25.3,27.8,7.9,85,24.4,37,82
2026-06-04,951,Bình Dương,Viet Nam,11.0531,106.6661,32.2,24.4,27.3,15.5,88,21.0,64,95
2026-06-04,249,Phú Yên,Viet Nam,13.0883,109.3045,32.8,27.7,29.5,0.0,70,21.1,36,89
2026-06-04,347,Bình Phước,Viet Nam,11.7516,106.8778,30.6,23.6,26.1,15.3,93,14.8,54,94
2026-06-04,811,Điện Biên,Viet Nam,21.3833,103.0167,32.0,23.3,27.3,13.0,82,10.1,29,96
2026-06-04,196,Đắk Lắk,Viet Nam,12.6667,108.05,29.9,23.4,25.8,2.7,85,19.5,28,92
2026-06-04,463,Hậu Giang,Viet Nam,9.7845,105.4735,29.7,24.7,27.3,13.3,89,20.2,37,84
2026-06-04,797,Gia Lai,Viet Nam,13.9833,108.0,25.6,21.3,22.7,10.3,95,18.4,25,88
2026-06-04,849,Bắc Giang,Viet Nam,21.2731,106.1946,35.4,24.0,29.0,15.3,86,19.4,74,96
2026-06-04,496,Bạc Liêu,Viet Nam,9.2941,105.7242,31.5,26.1,28.4,7.6,83,23.8,32,82
2026-06-04,132,Đắk Nông,Viet Nam,12.0,107.7,25.7,21.6,23.2,10.1,95,19.2,29,97
2026-06-04,910,Cao Bằng,Viet Nam,22.6661,106.2635,30.8,24.6,27.2,23.5,93,5.9,35,96
2026-06-04,215,Hải Dương,Viet Nam,20.9391,106.3146,35.9,24.5,29.7,5.2,82,14.6,71,81
2026-06-04,123,Quảng Trị,Viet Nam,16.75,107.1833,39.5,28.8,32.9,0.5,57,20.6,32,63
2026-06-04,416,Ninh Bình,Viet Nam,20.2506,105.9744,36.4,24.6,29.9,6.9,80,19.3,74,52
2026-06-04,684,Khánh Hòa,Viet Nam,12.2467,109.1833,31.2,26.3,28.8,1.5,83,9.8,42,94
2026-06-04,122,Lâm Đồng,Viet Nam,11.9404,108.4419,21.9,17.3,18.9,5.4,93,22.7,27,97
2026-06-04,669,Hưng Yên,Viet Nam,20.6465,106.0511,35.5,25.0,29.8,16.2,83,15.5,79,65
2026-06-04,701,Hà Nội,Viet Nam,21.0285,105.8542,35.7,24.2,29.2,8.3,85,24.7,74,95
2026-06-04,813,Đồng Tháp,Viet Nam,10.4552,105.6323,31.1,25.0,27.6,11.5,86,27.3,62,87
2026-06-04,278,Đồng Nai,Viet Nam,10.9575,106.8427,31.7,25.4,27.7,12.3,87,18.0,66,94
2026-06-04,511,Hòa Bình,Viet Nam,20.8171,105.3375,37.0,25.4,30.0,24.5,84,9.4,47,94
2026-06-04,160,Nam Định,Viet Nam,20.4231,106.1681,36.2,25.0,30.0,20.1,82,21.1,74,57
2026-06-04,108,Lào Cai,Viet Nam,22.4856,103.9707,31.8,24.8,28.2,6.7,88,5.8,27,99
2026-06-04,784,Bình Thuận,Viet Nam,10.9333,108.1,31.6,25.5,27.8,10.3,85,26.4,29,95
2026-06-04,861,Lạng Sơn,Viet Nam,21.8519,106.7614,31.4,23.1,26.9,17.8,88,12.0,47,98
2026-06-04,620,Cần Thơ,Viet Nam,10.0451,105.7462,30.2,25.1,27.3,10.8,88,22.5,55,87
2026-06-04,645,Hà Tĩnh,Viet Nam,18.3421,105.9038,38.2,29.5,33.4,0.4,54,22.0,38,37
2026-06-04,193,Bắc Kạn,Viet Nam,22.147,105.8326,32.6,24.8,28.0,21.3,91,10.5,57,99
2026-06-04,133,Bình Định,Viet Nam,13.782,109.2194,35.2,27.5,30.9,1.1,63,20.9,36,76
2026-06-04,833,Bến Tre,Viet Nam,10.2424,106.3752,30.7,25.8,27.5,10.7,89,18.4,64,84
2026-06-04,590,Đà Nẵng,Viet Nam,16.0471,108.2068,38.5,28.8,32.4,1.1,60,15.1,69,51
2026-06-04,226,Kon Tum,Viet Nam,14.35,108.0,30.7,23.1,25.3,10.4,84,20.0,25,83
2026-06-04,365,Cà Mau,Viet Nam,9.1769,105.1501,32.9,25.7,28.2,15.3,83,22.4,29,79
2026-06-04,208,Ninh Thuận,Viet Nam,11.5647,108.9892,33.5,27.5,29.9,1.0,72,24.7,29,93
2026-06-04,237,Hải Phòng,Viet Nam,20.8449,106.6881,36.8,25.1,29.7,9.6,84,21.0,59,71
2026-06-04,981,Quảng Bình,Viet Nam,17.4731,106.5962,38.5,27.9,32.5,3.4,60,17.7,32,51
2026-06-04,696,Hà Nam,Viet Nam,20.5463,105.9142,35.4,23.6,28.9,7.6,86,10.0,74,65
2026-06-04,960,Lai Châu,Viet Nam,22.3959,103.4621,28.4,20.7,23.8,14.1,88,5.1,27,95
2026-06-04,255,Long An,Viet Nam,10.5332,105.4053,31.1,25.1,27.6,13.0,85,24.6,62,86
2026-06-04,767,Kiên Giang,Viet Nam,10.0122,105.0809,31.9,25.0,27.8,11.2,84,27.5,31,86
2026-06-04,495,Nghệ An,Viet Nam,18.6667,105.6667,39.2,29.2,34.1,0.2,53,17.2,54,33
2026-06-04,327,Bà Rịa – Vũng Tàu,Viet Nam,10.4114,107.1362,29.9,27.3,28.6,13.5,81,28.7,33,96
2026-06-04,707,Bắc Ninh,Viet Nam,21.1861,106.0763,35.4,24.0,29.1,4.1,85,15.3,74,96
2026-06-04,385,Hà Giang,Viet Nam,22.8233,104.9836,32.2,25.2,28.1,16.8,86,5.9,37,97
2026-06-05,645,Hà Tĩnh,Viet Nam,18.3421,105.9038,36.0,26.9,31.3,3.4,64,23.3,28,73
2026-06-05,797,Gia Lai,Viet Nam,13.9833,108.0,27.0,21.6,23.4,10.7,91,23.2,27,75
2026-06-05,496,Bạc Liêu,Viet Nam,9.2941,105.7242,31.9,27.2,29.3,0.2,78,19.2,38,85
2026-06-05,160,Nam Định,Viet Nam,20.4231,106.1681,32.7,26.4,29.9,0.0,78,11.9,88,69
2026-06-05,767,Kiên Giang,Viet Nam,10.0122,105.0809,32.2,26.3,29.0,0.8,77,20.5,46,84
2026-06-05,226,Kon Tum,Viet Nam,14.35,108.0,29.6,23.2,25.8,2.6,82,19.9,25,60
2026-06-05,495,Nghệ An,Viet Nam,18.6667,105.6667,36.8,27.3,31.6,3.6,68,16.5,44,77
2026-06-05,385,Hà Giang,Viet Nam,22.8233,104.9836,32.1,25.8,28.2,6.0,83,5.8,36,83
2026-06-05,463,Hậu Giang,Viet Nam,9.7845,105.4735,32.7,26.4,28.9,0.9,80,16.4,49,89
2026-06-05,196,Đắk Lắk,Viet Nam,12.6667,108.05,30.7,23.5,26.7,1.2,79,19.4,35,95
2026-06-05,249,Phú Yên,Viet Nam,13.0883,109.3045,35.1,27.8,30.9,0.0,64,18.2,48,90
2026-06-05,951,Bình Dương,Viet Nam,11.0531,106.6661,32.2,26.0,28.7,2.7,80,16.3,67,94
2026-06-05,168,An Giang,Viet Nam,10.5185,105.1152,31.8,25.6,28.4,3.5,82,22.1,46,84
2026-06-05,707,Bắc Ninh,Viet Nam,21.1861,106.0763,30.9,25.8,28.3,0.4,83,12.6,73,58
2026-06-05,255,Long An,Viet Nam,10.5332,105.4053,31.8,25.9,28.6,2.1,79,21.7,67,86
2026-06-05,811,Điện Biên,Viet Nam,21.3833,103.0167,31.1,23.4,26.7,13.5,84,6.1,28,73
2026-06-05,416,Ninh Bình,Viet Nam,20.2506,105.9744,32.7,26.5,29.8,0.2,78,11.4,88,75
2026-06-05,960,Lai Châu,Viet Nam,22.3959,103.4621,27.7,20.4,23.5,17.6,87,4.4,27,82
2026-06-05,696,Hà Nam,Viet Nam,20.5463,105.9142,32.0,25.8,28.6,1.0,86,10.3,88,67
2026-06-05,208,Ninh Thuận,Viet Nam,11.5647,108.9892,33.5,27.3,30.2,0.1,71,24.4,31,91
2026-06-05,981,Quảng Bình,Viet Nam,17.4731,106.5962,36.5,28.2,31.8,2.3,62,20.3,27,79
2026-06-05,237,Hải Phòng,Viet Nam,20.8449,106.6881,32.5,26.8,30.0,0.0,77,12.7,77,81
2026-06-05,620,Cần Thơ,Viet Nam,10.0451,105.7462,32.4,26.3,29.0,0.7,79,17.0,64,93
2026-06-05,590,Đà Nẵng,Viet Nam,16.0471,108.2068,37.9,29.7,32.3,3.6,59,18.4,58,65
2026-06-05,133,Bình Định,Viet Nam,13.782,109.2194,37.0,29.0,32.4,3.0,55,19.6,44,77
2026-06-05,193,Bắc Kạn,Viet Nam,22.147,105.8326,31.2,25.0,27.7,8.6,86,7.4,39,79
2026-06-05,278,Đồng Nai,Viet Nam,10.9575,106.8427,31.8,26.6,29.0,2.8,80,13.7,67,94
2026-06-05,784,Bình Thuận,Viet Nam,10.9333,108.1,31.2,26.5,28.6,3.5,79,23.0,32,95
2026-06-05,108,Lào Cai,Viet Nam,22.4856,103.9707,31.6,25.2,28.3,7.6,83,5.0,28,78
2026-06-05,813,Đồng Tháp,Viet Nam,10.4552,105.6323,32.4,26.1,28.7,0.6,78,19.4,67,90
2026-06-05,861,Lạng Sơn,Viet Nam,21.8519,106.7614,30.6,24.1,26.7,2.0,83,10.6,47,78
2026-06-05,701,Hà Nội,Viet Nam,21.0285,105.8542,31.2,26.4,28.6,0.4,83,11.7,73,60
2026-06-05,122,Lâm Đồng,Viet Nam,11.9404,108.4419,23.2,16.9,19.2,5.0,92,24.0,31,97
2026-06-05,684,Khánh Hòa,Viet Nam,12.2467,109.1833,32.9,26.1,29.4,1.7,82,12.2,53,95
2026-06-05,669,Hưng Yên,Viet Nam,20.6465,106.0511,31.8,26.1,29.4,0.2,81,9.4,88,71
2026-06-05,123,Quảng Trị,Viet Nam,16.75,107.1833,38.3,28.1,32.3,3.2,60,21.3,28,87
2026-06-05,215,Hải Dương,Viet Nam,20.9391,106.3146,31.2,26.1,29.1,0.8,80,9.7,83,70
2026-06-05,910,Cao Bằng,Viet Nam,22.6661,106.2635,30.5,24.7,27.5,2.0,85,11.2,36,79
2026-06-05,849,Bắc Giang,Viet Nam,21.2731,106.1946,30.8,25.8,28.4,1.0,82,9.2,73,62
2026-06-05,327,Bà Rịa – Vũng Tàu,Viet Nam,10.4114,107.1362,30.3,28.1,29.4,2.2,78,22.2,36,92
2026-06-05,833,Bến Tre,Viet Nam,10.2424,106.3752,32.8,26.2,29.2,1.5,77,16.9,66,92
2026-06-05,365,Cà Mau,Viet Nam,9.1769,105.1501,32.6,26.9,29.2,0.5,79,17.0,39,79
2026-06-05,511,Hòa Bình,Viet Nam,20.8171,105.3375,31.8,27.1,29.1,2.7,86,8.7,41,65
2026-06-05,132,Đắk Nông,Viet Nam,12.0,107.7,28.0,22.4,24.4,3.6,88,23.9,40,97
2026-06-05,252,Phú Thọ,Viet Nam,21.3235,105.4011,31.8,26.5,29.2,0.3,80,13.7,72,87
2026-06-05,347,Bình Phước,Viet Nam,11.7516,106.8778,31.4,24.9,27.2,4.9,87,17.1,61,95
2026-06-05,547,Sóc Trăng,Viet Nam,9.6019,105.9731,32.5,26.5,29.2,0.6,77,17.9,54,86
2026-06-05,872,Thái Bình,Viet Nam,20.4463,106.3364,32.6,26.6,30.0,0.5,77,12.6,83,67
2026-06-05,288,Hoàng Sa,Viet Nam,16.641233,112.742024,30.6,29.5,30.3,0.7,81,35.5,45,44
2026-06-05,146,Tiền Giang,Viet Nam,10.3606,106.3636,32.5,26.5,29.2,1.6,78,17.1,66,93
2026-06-05,920,Vĩnh Long,Viet Nam,10.2536,105.9723,32.1,26.4,29.0,0.8,78,18.1,69,93
2026-06-05,521,TP. Hồ Chí Minh,Viet Nam,10.8231,106.6297,32.7,26.5,29.2,4.6,78,12.9,67,95
2026-06-05,734,Yên Bái,Viet Nam,21.7051,104.8751,29.7,25.3,27.3,14.1,89,7.6,57,79
2026-06-05,587,Trà Vinh,Viet Nam,9.9342,106.3339,32.1,26.3,28.9,2.1,79,17.6,62,88
2026-06-05,454,Thanh Hóa,Viet Nam,19.8075,105.7764,34.3,27.4,30.7,1.2,71,14.6,68,81
2026-06-05,729,Phú Quốc,Viet Nam,10.279526,104.003538,31.6,24.8,27.7,8.5,85,21.2,28,93
2026-06-05,503,Sơn La,Viet Nam,21.3262,103.9149,28.0,22.4,24.8,4.9,89,9.9,30,80
2026-06-05,456,Vĩnh Phúc,Viet Nam,21.3089,105.6047,31.7,26.1,29.1,0.1,78,13.6,72,82
2026-06-05,275,Tuyên Quang,Viet Nam,21.8159,105.2132,28.9,25.3,27.1,5.8,88,7.8,39,77
2026-06-05,915,Tây Ninh,Viet Nam,11.3125,106.1006,33.1,26.4,29.1,1.7,76,18.4,53,84
2026-06-05,326,Thừa Thiên Huế,Viet Nam,16.4633,107.5847,37.2,27.4,32.2,0.2,62,14.1,47,83
2026-06-05,201,Trường Sa,Viet Nam,10.66936,115.833324,30.3,29.7,30.0,0.1,75,24.5,27,92
2026-06-05,110,Thái Nguyên,Viet Nam,21.5939,105.8481,30.3,25.8,28.4,1.6,80,12.4,56,85
2026-06-06,201,Trường Sa,Viet Nam,10.66936,115.833324,30.9,29.4,30.1,0.0,76,17.4,25,92
2026-06-06,872,Thái Bình,Viet Nam,20.4463,106.3364,35.5,29.6,31.8,1.9,67,19.8,46,93
2026-06-06,915,Tây Ninh,Viet Nam,11.3125,106.1006,33.1,25.8,28.9,4.4,80,20.1,66,92
2026-06-06,547,Sóc Trăng,Viet Nam,9.6019,105.9731,33.7,26.3,29.3,4.8,80,20.0,67,91
2026-06-06,326,Thừa Thiên Huế,Viet Nam,16.4633,107.5847,38.0,29.9,33.3,0.9,55,10.8,60,84
2026-06-06,503,Sơn La,Viet Nam,21.3262,103.9149,30.0,23.5,26.2,8.9,90,9.6,25,96
2026-06-06,920,Vĩnh Long,Viet Nam,10.2536,105.9723,32.1,25.9,28.6,2.4,84,15.6,83,94
2026-06-06,110,Thái Nguyên,Viet Nam,21.5939,105.8481,34.8,28.3,31.0,0.8,75,21.6,76,94
2026-06-06,456,Vĩnh Phúc,Viet Nam,21.3089,105.6047,35.6,28.9,31.6,1.4,69,14.4,79,97
2026-06-06,734,Yên Bái,Viet Nam,21.7051,104.8751,34.6,26.4,30.1,0.0,80,12.5,63,94
2026-06-06,587,Trà Vinh,Viet Nam,9.9342,106.3339,32.7,26.0,28.8,2.9,84,16.6,71,92
2026-06-06,521,TP. Hồ Chí Minh,Viet Nam,10.8231,106.6297,34.0,26.4,29.2,3.5,80,14.4,71,96
2026-06-06,288,Hoàng Sa,Viet Nam,16.641233,112.742024,30.7,30.0,30.3,0.5,82,38.4,42,92
2026-06-06,729,Phú Quốc,Viet Nam,10.279526,104.003538,30.6,25.9,27.7,2.1,87,15.9,27,92
2026-06-06,454,Thanh Hóa,Viet Nam,19.8075,105.7764,37.2,29.7,33.1,2.7,58,19.7,61,92
2026-06-06,146,Tiền Giang,Viet Nam,10.3606,106.3636,33.5,26.0,29.0,2.2,82,16.8,75,95
2026-06-06,275,Tuyên Quang,Viet Nam,21.8159,105.2132,33.8,26.7,30.4,0.4,75,16.8,60,94
2026-06-06,951,Bình Dương,Viet Nam,11.0531,106.6661,33.2,25.8,28.5,5.3,86,17.4,70,96
2026-06-06,385,Hà Giang,Viet Nam,22.8233,104.9836,33.4,26.1,29.4,1.0,80,8.6,38,80
2026-06-06,168,An Giang,Viet Nam,10.5185,105.1152,31.4,25.9,28.4,2.4,83,16.9,66,90
2026-06-06,365,Cà Mau,Viet Nam,9.1769,105.1501,32.4,27.0,29.3,2.9,82,18.3,37,88
2026-06-06,707,Bắc Ninh,Viet Nam,21.1861,106.0763,34.0,28.6,31.2,0.8,73,16.0,80,92
2026-06-06,255,Long An,Viet Nam,10.5332,105.4053,30.9,26.0,28.4,3.2,83,19.2,81,90
2026-06-06,645,Hà Tĩnh,Viet Nam,18.3421,105.9038,33.9,28.6,31.1,2.8,65,23.9,27,90
2026-06-06,278,Đồng Nai,Viet Nam,10.9575,106.8427,33.6,26.4,28.7,4.2,84,21.0,71,96
2026-06-06,811,Điện Biên,Viet Nam,21.3833,103.0167,31.4,23.8,26.9,7.8,85,8.7,26,85
2026-06-06,960,Lai Châu,Viet Nam,22.3959,103.4621,29.0,21.6,24.5,11.1,83,8.5,28,85
2026-06-06,416,Ninh Bình,Viet Nam,20.2506,105.9744,35.6,29.3,32.0,1.5,65,18.4,67,92
2026-06-06,696,Hà Nam,Viet Nam,20.5463,105.9142,34.4,27.6,30.5,1.1,76,13.3,67,88
2026-06-06,620,Cần Thơ,Viet Nam,10.0451,105.7462,32.1,26.0,28.4,3.7,84,15.7,78,94
2026-06-06,208,Ninh Thuận,Viet Nam,11.5647,108.9892,34.4,27.4,30.7,0.0,70,23.8,34,76
2026-06-06,511,Hòa Bình,Viet Nam,20.8171,105.3375,35.7,28.2,30.5,3.7,86,17.1,33,91
2026-06-06,981,Quảng Bình,Viet Nam,17.4731,106.5962,34.2,27.9,31.2,0.3,64,31.0,27,88
2026-06-06,237,Hải Phòng,Viet Nam,20.8449,106.6881,35.2,29.1,31.6,0.7,71,16.0,45,87
2026-06-06,226,Kon Tum,Viet Nam,14.35,108.0,30.6,23.6,26.3,2.3,81,20.8,27,82
2026-06-06,590,Đà Nẵng,Viet Nam,16.0471,108.2068,40.2,31.0,34.2,0.9,50,21.6,59,77
2026-06-06,193,Bắc Kạn,Viet Nam,22.147,105.8326,34.4,27.1,30.2,1.2,79,14.5,70,87
2026-06-06,133,Bình Định,Viet Nam,13.782,109.2194,39.2,29.0,33.3,0.0,54,21.8,49,89
2026-06-06,767,Kiên Giang,Viet Nam,10.0122,105.0809,31.0,26.0,28.5,2.3,83,19.5,67,89
2026-06-06,132,Đắk Nông,Viet Nam,12.0,107.7,29.7,22.5,24.8,6.7,86,21.8,45,87
2026-06-06,784,Bình Thuận,Viet Nam,10.9333,108.1,32.9,26.1,28.7,6.3,81,26.7,33,83
2026-06-06,108,Lào Cai,Viet Nam,22.4856,103.9707,33.7,26.7,30.2,0.4,77,7.8,29,77
2026-06-06,160,Nam Định,Viet Nam,20.4231,106.1681,35.2,29.4,31.6,1.7,68,19.6,67,92
2026-06-06,813,Đồng Tháp,Viet Nam,10.4552,105.6323,31.7,26.0,28.4,5.3,84,18.5,81,89
2026-06-06,701,Hà Nội,Viet Nam,21.0285,105.8542,34.3,28.4,31.0,1.0,77,16.8,80,94
2026-06-06,684,Khánh Hòa,Viet Nam,12.2467,109.1833,32.6,27.0,29.7,0.8,85,11.7,61,76
2026-06-06,347,Bình Phước,Viet Nam,11.7516,106.8778,31.1,25.4,27.4,9.6,90,15.5,63,93
2026-06-06,252,Phú Thọ,Viet Nam,21.3235,105.4011,36.1,29.2,31.8,0.4,73,22.9,79,97
2026-06-06,123,Quảng Trị,Viet Nam,16.75,107.1833,38.4,30.2,33.4,2.8,53,24.7,24,87
2026-06-06,215,Hải Dương,Viet Nam,20.9391,106.3146,34.9,29.0,31.5,0.1,70,16.8,65,88
2026-06-06,849,Bắc Giang,Viet Nam,21.2731,106.1946,33.9,28.7,31.3,0.8,73,15.0,80,90
2026-06-06,910,Cao Bằng,Viet Nam,22.6661,106.2635,35.3,26.5,29.6,3.6,82,12.9,56,74
2026-06-06,496,Bạc Liêu,Viet Nam,9.2941,105.7242,32.5,27.4,29.5,3.7,80,19.3,35,89
2026-06-06,669,Hưng Yên,Viet Nam,20.6465,106.0511,34.1,28.6,30.9,0.6,74,17.0,76,86
2026-06-06,122,Lâm Đồng,Viet Nam,11.9404,108.4419,24.3,16.8,20.2,0.7,87,20.5,35,84
2026-06-06,861,Lạng Sơn,Viet Nam,21.8519,106.7614,32.8,25.6,28.9,0.4,78,16.9,56,84
2026-06-06,833,Bến Tre,Viet Nam,10.2424,106.3752,33.1,26.0,28.9,3.0,83,16.6,75,95
2026-06-06,797,Gia Lai,Viet Nam,13.9833,108.0,27.8,21.9,23.9,7.9,90,23.5,29,92
2026-06-06,463,Hậu Giang,Viet Nam,9.7845,105.4735,32.8,25.7,28.5,4.0,85,14.7,65,91
2026-06-06,327,Bà Rịa – Vũng Tàu,Viet Nam,10.4114,107.1362,31.2,28.1,29.2,2.3,80,18.1,34,92
2026-06-06,495,Nghệ An,Viet Nam,18.6667,105.6667,35.7,28.5,31.8,1.5,67,15.2,36,87
2026-06-06,196,Đắk Lắk,Viet Nam,12.6667,108.05,31.9,23.5,27.0,2.9,81,17.5,37,66
2026-06-06,249,Phú Yên,Viet Nam,13.0883,109.3045,35.3,28.2,31.1,0.2,67,16.5,61,82
2026-06-07,696,Hà Nam,Viet Nam,20.5463,105.9142,35.6,28.5,31.8,0.2,66,16.2,48,94
2026-06-07,133,Bình Định,Viet Nam,13.782,109.2194,39.0,28.6,33.6,0.0,51,22.1,46,89
2026-06-07,196,Đắk Lắk,Viet Nam,12.6667,108.05,31.9,22.9,26.6,13.4,81,15.3,31,92
2026-06-07,122,Lâm Đồng,Viet Nam,11.9404,108.4419,24.7,17.2,20.5,0.4,83,20.4,31,98
2026-06-07,813,Đồng Tháp,Viet Nam,10.4552,105.6323,33.4,26.4,29.2,1.2,78,20.0,80,97
2026-06-07,861,Lạng Sơn,Viet Nam,21.8519,106.7614,33.8,27.2,29.9,1.4,69,18.0,47,80
2026-06-07,132,Đắk Nông,Viet Nam,12.0,107.7,29.4,22.0,24.9,4.2,84,22.0,40,98
2026-06-07,767,Kiên Giang,Viet Nam,10.0122,105.0809,32.7,26.4,29.2,3.7,79,22.0,69,97
2026-06-07,108,Lào Cai,Viet Nam,22.4856,103.9707,34.8,28.9,31.6,0.1,68,9.9,22,74
2026-06-07,463,Hậu Giang,Viet Nam,9.7845,105.4735,32.6,26.0,29.1,2.1,80,14.2,69,95
2026-06-07,784,Bình Thuận,Viet Nam,10.9333,108.1,33.8,26.6,29.7,1.0,75,24.2,39,96
2026-06-07,347,Bình Phước,Viet Nam,11.7516,106.8778,32.2,25.0,27.5,9.1,87,19.9,63,96
2026-06-07,416,Ninh Bình,Viet Nam,20.2506,105.9744,36.7,29.7,33.0,0.2,58,18.6,48,90
2026-06-07,960,Lai Châu,Viet Nam,22.3959,103.4621,28.2,22.0,24.1,6.6,88,6.4,22,82
2026-06-07,511,Hòa Bình,Viet Nam,20.8171,105.3375,36.7,29.2,32.4,0.3,69,13.1,30,86
2026-06-07,365,Cà Mau,Viet Nam,9.1769,105.1501,33.3,26.7,29.5,1.3,78,16.2,37,85
2026-06-07,255,Long An,Viet Nam,10.5332,105.4053,33.2,26.4,29.1,0.5,79,21.2,80,98
2026-06-07,707,Bắc Ninh,Viet Nam,21.1861,106.0763,35.3,28.9,32.0,0.0,67,15.4,66,80
2026-06-07,620,Cần Thơ,Viet Nam,10.0451,105.7462,33.3,26.1,29.1,3.0,80,15.6,80,95
2026-06-07,237,Hải Phòng,Viet Nam,20.8449,106.6881,36.7,29.7,32.6,0.9,63,16.9,44,97
2026-06-07,833,Bến Tre,Viet Nam,10.2424,106.3752,33.9,26.3,29.4,1.4,79,16.2,80,94
2026-06-07,278,Đồng Nai,Viet Nam,10.9575,106.8427,33.8,26.7,29.3,3.0,80,14.5,75,97
2026-06-07,226,Kon Tum,Viet Nam,14.35,108.0,31.4,23.4,26.7,2.3,77,20.3,20,94
2026-06-07,797,Gia Lai,Viet Nam,13.9833,108.0,27.8,21.3,23.8,5.4,90,20.2,22,93
2026-06-07,168,An Giang,Viet Nam,10.5185,105.1152,33.1,26.6,28.8,2.0,81,22.7,69,97
2026-06-07,811,Điện Biên,Viet Nam,21.3833,103.0167,31.1,23.8,26.6,9.5,85,11.5,26,87
2026-06-07,385,Hà Giang,Viet Nam,22.8233,104.9836,34.2,26.7,29.9,2.2,79,8.2,30,79
2026-06-07,249,Phú Yên,Viet Nam,13.0883,109.3045,37.1,27.8,31.7,0.0,60,24.0,57,92
2026-06-07,951,Bình Dương,Viet Nam,11.0531,106.6661,34.0,26.1,29.1,0.3,79,23.5,71,97
2026-06-07,849,Bắc Giang,Viet Nam,21.2731,106.1946,35.5,29.0,32.1,0.1,67,14.8,66,83
2026-06-07,495,Nghệ An,Viet Nam,18.6667,105.6667,36.7,30.3,33.2,0.0,54,19.8,37,95
2026-06-07,590,Đà Nẵng,Viet Nam,16.0471,108.2068,40.2,31.0,34.4,0.0,50,20.4,49,92
2026-06-07,669,Hưng Yên,Viet Nam,20.6465,106.0511,35.1,28.8,31.9,0.0,65,18.8,63,94
2026-06-07,496,Bạc Liêu,Viet Nam,9.2941,105.7242,32.7,26.9,29.4,4.1,78,16.4,33,83
2026-06-07,252,Phú Thọ,Viet Nam,21.3235,105.4011,37.9,30.9,34.0,0.1,59,17.8,66,82
2026-06-07,215,Hải Dương,Viet Nam,20.9391,106.3146,36.1,29.5,32.6,0.0,62,17.4,50,95
2026-06-07,123,Quảng Trị,Viet Nam,16.75,107.1833,37.1,29.4,33.1,0.3,53,26.7,21,89
2026-06-07,193,Bắc Kạn,Viet Nam,22.147,105.8326,34.8,28.4,31.6,1.8,70,11.6,59,78
2026-06-07,910,Cao Bằng,Viet Nam,22.6661,106.2635,34.9,27.4,30.7,1.1,75,13.7,45,80
2026-06-07,645,Hà Tĩnh,Viet Nam,18.3421,105.9038,35.8,29.9,32.4,0.0,56,27.8,27,93
2026-06-07,981,Quảng Bình,Viet Nam,17.4731,106.5962,34.9,29.2,31.8,0.0,60,27.0,25,98
2026-06-07,208,Ninh Thuận,Viet Nam,11.5647,108.9892,34.9,27.4,30.8,0.7,71,28.4,34,97
2026-06-07,327,Bà Rịa – Vũng Tàu,Viet Nam,10.4114,107.1362,31.0,27.9,29.6,0.3,79,24.5,40,94
2026-06-07,701,Hà Nội,Viet Nam,21.0285,105.8542,35.3,29.1,32.0,0.0,70,13.0,66,83
2026-06-07,684,Khánh Hòa,Viet Nam,12.2467,109.1833,32.5,26.7,29.6,1.3,84,12.2,65,97
2026-06-07,160,Nam Định,Viet Nam,20.4231,106.1681,36.7,29.9,33.0,0.1,58,19.1,48,94
2026-06-07,547,Sóc Trăng,Viet Nam,9.6019,105.9731,32.9,26.3,29.2,1.2,78,20.1,71,88
2026-06-07,146,Tiền Giang,Viet Nam,10.3606,106.3636,33.6,26.4,29.5,1.0,80,17.7,80,95
2026-06-07,503,Sơn La,Viet Nam,21.3262,103.9149,30.2,23.2,26.4,4.3,84,9.1,23,91
2026-06-07,456,Vĩnh Phúc,Viet Nam,21.3089,105.6047,37.9,30.4,33.7,0.1,56,16.7,66,79
2026-06-07,454,Thanh Hóa,Viet Nam,19.8075,105.7764,39.1,30.5,34.6,1.8,49,22.9,34,90
2026-06-07,734,Yên Bái,Viet Nam,21.7051,104.8751,36.0,27.4,31.3,0.9,75,8.4,48,83
2026-06-07,201,Trường Sa,Viet Nam,10.66936,115.833324,30.6,29.4,30.0,0.0,76,18.1,22,86
2026-06-07,915,Tây Ninh,Viet Nam,11.3125,106.1006,34.1,26.1,28.6,2.9,83,25.4,64,96
2026-06-07,729,Phú Quốc,Viet Nam,10.279526,104.003538,30.2,25.2,27.6,10.7,87,15.0,39,98
2026-06-07,872,Thái Bình,Viet Nam,20.4463,106.3364,37.2,30.3,33.4,0.0,56,20.1,44,95
2026-06-07,326,Thừa Thiên Huế,Viet Nam,16.4633,107.5847,37.4,30.3,34.1,0.1,50,17.7,48,85
2026-06-07,920,Vĩnh Long,Viet Nam,10.2536,105.9723,33.4,26.2,29.4,2.4,78,17.6,84,95
2026-06-07,275,Tuyên Quang,Viet Nam,21.8159,105.2132,35.2,27.8,31.4,0.2,68,11.7,49,75
2026-06-07,521,TP. Hồ Chí Minh,Viet Nam,10.8231,106.6297,34.4,26.5,29.7,0.7,77,13.8,75,96
2026-06-07,587,Trà Vinh,Viet Nam,9.9342,106.3339,33.2,26.2,29.2,3.0,80,18.5,77,91
2026-06-07,288,Hoàng Sa,Viet Nam,16.641233,112.742024,30.7,30.1,30.4,1.1,84,39.0,38,98
2026-06-07,110,Thái Nguyên,Viet Nam,21.5939,105.8481,36.6,29.2,32.4,0.2,66,16.3,65,81
2026-06-08,326,Thừa Thiên Huế,Viet Nam,16.4633,107.5847,37.6,30.2,33.7,0.1,51,14.0,47,98
2026-06-08,587,Trà Vinh,Viet Nam,9.9342,106.3339,32.4,26.5,28.7,4.0,82,20.1,69,94
2026-06-08,503,Sơn La,Viet Nam,21.3262,103.9149,30.7,21.4,25.5,30.0,89,16.1,26,98
2026-06-08,521,TP. Hồ Chí Minh,Viet Nam,10.8231,106.6297,33.6,24.9,28.5,10.0,83,19.1,71,90
2026-06-08,454,Thanh Hóa,Viet Nam,19.8075,105.7764,39.6,23.2,30.6,13.7,72,23.1,36,96
2026-06-08,201,Trường Sa,Viet Nam,10.66936,115.833324,30.6,29.6,30.0,0.0,76,25.3,21,87
2026-06-08,146,Tiền Giang,Viet Nam,10.3606,106.3636,32.9,25.8,28.8,5.1,82,21.0,69,91
2026-06-08,547,Sóc Trăng,Viet Nam,9.6019,105.9731,32.1,26.5,28.7,4.5,82,21.0,68,93
2026-06-08,920,Vĩnh Long,Viet Nam,10.2536,105.9723,32.3,26.1,28.9,3.7,81,22.3,68,90
2026-06-08,872,Thái Bình,Viet Nam,20.4463,106.3364,37.2,23.7,30.0,46.8,71,20.7,48,95
2026-06-08,729,Phú Quốc,Viet Nam,10.279526,104.003538,31.2,24.9,27.7,11.8,86,19.8,27,95
2026-06-08,288,Hoàng Sa,Viet Nam,16.641233,112.742024,30.6,30.1,30.4,0.1,85,46.1,43,98
2026-06-08,110,Thái Nguyên,Viet Nam,21.5939,105.8481,35.7,23.3,29.4,6.2,73,15.3,58,92
2026-06-08,275,Tuyên Quang,Viet Nam,21.8159,105.2132,33.6,21.9,28.0,14.8,81,18.9,41,94
2026-06-08,915,Tây Ninh,Viet Nam,11.3125,106.1006,33.4,25.1,28.4,11.9,84,19.5,61,92
2026-06-08,456,Vĩnh Phúc,Viet Nam,21.3089,105.6047,37.0,24.4,29.6,31.7,74,13.8,54,94
2026-06-08,734,Yên Bái,Viet Nam,21.7051,104.8751,34.6,24.1,28.2,29.0,86,14.3,37,98
2026-06-08,133,Bình Định,Viet Nam,13.782,109.2194,38.4,29.3,33.3,0.0,52,28.1,29,96
2026-06-08,696,Hà Nam,Viet Nam,20.5463,105.9142,36.3,23.1,28.6,64.1,79,21.5,56,91
2026-06-08,960,Lai Châu,Viet Nam,22.3959,103.4621,27.1,21.0,23.3,41.4,94,4.6,23,99
2026-06-08,463,Hậu Giang,Viet Nam,9.7845,105.4735,31.4,25.5,28.6,6.0,81,21.2,65,94
2026-06-08,226,Kon Tum,Viet Nam,14.35,108.0,30.5,23.5,26.7,1.7,75,20.7,18,98
2026-06-08,237,Hải Phòng,Viet Nam,20.8449,106.6881,36.2,24.4,29.5,15.7,73,18.3,42,95
2026-06-08,416,Ninh Bình,Viet Nam,20.2506,105.9744,37.4,23.6,29.6,70.3,75,21.7,56,94
2026-06-08,811,Điện Biên,Viet Nam,21.3833,103.0167,30.1,24.1,26.2,22.3,90,11.8,22,99
2026-06-08,590,Đà Nẵng,Viet Nam,16.0471,108.2068,39.2,31.5,34.3,0.0,48,21.3,37,96
2026-06-08,981,Quảng Bình,Viet Nam,17.4731,106.5962,35.9,26.3,31.5,4.3,64,24.7,34,98
2026-06-08,132,Đắk Nông,Viet Nam,12.0,107.7,29.0,21.3,24.2,7.5,89,23.6,30,88
2026-06-08,767,Kiên Giang,Viet Nam,10.0122,105.0809,31.5,25.3,29.3,8.2,76,26.9,61,92
2026-06-08,684,Khánh Hòa,Viet Nam,12.2467,109.1833,32.7,26.9,29.7,1.3,81,12.8,65,71
2026-06-08,784,Bình Thuận,Viet Nam,10.9333,108.1,34.3,26.1,28.9,2.5,78,29.3,48,66
2026-06-08,108,Lào Cai,Viet Nam,22.4856,103.9707,33.2,24.5,28.2,16.8,86,9.3,25,98
2026-06-08,645,Hà Tĩnh,Viet Nam,18.3421,105.9038,36.8,26.0,31.6,13.3,65,26.4,33,97
2026-06-08,797,Gia Lai,Viet Nam,13.9833,108.0,26.2,21.2,23.5,5.6,90,22.2,20,98
2026-06-08,196,Đắk Lắk,Viet Nam,12.6667,108.05,31.2,23.5,26.8,3.0,80,17.5,25,86
2026-06-08,813,Đồng Tháp,Viet Nam,10.4552,105.6323,31.4,25.6,28.8,7.9,81,24.3,69,90
2026-06-08,669,Hưng Yên,Viet Nam,20.6465,106.0511,35.7,23.8,29.0,24.8,77,23.4,62,92
2026-06-08,160,Nam Định,Viet Nam,20.4231,106.1681,37.1,23.7,29.6,56.5,74,21.7,56,95
2026-06-08,951,Bình Dương,Viet Nam,11.0531,106.6661,33.3,25.2,28.0,10.4,86,18.5,66,87
2026-06-08,701,Hà Nội,Viet Nam,21.0285,105.8542,35.7,24.0,29.0,9.5,74,22.5,60,93
2026-06-08,910,Cao Bằng,Viet Nam,22.6661,106.2635,32.5,22.8,27.8,0.9,62,16.8,36,86
2026-06-08,496,Bạc Liêu,Viet Nam,9.2941,105.7242,32.6,27.0,29.1,4.0,81,19.9,36,93
2026-06-08,193,Bắc Kạn,Viet Nam,22.147,105.8326,33.2,22.6,27.5,15.3,78,14.6,44,96
2026-06-08,123,Quảng Trị,Viet Nam,16.75,107.1833,36.1,28.4,32.2,0.0,57,26.3,29,98
2026-06-08,215,Hải Dương,Viet Nam,20.9391,106.3146,35.9,23.5,29.1,11.1,73,23.4,51,92
2026-06-08,849,Bắc Giang,Viet Nam,21.2731,106.1946,35.0,24.5,29.3,2.1,69,22.2,60,94
2026-06-08,511,Hòa Bình,Viet Nam,20.8171,105.3375,36.8,24.2,29.0,44.3,82,19.5,28,93
2026-06-08,252,Phú Thọ,Viet Nam,21.3235,105.4011,36.3,24.3,29.8,38.1,77,15.7,54,93
2026-06-08,385,Hà Giang,Viet Nam,22.8233,104.9836,32.4,23.9,28.2,11.2,79,10.3,33,85
2026-06-08,327,Bà Rịa – Vũng Tàu,Viet Nam,10.4114,107.1362,32.0,27.5,29.1,4.5,79,19.1,48,87
2026-06-08,861,Lạng Sơn,Viet Nam,21.8519,106.7614,32.8,21.6,26.0,10.7,70,20.7,34,95
2026-06-08,122,Lâm Đồng,Viet Nam,11.9404,108.4419,24.8,17.6,20.2,2.5,88,23.1,26,82
2026-06-08,278,Đồng Nai,Viet Nam,10.9575,106.8427,33.1,25.2,28.0,8.8,86,15.2,71,89
2026-06-08,620,Cần Thơ,Viet Nam,10.0451,105.7462,32.0,26.0,28.8,4.4,81,20.5,68,91
2026-06-08,833,Bến Tre,Viet Nam,10.2424,106.3752,32.8,26.2,28.8,2.8,82,20.0,69,92
2026-06-08,249,Phú Yên,Viet Nam,13.0883,109.3045,36.2,26.3,31.6,1.5,61,28.2,35,85
2026-06-08,707,Bắc Ninh,Viet Nam,21.1861,106.0763,35.3,24.1,29.3,5.7,70,21.7,60,95
2026-06-08,255,Long An,Viet Nam,10.5332,105.4053,31.6,25.3,28.9,7.7,80,24.2,69,90
2026-06-08,168,An Giang,Viet Nam,10.5185,105.1152,31.9,25.3,28.8,6.4,80,24.1,62,91
2026-06-08,365,Cà Mau,Viet Nam,9.1769,105.1501,31.8,27.1,29.0,2.5,80,22.6,38,94
2026-06-08,495,Nghệ An,Viet Nam,18.6667,105.6667,37.8,25.6,31.9,10.1,64,23.9,33,95
2026-06-08,208,Ninh Thuận,Viet Nam,11.5647,108.9892,36.9,27.8,31.0,0.4,68,30.7,33,64
2026-06-08,347,Bình Phước,Viet Nam,11.7516,106.8778,32.2,24.0,26.8,17.4,90,15.4,54,92
2026-06-09,215,Hải Dương,Viet Nam,20.9391,106.3146,28.3,24.7,26.4,0.0,75,13.4,65,89
2026-06-09,645,Hà Tĩnh,Viet Nam,18.3421,105.9038,29.3,24.4,27.4,35.0,79,19.3,54,100
2026-06-09,160,Nam Định,Viet Nam,20.4231,106.1681,28.4,24.7,25.9,7.4,81,13.7,70,91
2026-06-09,981,Quảng Bình,Viet Nam,17.4731,106.5962,30.5,24.1,27.0,11.8,89,11.9,35,95
2026-06-09,910,Cao Bằng,Viet Nam,22.6661,106.2635,28.8,23.1,25.6,0.8,68,11.8,31,95
2026-06-09,495,Nghệ An,Viet Nam,18.6667,105.6667,31.1,24.5,27.9,5.2,72,14.5,57,99
2026-06-09,861,Lạng Sơn,Viet Nam,21.8519,106.7614,27.1,22.4,24.3,0.1,67,17.6,34,98
2026-06-09,496,Bạc Liêu,Viet Nam,9.2941,105.7242,31.9,26.6,28.3,6.9,83,17.4,31,96
2026-06-09,278,Đồng Nai,Viet Nam,10.9575,106.8427,32.9,25.5,28.4,5.2,85,14.8,77,96
2026-06-09,122,Lâm Đồng,Viet Nam,11.9404,108.4419,24.5,16.3,20.0,2.0,88,18.8,21,96
2026-06-09,249,Phú Yên,Viet Nam,13.0883,109.3045,36.7,27.8,31.3,0.1,61,26.3,36,97
2026-06-09,701,Hà Nội,Viet Nam,21.0285,105.8542,28.1,24.5,25.9,1.0,76,16.3,64,88
2026-06-09,669,Hưng Yên,Viet Nam,20.6465,106.0511,28.5,24.6,25.8,10.7,80,14.1,71,93
2026-06-09,416,Ninh Bình,Viet Nam,20.2506,105.9744,28.5,24.3,25.8,5.1,79,16.6,70,92
2026-06-09,132,Đắk Nông,Viet Nam,12.0,107.7,29.4,21.4,24.0,7.2,89,18.5,24,96
2026-06-09,849,Bắc Giang,Viet Nam,21.2731,106.1946,28.4,23.9,25.7,1.7,79,13.8,64,91
2026-06-09,590,Đà Nẵng,Viet Nam,16.0471,108.2068,37.0,27.7,31.4,0.4,67,12.6,42,96
2026-06-09,168,An Giang,Viet Nam,10.5185,105.1152,31.4,26.2,28.1,9.1,85,17.2,51,99
2026-06-09,385,Hà Giang,Viet Nam,22.8233,104.9836,28.7,23.7,25.7,0.0,72,7.8,31,99
2026-06-09,620,Cần Thơ,Viet Nam,10.0451,105.7462,32.2,26.2,28.6,1.4,80,16.6,64,97
2026-06-09,463,Hậu Giang,Viet Nam,9.7845,105.4735,31.8,25.9,28.3,0.8,81,16.4,61,98
2026-06-09,252,Phú Thọ,Viet Nam,21.3235,105.4011,27.6,23.9,25.6,4.3,81,14.3,63,98
2026-06-09,960,Lai Châu,Viet Nam,22.3959,103.4621,25.1,20.2,21.9,16.1,93,5.4,28,100
2026-06-09,123,Quảng Trị,Viet Nam,16.75,107.1833,33.4,26.1,29.4,2.0,76,24.9,35,95
2026-06-09,327,Bà Rịa – Vũng Tàu,Viet Nam,10.4114,107.1362,32.1,26.0,28.9,10.7,80,21.8,53,95
2026-06-09,811,Điện Biên,Viet Nam,21.3833,103.0167,27.4,22.2,24.9,19.7,93,5.9,23,99
2026-06-09,511,Hòa Bình,Viet Nam,20.8171,105.3375,27.4,24.5,25.4,4.3,81,9.6,36,99
2026-06-09,833,Bến Tre,Viet Nam,10.2424,106.3752,32.7,25.6,28.3,7.8,84,17.3,69,97
2026-06-09,347,Bình Phước,Viet Nam,11.7516,106.8778,31.9,24.9,26.6,18.5,93,13.5,62,97
2026-06-09,226,Kon Tum,Viet Nam,14.35,108.0,30.6,23.5,26.3,0.6,79,15.7,17,99
2026-06-09,951,Bình Dương,Viet Nam,11.0531,106.6661,33.2,25.1,28.2,4.3,86,17.5,71,95
2026-06-09,365,Cà Mau,Viet Nam,9.1769,105.1501,31.4,26.0,28.2,3.4,83,17.4,30,98
2026-06-09,193,Bắc Kạn,Viet Nam,22.147,105.8326,27.2,22.4,24.5,3.7,84,11.3,34,90
2026-06-09,767,Kiên Giang,Viet Nam,10.0122,105.0809,31.0,26.4,28.4,1.8,81,25.1,43,97
2026-06-09,684,Khánh Hòa,Viet Nam,12.2467,109.1833,33.0,26.4,29.4,2.3,82,12.2,64,90
2026-06-09,784,Bình Thuận,Viet Nam,10.9333,108.1,34.2,26.3,29.1,6.3,76,24.2,48,97
2026-06-09,108,Lào Cai,Viet Nam,22.4856,103.9707,26.2,23.4,24.2,25.0,89,8.2,31,98
2026-06-09,696,Hà Nam,Viet Nam,20.5463,105.9142,28.3,24.0,25.2,12.9,80,16.0,70,91
2026-06-09,237,Hải Phòng,Viet Nam,20.8449,106.6881,28.9,24.6,26.3,0.2,74,14.6,54,95
2026-06-09,196,Đắk Lắk,Viet Nam,12.6667,108.05,31.8,23.2,25.9,9.2,85,14.1,22,99
2026-06-09,707,Bắc Ninh,Viet Nam,21.1861,106.0763,27.7,24.3,25.9,0.9,76,15.2,64,87
2026-06-09,813,Đồng Tháp,Viet Nam,10.4552,105.6323,31.9,26.2,28.3,7.9,84,19.8,66,97
2026-06-09,133,Bình Định,Viet Nam,13.782,109.2194,36.2,28.8,32.3,0.0,55,23.2,33,97
2026-06-09,255,Long An,Viet Nam,10.5332,105.4053,32.1,26.5,28.2,10.9,84,20.8,66,98
2026-06-09,797,Gia Lai,Viet Nam,13.9833,108.0,27.1,20.8,23.4,1.8,90,21.1,17,99
2026-06-09,208,Ninh Thuận,Viet Nam,11.5647,108.9892,35.4,27.3,30.9,0.7,73,24.9,29,95
2026-06-09,587,Trà Vinh,Viet Nam,9.9342,106.3339,32.3,26.6,28.7,2.0,79,17.9,68,98
2026-06-09,872,Thái Bình,Viet Nam,20.4463,106.3364,28.5,24.8,26.0,3.4,79,17.6,67,91
2026-06-09,920,Vĩnh Long,Viet Nam,10.2536,105.9723,32.3,26.4,28.8,0.8,80,18.1,67,97
2026-06-09,275,Tuyên Quang,Viet Nam,21.8159,105.2132,26.1,22.5,24.0,10.7,85,12.4,36,98
2026-06-09,326,Thừa Thiên Huế,Viet Nam,16.4633,107.5847,36.4,26.1,30.7,2.8,70,13.8,45,97
2026-06-09,454,Thanh Hóa,Viet Nam,19.8075,105.7764,28.5,24.5,26.6,3.6,74,16.8,52,97
2026-06-09,503,Sơn La,Viet Nam,21.3262,103.9149,24.7,19.5,21.4,11.7,90,20.5,30,97
2026-06-09,521,TP. Hồ Chí Minh,Viet Nam,10.8231,106.6297,33.4,25.1,28.4,6.6,84,13.5,77,97
2026-06-09,915,Tây Ninh,Viet Nam,11.3125,106.1006,33.1,26.1,28.3,7.2,86,15.3,63,97
2026-06-09,456,Vĩnh Phúc,Viet Nam,21.3089,105.6047,27.5,23.8,25.3,5.2,83,6.7,63,97
2026-06-09,729,Phú Quốc,Viet Nam,10.279526,104.003538,29.1,24.5,26.9,11.6,89,18.7,22,99
2026-06-09,146,Tiền Giang,Viet Nam,10.3606,106.3636,32.8,24.9,28.2,12.1,84,18.0,69,97
2026-06-09,547,Sóc Trăng,Viet Nam,9.6019,105.9731,32.3,26.4,28.7,1.8,80,17.2,65,96
2026-06-09,734,Yên Bái,Viet Nam,21.7051,104.8751,26.6,23.1,24.5,8.6,90,6.5,39,99
2026-06-09,201,Trường Sa,Viet Nam,10.66936,115.833324,30.5,28.3,29.9,4.1,76,26.2,22,74
2026-06-09,110,Thái Nguyên,Viet Nam,21.5939,105.8481,27.0,23.6,24.9,18.7,85,12.5,55,96
2026-06-09,288,Hoàng Sa,Viet Nam,16.641233,112.742024,30.9,27.4,30.1,6.1,81,39.2,43,96
2026-06-10,456,Vĩnh Phúc,Viet Nam,21.3089,105.6047,30.7,24.8,27.6,0.0,68,7.2,68,98
2026-06-10,201,Trường Sa,Viet Nam,10.66936,115.833324,30.5,27.8,29.6,2.1,75,22.1,23,88
2026-06-10,547,Sóc Trăng,Viet Nam,9.6019,105.9731,32.0,23.8,28.1,16.7,82,16.3,67,99
2026-06-10,920,Vĩnh Long,Viet Nam,10.2536,105.9723,30.7,24.5,27.9,12.5,84,15.0,73,99
2026-06-10,729,Phú Quốc,Viet Nam,10.279526,104.003538,30.3,23.2,26.6,11.9,89,14.1,24,99
2026-06-10,503,Sơn La,Viet Nam,21.3262,103.9149,26.9,20.5,23.7,3.3,80,17.6,37,95
2026-06-10,734,Yên Bái,Viet Nam,21.7051,104.8751,31.0,24.0,27.0,0.0,75,6.4,57,98
2026-06-10,454,Thanh Hóa,Viet Nam,19.8075,105.7764,31.7,24.9,28.0,26.3,74,11.1,61,96
2026-06-10,275,Tuyên Quang,Viet Nam,21.8159,105.2132,30.2,24.3,26.7,1.1,78,5.3,47,97
2026-06-10,288,Hoàng Sa,Viet Nam,16.641233,112.742024,29.7,27.5,29.1,10.0,81,22.5,36,85
2026-06-10,872,Thái Bình,Viet Nam,20.4463,106.3364,30.9,25.0,27.6,0.0,72,11.8,79,98
2026-06-10,146,Tiền Giang,Viet Nam,10.3606,106.3636,31.4,24.9,28.0,8.1,85,19.7,74,100
2026-06-10,915,Tây Ninh,Viet Nam,11.3125,106.1006,31.8,23.9,27.5,17.1,89,11.5,69,99
2026-06-10,110,Thái Nguyên,Viet Nam,21.5939,105.8481,30.2,23.8,27.2,0.1,75,13.5,72,95
2026-06-10,521,TP. Hồ Chí Minh,Viet Nam,10.8231,106.6297,32.0,23.8,28.2,16.7,84,12.0,88,99
2026-06-10,326,Thừa Thiên Huế,Viet Nam,16.4633,107.5847,32.6,25.6,27.3,22.7,89,11.2,39,96
2026-06-10,587,Trà Vinh,Viet Nam,9.9342,106.3339,31.2,24.4,27.9,5.4,84,17.1,71,100
2026-06-10,833,Bến Tre,Viet Nam,10.2424,106.3752,31.6,24.6,27.9,9.0,86,18.4,74,99
2026-06-10,701,Hà Nội,Viet Nam,21.0285,105.8542,30.4,24.5,27.3,0.0,74,9.5,74,96
2026-06-10,797,Gia Lai,Viet Nam,13.9833,108.0,27.8,20.9,23.9,1.0,86,17.0,19,99
2026-06-10,684,Khánh Hòa,Viet Nam,12.2467,109.1833,32.0,27.4,29.6,0.0,78,13.5,63,98
2026-06-10,160,Nam Định,Viet Nam,20.4231,106.1681,30.8,24.9,27.7,0.0,74,11.5,77,98
2026-06-10,861,Lạng Sơn,Viet Nam,21.8519,106.7614,29.4,21.9,25.5,0.0,69,12.3,40,91
2026-06-10,226,Kon Tum,Viet Nam,14.35,108.0,29.5,22.9,26.1,5.5,77,11.5,17,97
2026-06-10,910,Cao Bằng,Viet Nam,22.6661,106.2635,31.9,23.4,27.4,0.0,63,10.2,35,71
2026-06-10,133,Bình Định,Viet Nam,13.782,109.2194,37.6,27.4,30.5,3.4,70,21.1,41,85
2026-06-10,347,Bình Phước,Viet Nam,11.7516,106.8778,31.6,23.4,26.1,7.5,93,22.8,63,96
2026-06-10,511,Hòa Bình,Viet Nam,20.8171,105.3375,29.7,24.8,27.2,0.0,79,6.9,50,100
2026-06-10,208,Ninh Thuận,Viet Nam,11.5647,108.9892,34.0,27.1,30.3,1.1,76,12.1,34,97
2026-06-10,496,Bạc Liêu,Viet Nam,9.2941,105.7242,31.7,24.4,28.2,15.4,82,19.7,26,99
2026-06-10,696,Hà Nam,Viet Nam,20.5463,105.9142,29.9,24.1,27.0,0.0,74,10.6,77,96
2026-06-10,849,Bắc Giang,Viet Nam,21.2731,106.1946,31.6,24.2,27.7,0.0,72,9.9,74,95
2026-06-10,122,Lâm Đồng,Viet Nam,11.9404,108.4419,25.3,17.0,20.1,2.8,85,10.8,23,99
2026-06-10,249,Phú Yên,Viet Nam,13.0883,109.3045,37.5,27.2,30.6,0.1,69,19.7,49,86
2026-06-10,416,Ninh Bình,Viet Nam,20.2506,105.9744,30.8,25.1,27.8,0.0,73,12.1,77,97
2026-06-10,327,Bà Rịa – Vũng Tàu,Viet Nam,10.4114,107.1362,32.1,25.2,28.5,8.1,81,14.1,43,99
2026-06-10,811,Điện Biên,Viet Nam,21.3833,103.0167,29.9,22.6,25.6,12.8,83,10.6,31,89
2026-06-10,813,Đồng Tháp,Viet Nam,10.4552,105.6323,31.1,24.6,28.1,4.7,82,16.3,71,99
2026-06-10,215,Hải Dương,Viet Nam,20.9391,106.3146,30.9,24.5,27.6,0.0,72,10.7,83,94
2026-06-10,237,Hải Phòng,Viet Nam,20.8449,106.6881,31.8,24.7,27.8,0.0,72,10.9,69,99
2026-06-10,620,Cần Thơ,Viet Nam,10.0451,105.7462,30.9,24.2,27.9,8.7,85,16.0,70,99
2026-06-10,707,Bắc Ninh,Viet Nam,21.1861,106.0763,31.0,24.4,27.5,0.0,72,10.8,74,95
2026-06-10,385,Hà Giang,Viet Nam,22.8233,104.9836,30.7,24.1,27.1,1.4,67,7.0,38,88
2026-06-10,645,Hà Tĩnh,Viet Nam,18.3421,105.9038,29.7,24.9,26.6,20.0,86,15.0,62,100
2026-06-10,767,Kiên Giang,Viet Nam,10.0122,105.0809,30.5,25.0,28.0,13.6,83,17.5,56,100
2026-06-10,278,Đồng Nai,Viet Nam,10.9575,106.8427,31.3,24.1,27.9,18.6,87,19.6,88,99
2026-06-10,193,Bắc Kạn,Viet Nam,22.147,105.8326,31.6,23.9,27.5,0.0,69,8.2,51,78
2026-06-10,463,Hậu Giang,Viet Nam,9.7845,105.4735,31.6,24.1,28.0,4.8,82,13.7,62,99
2026-06-10,196,Đắk Lắk,Viet Nam,12.6667,108.05,29.9,22.5,25.5,5.4,88,11.3,25,89
2026-06-10,495,Nghệ An,Viet Nam,18.6667,105.6667,30.4,24.7,26.9,19.9,82,12.5,72,99
2026-06-10,951,Bình Dương,Viet Nam,11.0531,106.6661,31.6,24.4,27.6,13.6,88,14.9,79,99
2026-06-10,168,An Giang,Viet Nam,10.5185,105.1152,31.3,24.6,28.2,5.2,81,16.9,61,98
2026-06-10,365,Cà Mau,Viet Nam,9.1769,105.1501,31.9,24.3,27.8,22.3,83,24.4,26,99
2026-06-10,784,Bình Thuận,Viet Nam,10.9333,108.1,34.2,26.4,29.1,0.7,78,20.6,61,97
2026-06-10,108,Lào Cai,Viet Nam,22.4856,103.9707,28.3,23.9,26.4,0.3,72,4.9,38,98
2026-06-10,590,Đà Nẵng,Viet Nam,16.0471,108.2068,32.0,26.6,28.5,9.3,79,12.4,42,92
2026-06-10,132,Đắk Nông,Viet Nam,12.0,107.7,29.1,21.3,24.4,2.7,88,13.2,24,95
2026-06-10,960,Lai Châu,Viet Nam,22.3959,103.4621,24.7,20.3,22.0,6.7,88,4.5,31,97
2026-06-10,252,Phú Thọ,Viet Nam,21.3235,105.4011,31.1,25.5,28.2,0.0,72,7.0,68,98
2026-06-10,669,Hưng Yên,Viet Nam,20.6465,106.0511,30.5,25.1,27.6,0.0,75,11.5,80,97
2026-06-10,255,Long An,Viet Nam,10.5332,105.4053,31.1,24.8,28.2,3.7,81,16.9,71,98
2026-06-10,981,Quảng Bình,Viet Nam,17.4731,106.5962,29.2,24.7,27.0,23.2,88,11.4,35,97
2026-06-10,123,Quảng Trị,Viet Nam,16.75,107.1833,32.5,25.4,27.4,13.4,86,15.4,32,98
2026-06-11,511,Hòa Bình,Viet Nam,20.8171,105.3375,29.0,24.8,26.7,2.3,88,7.0,67,86
2026-06-11,833,Bến Tre,Viet Nam,10.2424,106.3752,34.5,25.7,28.4,3.1,83,16.3,74,97
2026-06-11,133,Bình Định,Viet Nam,13.782,109.2194,35.2,25.7,29.3,5.2,77,18.5,44,75
2026-06-11,951,Bình Dương,Viet Nam,11.0531,106.6661,32.9,24.5,27.6,9.4,86,14.9,74,91
2026-06-11,347,Bình Phước,Viet Nam,11.7516,106.8778,32.2,23.8,26.9,10.0,86,17.8,65,95
2026-06-11,168,An Giang,Viet Nam,10.5185,105.1152,33.3,25.2,27.8,4.6,86,13.9,55,92
2026-06-11,327,Bà Rịa – Vũng Tàu,Viet Nam,10.4114,107.1362,32.0,26.0,27.9,11.4,84,18.2,40,98
2026-06-11,849,Bắc Giang,Viet Nam,21.2731,106.1946,31.0,25.4,28.1,0.7,78,8.9,116,88
2026-06-11,193,Bắc Kạn,Viet Nam,22.147,105.8326,31.4,24.7,27.3,2.1,82,5.1,79,95
2026-06-11,496,Bạc Liêu,Viet Nam,9.2941,105.7242,32.0,26.2,27.9,9.2,85,12.4,26,99
2026-06-11,707,Bắc Ninh,Viet Nam,21.1861,106.0763,30.7,25.4,27.9,0.4,79,6.2,116,92
2026-06-11,784,Bình Thuận,Viet Nam,10.9333,108.1,33.8,25.0,28.1,5.5,82,16.8,49,97
2026-06-11,365,Cà Mau,Viet Nam,9.1769,105.1501,32.5,26.1,27.9,7.6,86,11.2,27,95
2026-06-11,620,Cần Thơ,Viet Nam,10.0451,105.7462,33.9,25.6,27.7,5.3,87,13.5,71,94
2026-06-11,910,Cao Bằng,Viet Nam,22.6661,106.2635,32.0,24.4,28.0,0.1,72,9.1,45,90
2026-06-11,590,Đà Nẵng,Viet Nam,16.0471,108.2068,32.6,27.3,29.5,0.3,73,11.9,50,82
2026-06-11,196,Đắk Lắk,Viet Nam,12.6667,108.05,29.5,22.9,25.9,1.4,85,9.3,25,96
2026-06-11,132,Đắk Nông,Viet Nam,12.0,107.7,29.7,20.9,23.8,3.5,89,15.9,23,94
2026-06-11,811,Điện Biên,Viet Nam,21.3833,103.0167,28.0,23.0,24.9,23.0,90,8.2,25,97
2026-06-11,278,Đồng Nai,Viet Nam,10.9575,106.8427,33.2,24.7,27.9,6.3,84,19.3,80,92
2026-06-11,813,Đồng Tháp,Viet Nam,10.4552,105.6323,33.9,25.5,28.0,1.9,86,20.2,71,90
2026-06-11,797,Gia Lai,Viet Nam,13.9833,108.0,29.5,21.4,24.5,0.6,82,9.2,23,67
2026-06-11,385,Hà Giang,Viet Nam,22.8233,104.9836,31.9,24.9,28.5,0.2,69,4.5,51,86
2026-06-11,696,Hà Nam,Viet Nam,20.5463,105.9142,28.6,24.5,26.2,2.3,91,5.7,108,83
2026-06-11,701,Hà Nội,Viet Nam,21.0285,105.8542,29.1,25.3,27.0,3.5,87,7.5,116,94
2026-06-11,645,Hà Tĩnh,Viet Nam,18.3421,105.9038,29.5,24.8,27.3,2.0,87,11.8,37,94
2026-06-11,215,Hải Dương,Viet Nam,20.9391,106.3146,30.9,25.0,27.8,0.6,77,6.2,112,72
2026-06-11,237,Hải Phòng,Viet Nam,20.8449,106.6881,31.7,25.2,28.5,0.4,74,11.7,72,62
2026-06-11,463,Hậu Giang,Viet Nam,9.7845,105.4735,33.2,25.1,27.3,16.7,89,21.7,63,94
2026-06-11,669,Hưng Yên,Viet Nam,20.6465,106.0511,30.6,25.2,27.5,0.4,84,5.8,128,68
2026-06-11,684,Khánh Hòa,Viet Nam,12.2467,109.1833,31.1,25.8,28.7,1.1,79,9.4,65,81
2026-06-11,767,Kiên Giang,Viet Nam,10.0122,105.0809,32.3,25.5,27.9,2.4,84,14.9,52,95
2026-06-11,226,Kon Tum,Viet Nam,14.35,108.0,30.1,22.0,25.8,0.0,77,9.8,22,72
2026-06-11,960,Lai Châu,Viet Nam,22.3959,103.4621,25.8,20.9,22.4,17.5,90,4.1,36,88
2026-06-11,122,Lâm Đồng,Viet Nam,11.9404,108.4419,24.5,14.8,18.6,14.4,92,7.0,26,96
2026-06-11,861,Lạng Sơn,Viet Nam,21.8519,106.7614,30.2,23.0,26.3,1.0,80,7.4,63,85
2026-06-11,108,Lào Cai,Viet Nam,22.4856,103.9707,30.2,23.8,27.1,1.1,76,5.5,45,93
2026-06-11,255,Long An,Viet Nam,10.5332,105.4053,32.9,25.7,28.0,2.8,86,13.8,71,90
2026-06-11,160,Nam Định,Viet Nam,20.4231,106.1681,30.9,25.4,28.2,1.7,76,11.0,108,65
2026-06-11,495,Nghệ An,Viet Nam,18.6667,105.6667,31.8,25.1,28.1,6.0,83,13.0,65,91
2026-06-11,416,Ninh Bình,Viet Nam,20.2506,105.9744,31.0,25.3,27.7,1.0,80,11.5,108,71
2026-06-11,208,Ninh Thuận,Viet Nam,11.5647,108.9892,32.0,25.8,28.6,1.8,81,17.6,46,90
2026-06-11,252,Phú Thọ,Viet Nam,21.3235,105.4011,29.9,25.8,27.8,6.9,78,14.8,99,87
2026-06-11,249,Phú Yên,Viet Nam,13.0883,109.3045,34.3,26.2,29.5,1.5,72,15.1,60,86
2026-06-11,981,Quảng Bình,Viet Nam,17.4731,106.5962,31.2,25.2,28.1,0.3,76,12.7,24,81
2026-06-11,123,Quảng Trị,Viet Nam,16.75,107.1833,34.0,25.4,29.2,0.0,73,12.5,35,83
2026-06-11,110,Thái Nguyên,Viet Nam,21.5939,105.8481,31.4,25.7,28.1,1.0,77,11.0,101,88
2026-06-11,587,Trà Vinh,Viet Nam,9.9342,106.3339,33.7,25.3,28.0,1.6,84,20.1,73,98
2026-06-11,729,Phú Quốc,Viet Nam,10.279526,104.003538,31.4,24.7,27.4,3.0,87,11.6,20,99
2026-06-11,920,Vĩnh Long,Viet Nam,10.2536,105.9723,34.2,25.2,27.8,8.5,86,28.9,74,94
2026-06-11,734,Yên Bái,Viet Nam,21.7051,104.8751,30.7,24.6,27.4,25.6,78,9.8,68,85
2026-06-11,288,Hoàng Sa,Viet Nam,16.641233,112.742024,30.3,28.2,29.8,1.1,76,14.1,36,59
2026-06-11,146,Tiền Giang,Viet Nam,10.3606,106.3636,34.3,25.4,28.5,2.3,82,17.3,74,96
2026-06-11,201,Trường Sa,Viet Nam,10.66936,115.833324,29.7,27.4,28.9,6.2,76,17.3,23,89
2026-06-11,872,Thái Bình,Viet Nam,20.4463,106.3364,31.4,25.6,28.5,0.8,74,13.0,90,62
2026-06-11,503,Sơn La,Viet Nam,21.3262,103.9149,28.0,22.5,24.3,11.7,88,14.9,34,94
2026-06-11,547,Sóc Trăng,Viet Nam,9.6019,105.9731,33.1,25.6,27.9,3.1,85,17.1,68,99
2026-06-11,456,Vĩnh Phúc,Viet Nam,21.3089,105.6047,30.5,25.0,27.7,2.1,78,13.2,99,87
2026-06-11,454,Thanh Hóa,Viet Nam,19.8075,105.7764,30.0,25.0,27.0,19.9,88,11.3,81,85
2026-06-11,326,Thừa Thiên Huế,Viet Nam,16.4633,107.5847,31.3,26.0,28.2,0.0,80,12.2,42,75
2026-06-11,915,Tây Ninh,Viet Nam,11.3125,106.1006,34.0,24.9,28.0,4.2,84,8.9,65,94
2026-06-11,275,Tuyên Quang,Viet Nam,21.8159,105.2132,30.2,24.6,27.4,5.5,79,10.3,67,90
2026-06-11,521,TP. Hồ Chí Minh,Viet Nam,10.8231,106.6297,34.4,25.3,28.4,16.1,84,10.2,80,92
2026-06-12,146,Tiền Giang,Viet Nam,10.3606,106.3636,32.7,25.8,28.4,2.1,86,8.8,95,52
2026-06-12,326,Thừa Thiên Huế,Viet Nam,16.4633,107.5847,33.4,25.9,29.4,1.5,77,12.0,62,71
2026-06-12,201,Trường Sa,Viet Nam,10.66936,115.833324,29.7,28.1,29.0,0.2,74,6.7,19,71
2026-06-12,456,Vĩnh Phúc,Viet Nam,21.3089,105.6047,32.0,25.7,28.7,3.3,82,14.2,97,95
2026-06-12,915,Tây Ninh,Viet Nam,11.3125,106.1006,32.2,25.2,28.0,7.0,87,10.2,70,85
2026-06-12,454,Thanh Hóa,Viet Nam,19.8075,105.7764,32.6,26.7,29.4,1.9,82,12.4,63,92
2026-06-12,872,Thái Bình,Viet Nam,20.4463,106.3364,32.3,27.6,29.8,0.7,78,14.5,65,88
2026-06-12,521,TP. Hồ Chí Minh,Viet Nam,10.8231,106.6297,33.1,25.2,28.3,9.6,86,9.4,77,70
2026-06-12,547,Sóc Trăng,Viet Nam,9.6019,105.9731,31.8,25.4,28.2,7.1,86,8.7,104,39
2026-06-12,288,Hoàng Sa,Viet Nam,16.641233,112.742024,30.8,29.7,30.1,0.3,74,24.5,32,66
2026-06-12,734,Yên Bái,Viet Nam,21.7051,104.8751,31.5,24.7,28.0,4.3,86,8.4,63,97
2026-06-12,587,Trà Vinh,Viet Nam,9.9342,106.3339,32.4,25.4,28.1,6.1,87,7.7,101,43
2026-06-12,920,Vĩnh Long,Viet Nam,10.2536,105.9723,32.5,25.5,28.3,3.6,86,7.2,102,53
2026-06-12,503,Sơn La,Viet Nam,21.3262,103.9149,27.6,22.6,24.8,8.4,92,7.9,27,99
2026-06-12,110,Thái Nguyên,Viet Nam,21.5939,105.8481,32.1,25.6,28.9,0.9,82,19.7,106,89
2026-06-12,729,Phú Quốc,Viet Nam,10.279526,104.003538,31.8,25.7,28.1,2.4,81,9.8,22,89
2026-06-12,275,Tuyên Quang,Viet Nam,21.8159,105.2132,31.0,25.1,28.0,1.3,83,10.4,65,98
2026-06-12,123,Quảng Trị,Viet Nam,16.75,107.1833,35.8,26.6,30.6,1.4,69,11.7,42,71
2026-06-12,160,Nam Định,Viet Nam,20.4231,106.1681,31.9,27.3,29.6,0.7,79,13.5,86,86
2026-06-12,249,Phú Yên,Viet Nam,13.0883,109.3045,34.5,26.3,30.0,1.4,72,19.4,64,64
2026-06-12,255,Long An,Viet Nam,10.5332,105.4053,32.1,25.5,28.3,3.0,86,9.8,113,76
2026-06-12,645,Hà Tĩnh,Viet Nam,18.3421,105.9038,33.5,27.7,30.1,3.4,71,17.5,36,84
2026-06-12,701,Hà Nội,Viet Nam,21.0285,105.8542,31.9,26.8,28.8,6.1,85,13.1,105,89
2026-06-12,669,Hưng Yên,Viet Nam,20.6465,106.0511,31.9,27.0,29.1,1.5,84,12.4,103,87
2026-06-12,347,Bình Phước,Viet Nam,11.7516,106.8778,32.0,24.1,27.3,9.9,87,10.3,55,85
2026-06-12,511,Hòa Bình,Viet Nam,20.8171,105.3375,33.0,26.4,29.0,2.2,87,7.6,62,96
2026-06-12,849,Bắc Giang,Viet Nam,21.2731,106.1946,32.2,27.1,29.1,5.2,81,12.0,105,83
2026-06-12,416,Ninh Bình,Viet Nam,20.2506,105.9744,32.2,27.1,29.3,1.5,83,13.0,86,90
2026-06-12,590,Đà Nẵng,Viet Nam,16.0471,108.2068,35.0,27.1,30.9,0.2,68,16.3,61,66
2026-06-12,193,Bắc Kạn,Viet Nam,22.147,105.8326,31.7,25.3,28.3,1.9,83,12.2,85,93
2026-06-12,620,Cần Thơ,Viet Nam,10.0451,105.7462,32.0,25.5,28.2,5.5,87,7.5,116,49
2026-06-12,767,Kiên Giang,Viet Nam,10.0122,105.0809,31.6,26.4,28.4,6.5,84,11.2,107,70
2026-06-12,707,Bắc Ninh,Viet Nam,21.1861,106.0763,32.3,27.2,29.2,1.3,80,13.0,105,83
2026-06-12,108,Lào Cai,Viet Nam,22.4856,103.9707,29.9,24.1,27.6,1.4,82,4.1,41,98
2026-06-12,385,Hà Giang,Viet Nam,22.8233,104.9836,31.6,25.2,27.9,1.9,80,6.7,50,96
2026-06-12,960,Lai Châu,Viet Nam,22.3959,103.4621,26.0,20.4,22.4,19.3,91,6.1,21,98
2026-06-12,811,Điện Biên,Viet Nam,21.3833,103.0167,29.5,22.9,25.4,12.1,89,10.1,21,97
2026-06-12,951,Bình Dương,Viet Nam,11.0531,106.6661,32.4,24.9,27.7,9.8,89,8.7,67,81
2026-06-12,495,Nghệ An,Viet Nam,18.6667,105.6667,35.1,26.5,30.2,0.7,75,11.0,50,92
2026-06-12,797,Gia Lai,Viet Nam,13.9833,108.0,27.4,21.3,23.7,6.9,90,9.6,28,70
2026-06-12,861,Lạng Sơn,Viet Nam,21.8519,106.7614,30.8,24.6,27.4,1.4,79,15.1,62,90
2026-06-12,981,Quảng Bình,Viet Nam,17.4731,106.5962,33.8,27.0,30.0,1.9,70,15.4,31,75
2026-06-12,208,Ninh Thuận,Viet Nam,11.5647,108.9892,31.5,25.8,28.8,0.0,79,14.3,42,37
2026-06-12,813,Đồng Tháp,Viet Nam,10.4552,105.6323,31.8,25.6,28.3,4.0,87,9.0,113,71
2026-06-12,365,Cà Mau,Viet Nam,9.1769,105.1501,30.4,26.0,27.8,11.3,86,10.0,59,49
2026-06-12,226,Kon Tum,Viet Nam,14.35,108.0,31.2,22.1,25.4,1.4,83,8.0,26,85
2026-06-12,910,Cao Bằng,Viet Nam,22.6661,106.2635,32.3,25.7,28.3,3.7,80,11.1,52,97
2026-06-12,784,Bình Thuận,Viet Nam,10.9333,108.1,32.4,25.6,28.2,5.7,84,17.5,48,42
2026-06-12,252,Phú Thọ,Viet Nam,21.3235,105.4011,32.5,26.5,29.3,0.9,81,14.8,97,97
2026-06-12,684,Khánh Hòa,Viet Nam,12.2467,109.1833,31.4,25.6,28.7,0.0,80,11.8,64,54
2026-06-12,496,Bạc Liêu,Viet Nam,9.2941,105.7242,32.3,25.8,28.4,9.2,84,9.6,42,42
2026-06-12,132,Đắk Nông,Viet Nam,12.0,107.7,29.5,21.3,23.9,12.8,90,10.3,28,77
2026-06-12,327,Bà Rịa – Vũng Tàu,Viet Nam,10.4114,107.1362,31.4,26.7,28.9,5.8,78,12.4,40,41
2026-06-12,696,Hà Nam,Viet Nam,20.5463,105.9142,32.0,25.9,28.5,1.1,86,13.2,86,93
2026-06-12,463,Hậu Giang,Viet Nam,9.7845,105.4735,31.9,25.3,28.1,3.3,86,9.5,94,52
2026-06-12,237,Hải Phòng,Viet Nam,20.8449,106.6881,31.9,27.5,29.5,0.9,79,14.8,58,88
2026-06-12,833,Bến Tre,Viet Nam,10.2424,106.3752,32.9,25.8,28.3,3.9,86,13.1,95,48
2026-06-12,196,Đắk Lắk,Viet Nam,12.6667,108.05,30.4,23.0,25.9,3.7,86,9.3,35,69
2026-06-12,122,Lâm Đồng,Viet Nam,11.9404,108.4419,24.6,13.8,18.3,11.7,92,7.9,30,94
2026-06-12,133,Bình Định,Viet Nam,13.782,109.2194,35.5,26.3,30.3,0.8,67,17.9,56,50
2026-06-12,168,An Giang,Viet Nam,10.5185,105.1152,31.8,24.9,28.1,11.5,88,10.6,120,83
2026-06-12,215,Hải Dương,Viet Nam,20.9391,106.3146,32.2,27.1,29.3,0.7,81,11.3,81,82
2026-06-12,278,Đồng Nai,Viet Nam,10.9575,106.8427,32.4,25.3,28.2,7.9,85,8.8,77,74
2026-06-13,215,Hải Dương,Viet Nam,20.9391,106.3146,34.8,28.2,31.2,0.2,71,14.0,65,95
2026-06-13,645,Hà Tĩnh,Viet Nam,18.3421,105.9038,35.7,28.5,31.8,0.2,60,20.7,35,91
2026-06-13,833,Bến Tre,Viet Nam,10.2424,106.3752,33.7,25.9,28.6,2.4,85,8.7,94,63
2026-06-13,767,Kiên Giang,Viet Nam,10.0122,105.0809,31.4,26.6,29.0,0.6,80,15.1,76,71
2026-06-13,701,Hà Nội,Viet Nam,21.0285,105.8542,34.3,28.4,30.8,0.3,75,12.1,74,96
2026-06-13,910,Cao Bằng,Viet Nam,22.6661,106.2635,33.5,25.2,28.8,3.0,86,11.3,41,95
2026-06-13,208,Ninh Thuận,Viet Nam,11.5647,108.9892,33.5,25.9,29.4,0.0,78,14.6,37,36
2026-06-13,347,Bình Phước,Viet Nam,11.7516,106.8778,32.8,24.5,27.0,7.5,88,9.4,67,62
2026-06-13,981,Quảng Bình,Viet Nam,17.4731,106.5962,36.7,27.9,31.4,0.4,63,16.7,30,85
2026-06-13,511,Hòa Bình,Viet Nam,20.8171,105.3375,34.0,27.3,30.1,0.6,82,16.6,32,94
2026-06-13,160,Nam Định,Viet Nam,20.4231,106.1681,34.0,28.6,31.3,0.7,69,14.2,63,97
2026-06-13,249,Phú Yên,Viet Nam,13.0883,109.3045,36.2,26.1,30.6,0.1,66,22.5,63,41
2026-06-13,226,Kon Tum,Viet Nam,14.35,108.0,32.4,22.2,25.6,4.6,84,14.0,26,64
2026-06-13,123,Quảng Trị,Viet Nam,16.75,107.1833,38.7,26.9,31.7,0.8,63,21.2,33,87
2026-06-13,365,Cà Mau,Viet Nam,9.1769,105.1501,33.3,26.5,29.2,1.4,77,15.2,36,70
2026-06-13,496,Bạc Liêu,Viet Nam,9.2941,105.7242,33.6,26.8,28.9,4.0,81,13.1,33,68
2026-06-13,813,Đồng Tháp,Viet Nam,10.4552,105.6323,33.0,25.8,28.8,2.6,83,12.0,107,64
2026-06-13,784,Bình Thuận,Viet Nam,10.9333,108.1,32.6,25.0,27.9,2.8,83,16.4,47,52
2026-06-13,327,Bà Rịa – Vũng Tàu,Viet Nam,10.4114,107.1362,31.1,24.6,27.9,8.8,85,20.7,42,62
2026-06-13,255,Long An,Viet Nam,10.5332,105.4053,32.7,25.9,28.8,2.0,83,14.1,107,64
2026-06-13,797,Gia Lai,Viet Nam,13.9833,108.0,29.1,21.7,24.1,2.4,87,13.7,28,62
2026-06-13,237,Hải Phòng,Viet Nam,20.8449,106.6881,35.1,28.6,31.6,0.8,70,12.8,49,95
2026-06-13,278,Đồng Nai,Viet Nam,10.9575,106.8427,33.2,25.6,28.1,12.0,85,11.5,90,58
2026-06-13,122,Lâm Đồng,Viet Nam,11.9404,108.4419,26.1,15.1,19.5,5.1,87,7.4,31,64
2026-06-13,385,Hà Giang,Viet Nam,22.8233,104.9836,32.5,26.0,28.7,2.0,82,7.5,32,94
2026-06-13,811,Điện Biên,Viet Nam,21.3833,103.0167,30.6,23.2,26.2,5.3,86,10.7,20,96
2026-06-13,168,An Giang,Viet Nam,10.5185,105.1152,33.2,25.8,29.0,3.3,82,11.3,88,73
2026-06-13,849,Bắc Giang,Viet Nam,21.2731,106.1946,34.4,28.2,31.1,0.4,72,13.8,74,96
2026-06-13,416,Ninh Bình,Viet Nam,20.2506,105.9744,34.7,28.3,31.1,0.4,70,14.8,63,97
2026-06-13,620,Cần Thơ,Viet Nam,10.0451,105.7462,32.7,26.2,28.8,1.5,83,9.6,95,67
2026-06-13,696,Hà Nam,Viet Nam,20.5463,105.9142,33.9,28.2,30.6,0.5,74,13.7,63,96
2026-06-13,590,Đà Nẵng,Viet Nam,16.0471,108.2068,36.8,27.2,31.6,1.3,63,14.0,67,82
2026-06-13,960,Lai Châu,Viet Nam,22.3959,103.4621,26.6,20.6,23.1,21.3,91,4.5,18,95
2026-06-13,495,Nghệ An,Viet Nam,18.6667,105.6667,35.5,29.3,32.1,0.0,56,20.3,59,92
2026-06-13,951,Bình Dương,Viet Nam,11.0531,106.6661,33.5,24.9,28.0,8.9,85,12.6,80,62
2026-06-13,133,Bình Định,Viet Nam,13.782,109.2194,37.4,26.1,30.8,0.8,69,20.8,54,59
2026-06-13,196,Đắk Lắk,Viet Nam,12.6667,108.05,31.4,22.5,25.7,6.9,84,10.0,36,51
2026-06-13,193,Bắc Kạn,Viet Nam,22.147,105.8326,33.6,27.0,29.9,1.1,78,12.0,67,94
2026-06-13,669,Hưng Yên,Viet Nam,20.6465,106.0511,34.3,28.3,31.0,0.1,73,14.2,70,96
2026-06-13,861,Lạng Sơn,Viet Nam,21.8519,106.7614,32.1,26.0,28.4,1.7,77,16.9,52,95
2026-06-13,684,Khánh Hòa,Viet Nam,12.2467,109.1833,32.5,26.1,28.9,0.0,79,16.4,56,37
2026-06-13,132,Đắk Nông,Viet Nam,12.0,107.7,31.0,21.0,24.0,6.0,89,11.3,31,61
2026-06-13,463,Hậu Giang,Viet Nam,9.7845,105.4735,32.5,25.9,28.7,2.3,83,10.7,82,71
2026-06-13,108,Lào Cai,Viet Nam,22.4856,103.9707,33.0,26.2,29.6,0.2,74,8.3,20,82
2026-06-13,707,Bắc Ninh,Viet Nam,21.1861,106.0763,34.5,28.2,31.1,0.6,72,14.1,74,96
2026-06-13,252,Phú Thọ,Viet Nam,21.3235,105.4011,35.6,28.9,31.5,0.0,72,14.7,72,94
2026-06-13,734,Yên Bái,Viet Nam,21.7051,104.8751,35.0,27.0,30.5,0.2,77,7.6,76,94
2026-06-13,201,Trường Sa,Viet Nam,10.66936,115.833324,30.7,29.3,29.9,0.0,67,14.1,17,57
2026-06-13,288,Hoàng Sa,Viet Nam,16.641233,112.742024,30.7,30.0,30.3,0.0,76,31.3,29,61
2026-06-13,275,Tuyên Quang,Viet Nam,21.8159,105.2132,33.5,27.2,30.2,0.1,76,11.8,70,96
2026-06-13,146,Tiền Giang,Viet Nam,10.3606,106.3636,33.5,25.5,28.6,1.0,84,11.4,94,67
2026-06-13,456,Vĩnh Phúc,Viet Nam,21.3089,105.6047,35.1,28.6,31.2,0.5,71,15.3,72,93
2026-06-13,326,Thừa Thiên Huế,Viet Nam,16.4633,107.5847,35.9,25.8,30.4,0.7,69,12.7,45,75
2026-06-13,729,Phú Quốc,Viet Nam,10.279526,104.003538,31.6,26.0,28.0,7.2,84,13.2,25,88
2026-06-13,454,Thanh Hóa,Viet Nam,19.8075,105.7764,35.1,28.2,31.3,0.2,66,16.5,59,98
2026-06-13,915,Tây Ninh,Viet Nam,11.3125,106.1006,33.6,24.6,28.1,10.1,85,8.9,72,66
2026-06-13,503,Sơn La,Viet Nam,21.3262,103.9149,30.1,22.8,25.8,5.3,87,11.3,21,94
2026-06-13,521,TP. Hồ Chí Minh,Viet Nam,10.8231,106.6297,34.0,25.4,28.4,10.3,85,11.2,90,64
2026-06-13,872,Thái Bình,Viet Nam,20.4463,106.3364,34.5,28.7,31.6,0.2,67,14.8,49,97
2026-06-13,547,Sóc Trăng,Viet Nam,9.6019,105.9731,33.1,25.9,28.5,5.0,82,9.0,90,60
2026-06-13,920,Vĩnh Long,Viet Nam,10.2536,105.9723,33.3,25.9,28.8,2.3,83,14.2,102,65
2026-06-13,587,Trà Vinh,Viet Nam,9.9342,106.3339,32.8,25.9,28.5,4.1,86,12.0,90,59
2026-06-13,110,Thái Nguyên,Viet Nam,21.5939,105.8481,34.5,27.5,30.7,0.3,75,14.2,70,92
2026-06-14,275,Tuyên Quang,Viet Nam,21.8159,105.2132,33.7,26.2,30.2,2.6,76,11.2,60,98
2026-06-14,587,Trà Vinh,Viet Nam,9.9342,106.3339,30.4,24.7,26.7,16.0,89,13.7,94,55
2026-06-14,288,Hoàng Sa,Viet Nam,16.641233,112.742024,30.6,29.9,30.2,0.0,79,36.8,27,80
2026-06-14,201,Trường Sa,Viet Nam,10.66936,115.833324,30.9,28.4,29.7,2.5,71,21.3,18,65
2026-06-14,456,Vĩnh Phúc,Viet Nam,21.3089,105.6047,35.7,28.6,32.0,0.0,68,13.7,66,98
2026-06-14,915,Tây Ninh,Viet Nam,11.3125,106.1006,32.4,24.9,27.4,3.9,88,15.7,74,74
2026-06-14,547,Sóc Trăng,Viet Nam,9.6019,105.9731,31.6,25.2,27.1,16.2,87,12.2,87,69
2026-06-14,326,Thừa Thiên Huế,Viet Nam,16.4633,107.5847,36.7,27.3,31.2,1.2,70,12.6,38,89
2026-06-14,734,Yên Bái,Viet Nam,21.7051,104.8751,35.4,25.7,30.4,10.5,79,11.8,66,97
2026-06-14,110,Thái Nguyên,Viet Nam,21.5939,105.8481,33.4,27.0,30.2,0.6,79,13.5,66,98
2026-06-14,146,Tiền Giang,Viet Nam,10.3606,106.3636,31.3,25.2,27.4,6.0,86,14.9,103,52
2026-06-14,454,Thanh Hóa,Viet Nam,19.8075,105.7764,37.4,29.5,32.9,0.0,59,19.6,53,99
2026-06-14,729,Phú Quốc,Viet Nam,10.279526,104.003538,29.5,25.4,26.8,11.8,91,15.6,26,90
2026-06-14,503,Sơn La,Viet Nam,21.3262,103.9149,29.7,23.1,26.0,6.1,89,10.6,22,94
2026-06-14,872,Thái Bình,Viet Nam,20.4463,106.3364,36.0,30.0,32.5,0.1,63,18.5,48,99
2026-06-14,920,Vĩnh Long,Viet Nam,10.2536,105.9723,31.3,25.0,27.1,14.5,87,17.6,109,60
2026-06-14,521,TP. Hồ Chí Minh,Viet Nam,10.8231,106.6297,31.4,25.0,27.8,6.2,85,12.4,85,59
2026-06-14,237,Hải Phòng,Viet Nam,20.8449,106.6881,34.8,29.5,32.0,0.2,68,15.2,46,99
2026-06-14,696,Hà Nam,Viet Nam,20.5463,105.9142,35.0,28.7,31.7,0.0,68,14.0,59,98
2026-06-14,496,Bạc Liêu,Viet Nam,9.2941,105.7242,31.1,26.1,27.6,11.0,85,10.3,37,81
2026-06-14,208,Ninh Thuận,Viet Nam,11.5647,108.9892,33.4,26.2,29.7,0.8,71,22.3,37,50
2026-06-14,252,Phú Thọ,Viet Nam,21.3235,105.4011,36.4,28.6,32.6,0.5,68,14.8,66,98
2026-06-14,365,Cà Mau,Viet Nam,9.1769,105.1501,30.9,26.0,27.7,14.8,84,9.8,45,90
2026-06-14,122,Lâm Đồng,Viet Nam,11.9404,108.4419,24.0,15.9,19.3,3.9,87,12.9,26,64
2026-06-14,951,Bình Dương,Viet Nam,11.0531,106.6661,31.8,24.6,27.5,6.1,87,13.1,71,62
2026-06-14,168,An Giang,Viet Nam,10.5185,105.1152,32.5,25.4,27.2,19.5,88,19.4,113,95
2026-06-14,669,Hưng Yên,Viet Nam,20.6465,106.0511,34.7,29.4,32.0,0.0,68,16.1,67,99
2026-06-14,132,Đắk Nông,Viet Nam,12.0,107.7,30.9,21.4,24.2,2.3,87,11.2,30,68
2026-06-14,226,Kon Tum,Viet Nam,14.35,108.0,31.4,22.8,26.2,5.0,81,17.3,23,89
2026-06-14,767,Kiên Giang,Viet Nam,10.0122,105.0809,29.6,25.8,27.5,10.7,87,15.2,78,80
2026-06-14,347,Bình Phước,Viet Nam,11.7516,106.8778,31.6,24.2,26.8,11.9,90,13.6,56,70
2026-06-14,811,Điện Biên,Viet Nam,21.3833,103.0167,29.9,23.6,26.4,12.7,85,10.9,21,94
2026-06-14,255,Long An,Viet Nam,10.5332,105.4053,31.6,25.4,27.3,18.9,88,18.8,120,88
2026-06-14,215,Hải Dương,Viet Nam,20.9391,106.3146,34.6,29.1,31.8,0.1,69,13.6,62,99
2026-06-14,385,Hà Giang,Viet Nam,22.8233,104.9836,33.0,25.8,29.1,7.0,81,6.4,29,91
2026-06-14,849,Bắc Giang,Viet Nam,21.2731,106.1946,34.3,27.7,31.2,0.5,73,12.3,68,97
2026-06-14,620,Cần Thơ,Viet Nam,10.0451,105.7462,30.7,25.1,26.8,28.3,88,13.2,96,64
2026-06-14,133,Bình Định,Viet Nam,13.782,109.2194,36.9,26.2,31.0,0.9,66,20.1,44,69
2026-06-14,108,Lào Cai,Viet Nam,22.4856,103.9707,34.0,27.2,30.7,0.2,73,7.8,24,79
2026-06-14,590,Đà Nẵng,Viet Nam,16.0471,108.2068,38.4,28.2,31.8,3.9,66,19.5,68,80
2026-06-14,645,Hà Tĩnh,Viet Nam,18.3421,105.9038,37.0,28.5,32.5,0.1,59,25.7,34,82
2026-06-14,684,Khánh Hòa,Viet Nam,12.2467,109.1833,32.5,26.0,29.4,0.3,79,18.0,50,54
2026-06-14,463,Hậu Giang,Viet Nam,9.7845,105.4735,29.9,24.9,26.5,29.3,90,18.4,80,75
2026-06-14,833,Bến Tre,Viet Nam,10.2424,106.3752,30.9,25.2,27.3,11.1,86,14.3,103,53
2026-06-14,416,Ninh Bình,Viet Nam,20.2506,105.9744,35.7,29.4,32.3,0.0,66,18.2,59,98
2026-06-14,960,Lai Châu,Viet Nam,22.3959,103.4621,27.6,21.3,23.9,15.0,88,4.4,20,97
2026-06-14,707,Bắc Ninh,Viet Nam,21.1861,106.0763,34.9,28.0,31.7,0.0,71,13.0,68,99
2026-06-14,123,Quảng Trị,Viet Nam,16.75,107.1833,37.4,29.2,32.5,0.3,59,23.3,29,83
2026-06-14,278,Đồng Nai,Viet Nam,10.9575,106.8427,30.8,25.6,27.7,8.5,87,12.0,85,56
2026-06-14,495,Nghệ An,Viet Nam,18.6667,105.6667,37.2,29.4,33.4,0.0,54,20.6,56,84
2026-06-14,861,Lạng Sơn,Viet Nam,21.8519,106.7614,31.2,24.5,27.1,11.0,90,6.9,38,99
2026-06-14,910,Cao Bằng,Viet Nam,22.6661,106.2635,31.3,24.7,27.2,12.7,92,6.7,27,99
2026-06-14,193,Bắc Kạn,Viet Nam,22.147,105.8326,33.8,26.0,29.4,3.4,84,7.0,60,98
2026-06-14,701,Hà Nội,Viet Nam,21.0285,105.8542,35.0,28.3,31.6,0.4,73,11.0,68,99
2026-06-14,511,Hòa Bình,Viet Nam,20.8171,105.3375,35.7,28.9,31.9,0.0,74,9.5,34,99
2026-06-14,981,Quảng Bình,Viet Nam,17.4731,106.5962,36.4,28.4,32.3,0.3,61,18.2,30,92
2026-06-14,160,Nam Định,Viet Nam,20.4231,106.1681,35.6,29.8,32.3,0.0,65,17.6,59,99
2026-06-14,249,Phú Yên,Viet Nam,13.0883,109.3045,36.2,27.1,31.0,1.0,65,18.1,46,60
2026-06-14,196,Đắk Lắk,Viet Nam,12.6667,108.05,31.2,22.5,25.8,7.0,85,16.6,25,59
2026-06-14,813,Đồng Tháp,Viet Nam,10.4552,105.6323,31.5,25.3,27.3,19.2,89,18.3,120,76
2026-06-14,327,Bà Rịa – Vũng Tàu,Viet Nam,10.4114,107.1362,29.6,26.3,28.1,4.3,81,18.8,45,49
2026-06-14,784,Bình Thuận,Viet Nam,10.9333,108.1,31.3,26.2,28.4,1.6,79,16.2,39,52
2026-06-14,797,Gia Lai,Viet Nam,13.9833,108.0,28.8,21.2,23.7,3.1,89,17.5,23,87
2026-06-15,861,Lạng Sơn,Viet Nam,21.8519,106.7614,29.7,23.3,25.9,35.2,95,11.1,31,100
2026-06-15,193,Bắc Kạn,Viet Nam,22.147,105.8326,32.0,25.2,27.9,37.0,93,8.6,41,100
2026-06-15,960,Lai Châu,Viet Nam,22.3959,103.4621,27.9,21.4,23.7,31.0,91,4.6,19,99
2026-06-15,511,Hòa Bình,Viet Nam,20.8171,105.3375,35.8,27.6,30.9,12.8,83,11.4,60,100
2026-06-15,226,Kon Tum,Viet Nam,14.35,108.0,30.6,22.1,25.4,4.9,86,13.8,23,88
2026-06-15,811,Điện Biên,Viet Nam,21.3833,103.0167,30.3,24.1,26.6,5.9,87,11.2,19,100
2026-06-15,797,Gia Lai,Viet Nam,13.9833,108.0,28.0,21.2,23.8,4.1,87,17.1,24,85
2026-06-15,132,Đắk Nông,Viet Nam,12.0,107.7,29.6,22.3,25.3,1.2,83,10.5,25,79
2026-06-15,767,Kiên Giang,Viet Nam,10.0122,105.0809,30.8,26.1,28.2,3.6,82,18.0,64,84
2026-06-15,133,Bình Định,Viet Nam,13.782,109.2194,38.8,27.3,32.1,0.7,59,19.7,44,78
2026-06-15,215,Hải Dương,Viet Nam,20.9391,106.3146,34.9,25.8,29.5,27.2,85,16.6,71,100
2026-06-15,849,Bắc Giang,Viet Nam,21.2731,106.1946,33.8,25.6,28.9,18.0,87,14.7,74,100
2026-06-15,620,Cần Thơ,Viet Nam,10.0451,105.7462,31.7,25.7,27.5,6.6,86,13.4,80,78
2026-06-15,684,Khánh Hòa,Viet Nam,12.2467,109.1833,33.4,27.1,30.3,1.0,75,16.4,52,53
2026-06-15,416,Ninh Bình,Viet Nam,20.2506,105.9744,35.8,28.1,31.4,0.6,74,10.7,67,100
2026-06-15,645,Hà Tĩnh,Viet Nam,18.3421,105.9038,36.3,30.2,32.8,0.0,57,18.2,30,98
2026-06-15,278,Đồng Nai,Viet Nam,10.9575,106.8427,31.8,26.3,28.6,5.2,83,12.3,86,64
2026-06-15,701,Hà Nội,Viet Nam,21.0285,105.8542,34.5,26.2,29.9,8.5,84,18.9,74,100
2026-06-15,981,Quảng Bình,Viet Nam,17.4731,106.5962,36.1,29.2,32.1,0.0,60,12.6,30,95
2026-06-15,160,Nam Định,Viet Nam,20.4231,106.1681,35.5,27.2,31.6,0.7,72,13.3,67,100
2026-06-15,196,Đắk Lắk,Viet Nam,12.6667,108.05,30.9,23.8,26.8,1.6,77,10.7,29,84
2026-06-15,327,Bà Rịa – Vũng Tàu,Viet Nam,10.4114,107.1362,31.6,27.5,29.3,7.0,76,13.4,55,60
2026-06-15,496,Bạc Liêu,Viet Nam,9.2941,105.7242,33.3,26.4,28.1,8.6,83,13.5,30,70
2026-06-15,237,Hải Phòng,Viet Nam,20.8449,106.6881,33.8,25.8,29.4,21.9,84,12.8,58,100
2026-06-15,208,Ninh Thuận,Viet Nam,11.5647,108.9892,35.2,27.0,30.9,1.4,70,17.8,35,48
2026-06-15,122,Lâm Đồng,Viet Nam,11.9404,108.4419,24.9,16.1,19.8,3.5,85,13.4,25,79
2026-06-15,951,Bình Dương,Viet Nam,11.0531,106.6661,32.4,25.4,28.0,4.4,87,14.9,78,69
2026-06-15,669,Hưng Yên,Viet Nam,20.6465,106.0511,34.8,26.0,30.7,2.3,79,14.1,82,100
2026-06-15,833,Bến Tre,Viet Nam,10.2424,106.3752,32.5,25.8,28.1,1.6,86,12.8,84,67
2026-06-15,365,Cà Mau,Viet Nam,9.1769,105.1501,32.5,26.0,27.8,19.4,84,14.8,31,70
2026-06-15,108,Lào Cai,Viet Nam,22.4856,103.9707,33.9,25.4,29.0,17.7,86,9.6,23,96
2026-06-15,696,Hà Nam,Viet Nam,20.5463,105.9142,34.9,26.9,30.4,5.7,79,10.9,67,100
2026-06-15,784,Bình Thuận,Viet Nam,10.9333,108.1,34.0,26.4,29.7,0.3,73,19.7,52,45
2026-06-15,495,Nghệ An,Viet Nam,18.6667,105.6667,37.5,31.1,33.9,0.0,49,21.6,28,98
2026-06-15,813,Đồng Tháp,Viet Nam,10.4552,105.6323,31.1,25.6,27.5,18.6,89,14.9,84,65
2026-06-15,249,Phú Yên,Viet Nam,13.0883,109.3045,37.7,28.5,32.3,1.0,55,24.1,45,78
2026-06-15,910,Cao Bằng,Viet Nam,22.6661,106.2635,31.6,24.5,26.6,25.8,95,8.9,28,99
2026-06-15,707,Bắc Ninh,Viet Nam,21.1861,106.0763,33.8,25.3,29.2,19.1,87,15.5,74,100
2026-06-15,463,Hậu Giang,Viet Nam,9.7845,105.4735,32.2,25.5,27.5,8.2,86,15.6,72,70
2026-06-15,590,Đà Nẵng,Viet Nam,16.0471,108.2068,40.3,27.2,31.3,9.4,70,12.0,63,92
2026-06-15,123,Quảng Trị,Viet Nam,16.75,107.1833,37.8,28.0,32.4,0.3,59,25.6,28,87
2026-06-15,255,Long An,Viet Nam,10.5332,105.4053,31.2,25.9,27.4,13.1,88,12.3,84,69
2026-06-15,347,Bình Phước,Viet Nam,11.7516,106.8778,31.8,24.6,27.7,1.4,83,9.1,64,75
2026-06-15,168,An Giang,Viet Nam,10.5185,105.1152,32.0,25.5,27.6,9.5,87,12.6,68,76
2026-06-15,385,Hà Giang,Viet Nam,22.8233,104.9836,32.9,24.8,28.0,37.9,89,5.2,26,98
2026-06-15,252,Phú Thọ,Viet Nam,21.3235,105.4011,35.4,28.0,31.0,9.2,78,16.0,79,100
2026-06-15,734,Yên Bái,Viet Nam,21.7051,104.8751,34.6,26.5,29.2,15.8,86,7.6,66,100
2026-06-15,288,Hoàng Sa,Viet Nam,16.641233,112.742024,30.5,29.9,30.2,0.0,81,37.3,37,77
2026-06-15,547,Sóc Trăng,Viet Nam,9.6019,105.9731,32.2,25.8,27.8,9.1,84,12.3,81,67
2026-06-15,521,TP. Hồ Chí Minh,Viet Nam,10.8231,106.6297,33.1,25.7,28.6,4.7,82,8.8,86,59
2026-06-15,587,Trà Vinh,Viet Nam,9.9342,106.3339,31.6,25.4,27.4,7.1,88,13.3,84,58
2026-06-15,920,Vĩnh Long,Viet Nam,10.2536,105.9723,31.9,25.6,27.7,15.6,84,16.8,86,72
2026-06-15,872,Thái Bình,Viet Nam,20.4463,106.3364,36.0,26.8,31.9,0.6,69,13.6,57,99
2026-06-15,503,Sơn La,Viet Nam,21.3262,103.9149,29.5,23.5,26.0,9.2,91,11.1,24,100
2026-06-15,729,Phú Quốc,Viet Nam,10.279526,104.003538,29.2,25.5,26.7,14.9,90,13.8,21,71
2026-06-15,146,Tiền Giang,Viet Nam,10.3606,106.3636,32.4,25.7,28.2,4.1,85,15.8,84,69
2026-06-15,454,Thanh Hóa,Viet Nam,19.8075,105.7764,36.9,29.0,32.4,3.5,64,12.7,48,100
2026-06-15,110,Thái Nguyên,Viet Nam,21.5939,105.8481,33.8,25.6,28.9,22.1,88,9.8,65,100
2026-06-15,326,Thừa Thiên Huế,Viet Nam,16.4633,107.5847,38.6,26.1,30.7,2.6,72,12.9,42,89
2026-06-15,915,Tây Ninh,Viet Nam,11.3125,106.1006,32.8,24.9,28.0,7.2,85,13.4,71,71
2026-06-15,456,Vĩnh Phúc,Viet Nam,21.3089,105.6047,35.2,26.9,30.2,8.8,78,16.1,79,100
2026-06-15,275,Tuyên Quang,Viet Nam,21.8159,105.2132,33.5,26.0,28.9,10.7,87,14.4,49,100
2026-06-15,201,Trường Sa,Viet Nam,10.66936,115.833324,31.3,28.2,29.6,2.6,72,17.9,18,65
2026-06-16,872,Thái Bình,Viet Nam,20.4463,106.3364,33.3,26.8,29.9,18.7,80,13.8,68,99
2026-06-16,326,Thừa Thiên Huế,Viet Nam,16.4633,107.5847,38.1,26.3,30.6,1.9,69,15.6,49,97
2026-06-16,146,Tiền Giang,Viet Nam,10.3606,106.3636,33.0,25.8,28.3,2.5,84,13.3,78,77
2026-06-16,920,Vĩnh Long,Viet Nam,10.2536,105.9723,32.6,25.5,28.4,1.4,83,14.8,80,76
2026-06-16,547,Sóc Trăng,Viet Nam,9.6019,105.9731,33.3,25.6,28.0,8.0,83,11.6,69,77
2026-06-16,587,Trà Vinh,Viet Nam,9.9342,106.3339,32.6,25.3,27.8,6.2,85,14.1,75,76
2026-06-16,275,Tuyên Quang,Viet Nam,21.8159,105.2132,29.3,25.4,27.3,21.1,93,10.3,49,96
2026-06-16,915,Tây Ninh,Viet Nam,11.3125,106.1006,33.8,25.2,28.7,0.6,79,13.0,68,74
2026-06-16,734,Yên Bái,Viet Nam,21.7051,104.8751,32.1,24.8,27.7,29.1,90,9.0,63,96
2026-06-16,110,Thái Nguyên,Viet Nam,21.5939,105.8481,30.3,25.0,27.6,30.6,91,8.7,67,96
2026-06-16,456,Vĩnh Phúc,Viet Nam,21.3089,105.6047,30.8,26.3,28.5,13.1,87,12.6,82,96
2026-06-16,288,Hoàng Sa,Viet Nam,16.641233,112.742024,30.8,29.9,30.4,0.8,77,34.7,41,94
2026-06-16,521,TP. Hồ Chí Minh,Viet Nam,10.8231,106.6297,33.1,25.3,28.4,9.2,83,10.3,82,81
2026-06-16,454,Thanh Hóa,Viet Nam,19.8075,105.7764,32.8,26.7,30.2,3.6,81,13.1,70,99
2026-06-16,503,Sơn La,Viet Nam,21.3262,103.9149,27.8,22.8,25.2,17.2,94,10.4,24,96
2026-06-16,729,Phú Quốc,Viet Nam,10.279526,104.003538,30.9,25.5,27.0,8.7,88,14.4,23,83
2026-06-16,201,Trường Sa,Viet Nam,10.66936,115.833324,30.3,28.8,29.8,1.4,71,16.7,17,66
2026-06-16,981,Quảng Bình,Viet Nam,17.4731,106.5962,36.8,28.2,31.8,0.2,61,14.8,32,90
2026-06-16,645,Hà Tĩnh,Viet Nam,18.3421,105.9038,36.5,29.0,32.2,0.5,58,23.7,41,93
2026-06-16,684,Khánh Hòa,Viet Nam,12.2467,109.1833,34.1,26.3,30.0,0.2,79,10.7,56,50
2026-06-16,701,Hà Nội,Viet Nam,21.0285,105.8542,31.7,26.7,28.9,6.4,88,10.7,75,97
2026-06-16,590,Đà Nẵng,Viet Nam,16.0471,108.2068,38.7,26.6,31.2,4.2,69,12.5,69,96
2026-06-16,252,Phú Thọ,Viet Nam,21.3235,105.4011,31.1,26.4,29.2,28.9,86,15.8,82,97
2026-06-16,910,Cao Bằng,Viet Nam,22.6661,106.2635,30.6,24.6,26.5,14.8,95,7.7,30,95
2026-06-16,237,Hải Phòng,Viet Nam,20.8449,106.6881,30.9,26.2,28.5,24.3,86,10.9,43,98
2026-06-16,133,Bình Định,Viet Nam,13.782,109.2194,38.3,26.7,31.6,1.0,65,15.9,44,82
2026-06-16,811,Điện Biên,Viet Nam,21.3833,103.0167,30.9,23.7,27.0,8.5,86,9.1,20,95
2026-06-16,620,Cần Thơ,Viet Nam,10.0451,105.7462,32.6,25.8,28.2,2.4,84,13.4,73,80
2026-06-16,249,Phú Yên,Viet Nam,13.0883,109.3045,38.0,26.4,31.7,1.2,60,23.4,47,67
2026-06-16,496,Bạc Liêu,Viet Nam,9.2941,105.7242,32.8,26.1,28.3,9.6,83,12.1,27,85
2026-06-16,196,Đắk Lắk,Viet Nam,12.6667,108.05,31.7,22.6,25.9,13.6,84,12.4,29,73
2026-06-16,278,Đồng Nai,Viet Nam,10.9575,106.8427,32.8,25.4,28.3,9.8,85,12.1,82,80
2026-06-16,861,Lạng Sơn,Viet Nam,21.8519,106.7614,30.6,23.4,25.9,23.3,92,9.5,36,89
2026-06-16,215,Hải Dương,Viet Nam,20.9391,106.3146,31.5,26.8,28.9,11.2,87,11.4,68,96
2026-06-16,849,Bắc Giang,Viet Nam,21.2731,106.1946,30.9,25.5,28.3,26.1,89,13.7,75,94
2026-06-16,327,Bà Rịa – Vũng Tàu,Viet Nam,10.4114,107.1362,31.8,26.0,28.9,6.7,79,21.3,48,73
2026-06-16,365,Cà Mau,Viet Nam,9.1769,105.1501,33.2,26.2,28.3,6.3,83,13.6,29,85
2026-06-16,255,Long An,Viet Nam,10.5332,105.4053,31.6,25.9,28.3,1.1,84,14.1,79,82
2026-06-16,511,Hòa Bình,Viet Nam,20.8171,105.3375,32.9,27.4,29.4,10.5,90,8.5,67,96
2026-06-16,707,Bắc Ninh,Viet Nam,21.1861,106.0763,31.2,26.2,28.5,20.7,89,13.1,75,95
2026-06-16,226,Kon Tum,Viet Nam,14.35,108.0,32.2,21.8,25.8,3.2,82,11.0,27,95
2026-06-16,813,Đồng Tháp,Viet Nam,10.4552,105.6323,32.1,26.1,28.5,1.4,82,14.8,79,78
2026-06-16,767,Kiên Giang,Viet Nam,10.0122,105.0809,31.5,26.3,29.1,0.2,78,19.2,60,80
2026-06-16,960,Lai Châu,Viet Nam,22.3959,103.4621,24.9,21.4,23.1,36.9,95,4.5,18,97
2026-06-16,669,Hưng Yên,Viet Nam,20.6465,106.0511,32.2,27.1,29.3,12.2,85,17.1,85,94
2026-06-16,347,Bình Phước,Viet Nam,11.7516,106.8778,32.4,24.5,27.2,5.5,89,10.2,63,74
2026-06-16,160,Nam Định,Viet Nam,20.4231,106.1681,33.0,26.8,29.7,18.1,82,11.8,87,98
2026-06-16,951,Bình Dương,Viet Nam,11.0531,106.6661,33.0,25.5,28.0,4.8,87,11.6,74,84
2026-06-16,122,Lâm Đồng,Viet Nam,11.9404,108.4419,25.2,15.9,19.5,5.9,89,12.4,26,78
2026-06-16,495,Nghệ An,Viet Nam,18.6667,105.6667,37.8,26.9,33.4,1.8,52,19.8,43,98
2026-06-16,385,Hà Giang,Viet Nam,22.8233,104.9836,29.4,25.4,26.9,20.7,93,5.0,29,98
2026-06-16,833,Bến Tre,Viet Nam,10.2424,106.3752,32.6,25.8,28.1,6.7,86,11.6,78,76
2026-06-16,797,Gia Lai,Viet Nam,13.9833,108.0,28.5,20.7,23.8,4.9,88,15.8,23,90
2026-06-16,123,Quảng Trị,Viet Nam,16.75,107.1833,38.3,27.4,32.1,0.9,59,26.1,32,96
2026-06-16,784,Bình Thuận,Viet Nam,10.9333,108.1,33.8,25.5,29.0,5.1,79,18.3,47,66
2026-06-16,208,Ninh Thuận,Viet Nam,11.5647,108.9892,34.9,26.2,30.1,1.0,75,18.0,35,55
2026-06-16,416,Ninh Bình,Viet Nam,20.2506,105.9744,32.3,26.6,29.5,11.2,85,15.5,87,99
2026-06-16,132,Đắk Nông,Viet Nam,12.0,107.7,30.4,21.2,24.1,12.7,89,10.6,28,79
2026-06-16,108,Lào Cai,Viet Nam,22.4856,103.9707,30.0,25.8,27.9,10.2,88,8.2,22,96
2026-06-16,168,An Giang,Viet Nam,10.5185,105.1152,32.6,25.4,28.5,1.2,82,14.3,65,82
2026-06-16,193,Bắc Kạn,Viet Nam,22.147,105.8326,29.4,25.1,27.2,43.2,95,8.2,49,97
2026-06-16,696,Hà Nam,Viet Nam,20.5463,105.9142,31.8,26.0,28.7,16.7,88,14.9,87,97
2026-06-16,463,Hậu Giang,Viet Nam,9.7845,105.4735,33.0,25.3,28.0,1.4,84,13.6,65,81
2026-06-17,252,Phú Thọ,Viet Nam,21.3235,105.4011,35.5,28.2,30.6,3.1,79,20.1,76,98
2026-06-17,833,Bến Tre,Viet Nam,10.2424,106.3752,32.7,25.3,28.2,5.3,85,10.1,81,73
2026-06-17,797,Gia Lai,Viet Nam,13.9833,108.0,28.6,21.2,24.0,0.3,84,13.1,22,92
2026-06-17,861,Lạng Sơn,Viet Nam,21.8519,106.7614,31.5,24.4,26.4,11.8,92,14.3,43,99
2026-06-17,645,Hà Tĩnh,Viet Nam,18.3421,105.9038,35.1,29.7,32.5,0.3,57,21.7,36,88
2026-06-17,784,Bình Thuận,Viet Nam,10.9333,108.1,34.7,25.3,29.6,9.7,74,17.8,48,60
2026-06-17,707,Bắc Ninh,Viet Nam,21.1861,106.0763,33.8,25.8,29.3,13.3,86,14.3,74,99
2026-06-17,327,Bà Rịa – Vũng Tàu,Viet Nam,10.4114,107.1362,32.5,26.7,29.3,4.5,76,16.8,54,63
2026-06-17,249,Phú Yên,Viet Nam,13.0883,109.3045,37.8,27.4,31.6,0.5,60,21.0,50,69
2026-06-17,193,Bắc Kạn,Viet Nam,22.147,105.8326,31.8,25.7,28.0,34.0,91,11.1,65,97
2026-06-17,196,Đắk Lắk,Viet Nam,12.6667,108.05,30.4,22.4,26.1,6.6,81,15.4,26,77
2026-06-17,496,Bạc Liêu,Viet Nam,9.2941,105.7242,32.6,25.3,27.9,12.6,83,15.3,31,83
2026-06-17,813,Đồng Tháp,Viet Nam,10.4552,105.6323,31.8,25.3,28.1,4.8,85,11.4,77,83
2026-06-17,160,Nam Định,Viet Nam,20.4231,106.1681,34.0,28.2,30.7,4.5,78,15.7,71,98
2026-06-17,910,Cao Bằng,Viet Nam,22.6661,106.2635,32.8,25.0,27.4,20.0,91,13.7,36,96
2026-06-17,365,Cà Mau,Viet Nam,9.1769,105.1501,32.0,25.9,28.1,4.9,83,11.2,32,88
2026-06-17,701,Hà Nội,Viet Nam,21.0285,105.8542,33.6,26.7,29.3,11.0,85,14.3,74,97
2026-06-17,278,Đồng Nai,Viet Nam,10.9575,106.8427,33.1,25.7,28.5,5.1,84,8.3,86,69
2026-06-17,811,Điện Biên,Viet Nam,21.3833,103.0167,29.6,24.3,26.5,7.4,87,10.5,20,97
2026-06-17,108,Lào Cai,Viet Nam,22.4856,103.9707,32.4,26.2,29.2,9.2,84,8.5,22,95
2026-06-17,981,Quảng Bình,Viet Nam,17.4731,106.5962,36.7,29.3,32.4,0.3,58,15.9,29,95
2026-06-17,385,Hà Giang,Viet Nam,22.8233,104.9836,31.7,25.7,27.9,17.2,89,6.7,28,98
2026-06-17,416,Ninh Bình,Viet Nam,20.2506,105.9744,34.3,27.8,30.6,5.0,77,14.2,71,99
2026-06-17,463,Hậu Giang,Viet Nam,9.7845,105.4735,32.1,25.0,27.8,5.4,84,14.1,68,80
2026-06-17,590,Đà Nẵng,Viet Nam,16.0471,108.2068,38.3,26.8,31.2,4.7,68,11.8,63,98
2026-06-17,511,Hòa Bình,Viet Nam,20.8171,105.3375,35.0,27.9,30.4,1.4,84,11.2,60,98
2026-06-17,684,Khánh Hòa,Viet Nam,12.2467,109.1833,33.3,26.9,30.2,0.2,75,12.6,63,47
2026-06-17,133,Bình Định,Viet Nam,13.782,109.2194,38.1,27.9,31.3,0.2,63,20.1,46,84
2026-06-17,620,Cần Thơ,Viet Nam,10.0451,105.7462,31.8,25.0,27.8,5.0,84,13.7,74,79
2026-06-17,132,Đắk Nông,Viet Nam,12.0,107.7,30.4,20.8,24.6,6.4,85,8.8,23,67
2026-06-17,168,An Giang,Viet Nam,10.5185,105.1152,31.9,24.8,27.8,9.7,86,11.3,65,90
2026-06-17,123,Quảng Trị,Viet Nam,16.75,107.1833,37.5,28.4,32.2,1.3,58,23.5,28,93
2026-06-17,215,Hải Dương,Viet Nam,20.9391,106.3146,33.9,27.3,29.5,12.5,87,13.5,66,98
2026-06-17,849,Bắc Giang,Viet Nam,21.2731,106.1946,33.5,25.5,29.1,15.5,86,13.6,74,98
2026-06-17,960,Lai Châu,Viet Nam,22.3959,103.4621,27.4,21.3,23.7,17.1,89,7.3,20,99
2026-06-17,255,Long An,Viet Nam,10.5332,105.4053,31.6,25.3,28.1,3.4,86,13.3,77,88
2026-06-17,226,Kon Tum,Viet Nam,14.35,108.0,31.7,22.3,25.9,1.6,80,11.3,23,83
2026-06-17,767,Kiên Giang,Viet Nam,10.0122,105.0809,30.5,25.4,28.3,3.4,82,14.4,61,89
2026-06-17,951,Bình Dương,Viet Nam,11.0531,106.6661,33.1,24.5,28.0,5.3,85,9.7,69,68
2026-06-17,347,Bình Phước,Viet Nam,11.7516,106.8778,32.2,23.5,27.1,12.6,86,8.7,53,77
2026-06-17,122,Lâm Đồng,Viet Nam,11.9404,108.4419,25.6,14.9,19.7,6.0,87,9.9,25,67
2026-06-17,669,Hưng Yên,Viet Nam,20.6465,106.0511,33.6,27.8,30.3,1.6,81,12.2,76,98
2026-06-17,208,Ninh Thuận,Viet Nam,11.5647,108.9892,34.7,26.1,29.9,2.0,77,13.2,38,46
2026-06-17,495,Nghệ An,Viet Nam,18.6667,105.6667,36.3,27.4,31.7,2.0,59,17.7,45,97
2026-06-17,696,Hà Nam,Viet Nam,20.5463,105.9142,34.0,27.1,29.9,3.3,81,13.0,71,99
2026-06-17,237,Hải Phòng,Viet Nam,20.8449,106.6881,34.3,27.2,29.5,12.1,87,15.5,45,97
2026-06-17,521,TP. Hồ Chí Minh,Viet Nam,10.8231,106.6297,33.8,25.2,28.6,2.3,81,11.5,86,67
2026-06-17,547,Sóc Trăng,Viet Nam,9.6019,105.9731,32.4,24.9,27.9,3.2,83,12.0,74,79
2026-06-17,456,Vĩnh Phúc,Viet Nam,21.3089,105.6047,34.9,26.9,29.7,2.0,80,22.7,76,98
2026-06-17,288,Hoàng Sa,Viet Nam,16.641233,112.742024,30.5,30.0,30.3,0.4,78,36.8,28,86
2026-06-17,587,Trà Vinh,Viet Nam,9.9342,106.3339,33.1,24.6,27.7,2.8,84,15.3,78,74
2026-06-17,920,Vĩnh Long,Viet Nam,10.2536,105.9723,32.1,25.0,28.1,3.0,84,11.9,81,74
2026-06-17,146,Tiền Giang,Viet Nam,10.3606,106.3636,33.3,25.3,28.2,3.4,84,10.9,81,74
2026-06-17,734,Yên Bái,Viet Nam,21.7051,104.8751,34.0,25.3,28.9,31.2,86,9.3,59,98
2026-06-17,201,Trường Sa,Viet Nam,10.66936,115.833324,30.8,29.4,30.0,0.8,67,14.1,16,56
2026-06-17,110,Thái Nguyên,Viet Nam,21.5939,105.8481,32.7,25.4,28.6,11.5,87,20.3,69,98
2026-06-17,454,Thanh Hóa,Viet Nam,19.8075,105.7764,35.5,29.3,32.1,0.2,62,15.7,59,98
2026-06-17,275,Tuyên Quang,Viet Nam,21.8159,105.2132,32.5,25.5,28.6,8.2,86,16.2,62,97
2026-06-17,326,Thừa Thiên Huế,Viet Nam,16.4633,107.5847,38.1,26.9,31.1,5.4,66,15.0,49,96
2026-06-17,503,Sơn La,Viet Nam,21.3262,103.9149,27.9,23.3,25.0,4.7,94,6.4,22,99
2026-06-17,729,Phú Quốc,Viet Nam,10.279526,104.003538,31.1,25.4,27.2,4.9,89,11.4,25,96
2026-06-17,915,Tây Ninh,Viet Nam,11.3125,106.1006,32.8,24.2,27.9,2.2,84,17.5,70,83
2026-06-17,872,Thái Bình,Viet Nam,20.4463,106.3364,34.7,28.3,31.0,3.4,75,15.7,59,97
2026-06-18,587,Trà Vinh,Viet Nam,9.9342,106.3339,32.8,24.8,27.9,2.2,83,13.5,73,95
2026-06-18,872,Thái Bình,Viet Nam,20.4463,106.3364,34.7,28.7,31.5,1.3,68,16.8,46,97
2026-06-18,521,TP. Hồ Chí Minh,Viet Nam,10.8231,106.6297,33.2,25.1,28.2,4.8,83,8.8,77,98
2026-06-18,110,Thái Nguyên,Viet Nam,21.5939,105.8481,32.6,27.1,29.6,0.4,82,15.4,65,100
2026-06-18,456,Vĩnh Phúc,Viet Nam,21.3089,105.6047,34.0,28.0,30.3,0.0,75,17.1,72,100
2026-06-18,288,Hoàng Sa,Viet Nam,16.641233,112.742024,30.8,30.1,30.5,2.4,72,36.4,27,93
2026-06-18,547,Sóc Trăng,Viet Nam,9.6019,105.9731,32.0,24.8,27.6,8.4,85,11.2,70,90
2026-06-18,454,Thanh Hóa,Viet Nam,19.8075,105.7764,36.9,30.1,33.0,1.3,56,19.0,37,98
2026-06-18,326,Thừa Thiên Huế,Viet Nam,16.4633,107.5847,38.0,26.8,31.2,2.1,65,15.5,57,91
2026-06-18,503,Sơn La,Viet Nam,21.3262,103.9149,29.9,23.3,25.9,4.2,90,10.1,23,94
2026-06-18,275,Tuyên Quang,Viet Nam,21.8159,105.2132,31.7,27.1,29.2,1.1,84,14.2,64,97
2026-06-18,915,Tây Ninh,Viet Nam,11.3125,106.1006,33.4,24.3,28.1,22.2,81,9.6,67,96
2026-06-18,201,Trường Sa,Viet Nam,10.66936,115.833324,31.2,30.0,30.5,1.3,64,11.5,21,89
2026-06-18,729,Phú Quốc,Viet Nam,10.279526,104.003538,30.0,24.5,26.1,22.8,94,13.2,24,94
2026-06-18,146,Tiền Giang,Viet Nam,10.3606,106.3636,32.8,25.1,28.1,1.0,83,19.7,75,97
2026-06-18,920,Vĩnh Long,Viet Nam,10.2536,105.9723,32.7,25.4,28.2,4.4,83,16.1,79,98
2026-06-18,734,Yên Bái,Viet Nam,21.7051,104.8751,33.2,27.5,29.7,1.5,83,11.0,69,92
2026-06-18,133,Bình Định,Viet Nam,13.782,109.2194,36.6,27.8,31.1,2.8,65,19.9,53,84
2026-06-18,496,Bạc Liêu,Viet Nam,9.2941,105.7242,32.3,25.6,28.0,8.5,83,12.9,24,93
2026-06-18,833,Bến Tre,Viet Nam,10.2424,106.3752,32.9,25.5,28.2,2.8,83,15.2,75,97
2026-06-18,645,Hà Tĩnh,Viet Nam,18.3421,105.9038,37.5,29.9,33.0,0.6,55,23.3,33,98
2026-06-18,767,Kiên Giang,Viet Nam,10.0122,105.0809,31.4,25.3,28.0,4.2,85,20.2,66,95
2026-06-18,215,Hải Dương,Viet Nam,20.9391,106.3146,33.5,28.9,30.9,0.0,73,16.5,63,99
2026-06-18,620,Cần Thơ,Viet Nam,10.0451,105.7462,32.4,25.2,27.9,2.2,85,11.4,73,98
2026-06-18,811,Điện Biên,Viet Nam,21.3833,103.0167,30.7,24.0,26.6,4.7,85,13.4,23,98
2026-06-18,132,Đắk Nông,Viet Nam,12.0,107.7,29.5,20.8,24.3,5.5,86,11.3,30,85
2026-06-18,981,Quảng Bình,Viet Nam,17.4731,106.5962,37.5,28.6,31.9,0.6,60,19.1,31,91
2026-06-18,108,Lào Cai,Viet Nam,22.4856,103.9707,32.5,27.1,29.5,0.6,81,8.0,22,99
2026-06-18,701,Hà Nội,Viet Nam,21.0285,105.8542,33.7,28.1,30.6,0.3,75,15.0,71,99
2026-06-18,861,Lạng Sơn,Viet Nam,21.8519,106.7614,30.3,25.9,27.8,0.7,83,17.2,41,99
2026-06-18,784,Bình Thuận,Viet Nam,10.9333,108.1,33.2,24.5,28.3,1.3,81,18.2,38,89
2026-06-18,495,Nghệ An,Viet Nam,18.6667,105.6667,37.7,30.6,34.0,0.1,48,21.4,36,98
2026-06-18,237,Hải Phòng,Viet Nam,20.8449,106.6881,33.5,27.2,30.6,1.8,77,14.8,40,98
2026-06-18,122,Lâm Đồng,Viet Nam,11.9404,108.4419,24.4,15.7,19.7,4.0,88,9.4,26,85
2026-06-18,951,Bình Dương,Viet Nam,11.0531,106.6661,33.0,24.3,27.8,10.9,83,10.6,70,97
2026-06-18,696,Hà Nam,Viet Nam,20.5463,105.9142,33.5,27.0,29.9,1.6,78,15.3,60,99
2026-06-18,249,Phú Yên,Viet Nam,13.0883,109.3045,36.5,26.8,30.8,2.3,64,17.0,59,68
2026-06-18,910,Cao Bằng,Viet Nam,22.6661,106.2635,30.8,25.8,27.6,13.1,92,12.8,37,100
2026-06-18,385,Hà Giang,Viet Nam,22.8233,104.9836,31.6,25.6,28.1,12.9,88,6.1,31,99
2026-06-18,463,Hậu Giang,Viet Nam,9.7845,105.4735,32.5,25.0,27.7,2.5,85,9.1,65,93
2026-06-18,255,Long An,Viet Nam,10.5332,105.4053,31.4,25.5,27.6,10.7,87,15.4,79,96
2026-06-18,347,Bình Phước,Viet Nam,11.7516,106.8778,31.7,23.7,27.2,6.0,84,12.5,58,90
2026-06-18,707,Bắc Ninh,Viet Nam,21.1861,106.0763,33.6,28.5,30.6,0.6,74,16.6,71,99
2026-06-18,193,Bắc Kạn,Viet Nam,22.147,105.8326,31.1,26.4,28.0,5.3,92,9.9,65,99
2026-06-18,797,Gia Lai,Viet Nam,13.9833,108.0,28.5,21.2,24.1,2.7,86,12.8,27,90
2026-06-18,252,Phú Thọ,Viet Nam,21.3235,105.4011,34.3,29.0,30.9,0.4,76,15.8,72,99
2026-06-18,511,Hòa Bình,Viet Nam,20.8171,105.3375,34.6,28.1,30.6,0.3,80,12.8,46,100
2026-06-18,960,Lai Châu,Viet Nam,22.3959,103.4621,27.1,21.2,23.9,25.5,87,5.2,20,99
2026-06-18,168,An Giang,Viet Nam,10.5185,105.1152,31.6,24.9,27.3,12.4,89,14.4,71,96
2026-06-18,590,Đà Nẵng,Viet Nam,16.0471,108.2068,38.1,27.5,32.1,0.7,63,15.7,67,91
2026-06-18,813,Đồng Tháp,Viet Nam,10.4552,105.6323,31.7,25.3,27.7,9.1,86,13.7,79,97
2026-06-18,208,Ninh Thuận,Viet Nam,11.5647,108.9892,34.3,25.4,29.2,3.0,78,19.7,34,82
2026-06-18,669,Hưng Yên,Viet Nam,20.6465,106.0511,33.7,28.5,30.5,0.8,76,16.6,68,99
2026-06-18,327,Bà Rịa – Vũng Tàu,Viet Nam,10.4114,107.1362,31.2,25.6,28.3,1.6,82,17.2,35,94
2026-06-18,196,Đắk Lắk,Viet Nam,12.6667,108.05,31.0,22.0,25.3,7.0,86,11.3,31,80
2026-06-18,160,Nam Định,Viet Nam,20.4231,106.1681,34.8,29.4,31.3,0.6,70,14.9,60,98
2026-06-18,365,Cà Mau,Viet Nam,9.1769,105.1501,32.1,26.0,28.2,9.7,85,11.5,28,92
2026-06-18,278,Đồng Nai,Viet Nam,10.9575,106.8427,33.0,25.1,28.2,2.6,82,9.7,77,96
2026-06-18,416,Ninh Bình,Viet Nam,20.2506,105.9744,35.2,29.0,31.4,0.4,67,15.9,60,98
2026-06-18,684,Khánh Hòa,Viet Nam,12.2467,109.1833,33.1,26.4,29.6,0.7,80,15.3,54,77
2026-06-18,226,Kon Tum,Viet Nam,14.35,108.0,32.0,23.1,26.3,5.1,79,15.1,26,94
2026-06-18,123,Quảng Trị,Viet Nam,16.75,107.1833,37.7,27.5,32.5,0.5,55,22.7,29,92
2026-06-18,849,Bắc Giang,Viet Nam,21.2731,106.1946,33.0,28.8,30.6,1.2,76,15.0,71,99
2026-06-19,511,Hòa Bình,Viet Nam,20.8171,105.3375,34.8,27.3,31.1,0.8,74,14.6,40,98
2026-06-19,707,Bắc Ninh,Viet Nam,21.1861,106.0763,33.8,27.9,30.9,0.0,72,17.3,72,100
2026-06-19,960,Lai Châu,Viet Nam,22.3959,103.4621,26.1,21.2,23.3,22.2,92,6.5,20,99
2026-06-19,495,Nghệ An,Viet Nam,18.6667,105.6667,36.9,29.4,33.1,0.0,52,19.3,31,99
2026-06-19,255,Long An,Viet Nam,10.5332,105.4053,32.1,25.9,28.1,0.8,85,14.3,81,95
2026-06-19,347,Bình Phước,Viet Nam,11.7516,106.8778,32.0,24.1,27.6,4.0,83,10.1,64,97
2026-06-19,645,Hà Tĩnh,Viet Nam,18.3421,105.9038,36.5,29.7,32.7,0.1,55,22.1,30,99
2026-06-19,168,An Giang,Viet Nam,10.5185,105.1152,32.4,25.4,28.0,3.2,87,9.1,75,94
2026-06-19,590,Đà Nẵng,Viet Nam,16.0471,108.2068,36.8,27.1,31.3,0.2,70,18.4,70,56
2026-06-19,463,Hậu Giang,Viet Nam,9.7845,105.4735,31.5,25.5,27.8,2.3,87,11.4,70,92
2026-06-19,385,Hà Giang,Viet Nam,22.8233,104.9836,29.9,24.9,26.9,28.5,95,4.7,29,100
2026-06-19,910,Cao Bằng,Viet Nam,22.6661,106.2635,30.0,24.9,27.3,25.8,96,7.7,54,100
2026-06-19,813,Đồng Tháp,Viet Nam,10.4552,105.6323,32.3,25.8,28.1,1.3,86,9.7,81,89
2026-06-19,249,Phú Yên,Viet Nam,13.0883,109.3045,34.3,25.7,29.9,0.4,68,27.7,54,43
2026-06-19,696,Hà Nam,Viet Nam,20.5463,105.9142,33.7,26.9,30.6,0.0,73,16.4,56,97
2026-06-19,208,Ninh Thuận,Viet Nam,11.5647,108.9892,34.1,25.9,29.7,0.8,73,16.3,40,54
2026-06-19,365,Cà Mau,Viet Nam,9.1769,105.1501,32.2,26.3,28.2,5.1,84,7.6,39,97
2026-06-19,951,Bình Dương,Viet Nam,11.0531,106.6661,33.1,25.0,28.5,1.5,80,12.6,73,92
2026-06-19,122,Lâm Đồng,Viet Nam,11.9404,108.4419,24.6,15.5,19.9,0.2,86,9.5,32,97
2026-06-19,669,Hưng Yên,Viet Nam,20.6465,106.0511,33.7,27.5,30.6,0.0,74,17.3,66,99
2026-06-19,237,Hải Phòng,Viet Nam,20.8449,106.6881,33.1,27.7,30.6,5.1,78,15.7,39,99
2026-06-19,123,Quảng Trị,Viet Nam,16.75,107.1833,38.3,27.7,32.7,1.3,55,21.0,39,91
2026-06-19,784,Bình Thuận,Viet Nam,10.9333,108.1,31.9,25.7,28.7,1.4,79,14.6,48,93
2026-06-19,327,Bà Rịa – Vũng Tàu,Viet Nam,10.4114,107.1362,31.5,26.8,29.5,0.4,73,15.2,38,97
2026-06-19,196,Đắk Lắk,Viet Nam,12.6667,108.05,30.6,22.7,26.3,5.0,81,10.3,38,89
2026-06-19,133,Bình Định,Viet Nam,13.782,109.2194,35.9,27.2,30.3,0.2,69,22.2,47,39
2026-06-19,160,Nam Định,Viet Nam,20.4231,106.1681,34.0,27.9,31.2,0.3,69,18.1,56,99
2026-06-19,278,Đồng Nai,Viet Nam,10.9575,106.8427,33.0,26.0,29.0,1.1,79,12.3,77,94
2026-06-19,496,Bạc Liêu,Viet Nam,9.2941,105.7242,32.1,26.3,28.3,5.4,84,7.3,31,93
2026-06-19,701,Hà Nội,Viet Nam,21.0285,105.8542,33.5,27.9,30.8,0.3,73,16.8,72,99
2026-06-19,861,Lạng Sơn,Viet Nam,21.8519,106.7614,30.6,25.3,28.0,0.5,79,17.8,43,99
2026-06-19,108,Lào Cai,Viet Nam,22.4856,103.9707,32.5,26.6,29.7,1.0,79,8.5,23,98
2026-06-19,416,Ninh Bình,Viet Nam,20.2506,105.9744,34.1,26.8,30.8,1.1,73,17.8,56,99
2026-06-19,981,Quảng Bình,Viet Nam,17.4731,106.5962,37.6,28.5,32.1,0.4,59,21.0,33,95
2026-06-19,132,Đắk Nông,Viet Nam,12.0,107.7,30.4,21.3,24.8,2.6,83,11.4,36,96
2026-06-19,833,Bến Tre,Viet Nam,10.2424,106.3752,33.6,25.9,28.5,1.2,83,9.0,76,95
2026-06-19,684,Khánh Hòa,Viet Nam,12.2467,109.1833,33.0,26.4,29.5,0.0,75,20.0,49,56
2026-06-19,620,Cần Thơ,Viet Nam,10.0451,105.7462,32.2,25.8,28.0,1.8,85,13.0,76,91
2026-06-19,226,Kon Tum,Viet Nam,14.35,108.0,32.0,22.3,26.7,3.5,75,12.2,28,54
2026-06-19,215,Hải Dương,Viet Nam,20.9391,106.3146,33.3,27.5,30.4,0.4,75,16.5,60,99
2026-06-19,811,Điện Biên,Viet Nam,21.3833,103.0167,30.0,23.3,26.2,21.4,88,12.6,21,99
2026-06-19,849,Bắc Giang,Viet Nam,21.2731,106.1946,33.4,28.2,30.6,0.0,74,17.7,72,100
2026-06-19,797,Gia Lai,Viet Nam,13.9833,108.0,29.2,21.0,24.8,1.8,81,14.0,29,74
2026-06-19,193,Bắc Kạn,Viet Nam,22.147,105.8326,31.7,25.5,28.1,14.0,94,9.3,67,100
2026-06-19,252,Phú Thọ,Viet Nam,21.3235,105.4011,34.2,28.5,31.4,0.0,73,19.9,71,99
2026-06-19,767,Kiên Giang,Viet Nam,10.0122,105.0809,31.4,25.6,27.9,2.4,86,9.1,68,90
2026-06-19,146,Tiền Giang,Viet Nam,10.3606,106.3636,33.2,25.7,28.5,2.1,83,10.2,76,93
2026-06-19,521,TP. Hồ Chí Minh,Viet Nam,10.8231,106.6297,33.6,25.7,29.0,0.6,78,11.7,77,89
2026-06-19,729,Phú Quốc,Viet Nam,10.279526,104.003538,32.5,26.1,27.7,7.3,85,9.0,21,97
2026-06-19,275,Tuyên Quang,Viet Nam,21.8159,105.2132,32.5,26.1,29.0,1.6,87,9.0,66,99
2026-06-19,587,Trà Vinh,Viet Nam,9.9342,106.3339,32.8,25.5,28.1,1.3,84,12.4,76,95
2026-06-19,110,Thái Nguyên,Viet Nam,21.5939,105.8481,33.8,27.7,30.5,0.2,76,13.7,68,99
2026-06-19,288,Hoàng Sa,Viet Nam,16.641233,112.742024,30.5,29.5,30.1,0.2,77,32.9,27,22
2026-06-19,915,Tây Ninh,Viet Nam,11.3125,106.1006,33.0,24.8,28.0,2.6,83,18.0,67,94
2026-06-19,201,Trường Sa,Viet Nam,10.66936,115.833324,30.9,29.3,30.1,0.5,68,15.2,22,79
2026-06-19,547,Sóc Trăng,Viet Nam,9.6019,105.9731,32.2,25.7,28.1,2.6,84,9.7,77,94
2026-06-19,456,Vĩnh Phúc,Viet Nam,21.3089,105.6047,34.6,27.8,31.1,0.0,70,19.8,71,99
2026-06-19,326,Thừa Thiên Huế,Viet Nam,16.4633,107.5847,36.6,26.6,31.3,0.3,68,13.3,51,81
2026-06-19,734,Yên Bái,Viet Nam,21.7051,104.8751,34.9,25.9,29.5,10.6,88,7.3,69,99
2026-06-19,503,Sơn La,Viet Nam,21.3262,103.9149,29.1,22.9,25.4,17.8,91,12.6,23,99
2026-06-19,920,Vĩnh Long,Viet Nam,10.2536,105.9723,33.2,25.6,28.2,2.0,84,11.3,80,91
2026-06-19,454,Thanh Hóa,Viet Nam,19.8075,105.7764,36.9,28.0,32.4,1.5,61,17.7,37,98
2026-06-19,872,Thái Bình,Viet Nam,20.4463,106.3364,34.8,28.0,31.5,0.6,68,18.4,41,99
2026-06-20,729,Phú Quốc,Viet Nam,10.279526,104.003538,31.1,24.0,27.1,6.4,88,10.8,26,93
2026-06-20,521,TP. Hồ Chí Minh,Viet Nam,10.8231,106.6297,34.2,25.9,29.1,1.3,80,14.4,77,51
2026-06-20,326,Thừa Thiên Huế,Viet Nam,16.4633,107.5847,37.3,26.8,31.2,0.7,69,17.5,45,57
2026-06-20,872,Thái Bình,Viet Nam,20.4463,106.3364,36.9,29.7,32.4,0.0,67,19.1,51,98
2026-06-20,146,Tiền Giang,Viet Nam,10.3606,106.3636,33.9,26.1,28.7,2.5,83,13.2,83,47
2026-06-20,547,Sóc Trăng,Viet Nam,9.6019,105.9731,32.1,26.0,28.4,1.5,82,11.8,89,54
2026-06-20,110,Thái Nguyên,Viet Nam,21.5939,105.8481,34.9,26.4,29.9,6.5,80,18.4,67,99
2026-06-20,454,Thanh Hóa,Viet Nam,19.8075,105.7764,38.8,29.4,33.2,0.4,58,20.2,48,91
2026-06-20,201,Trường Sa,Viet Nam,10.66936,115.833324,31.3,28.9,30.6,0.7,65,11.6,20,52
2026-06-20,920,Vĩnh Long,Viet Nam,10.2536,105.9723,33.4,25.6,28.3,3.4,83,17.9,91,54
2026-06-20,915,Tây Ninh,Viet Nam,11.3125,106.1006,33.6,25.2,28.1,6.0,86,24.0,70,60
2026-06-20,503,Sơn La,Viet Nam,21.3262,103.9149,27.8,22.9,24.9,20.9,96,7.0,23,99
2026-06-20,275,Tuyên Quang,Viet Nam,21.8159,105.2132,32.9,25.6,29.2,1.1,82,15.7,68,99
2026-06-20,456,Vĩnh Phúc,Viet Nam,21.3089,105.6047,35.8,26.6,30.7,2.2,72,19.2,70,99
2026-06-20,587,Trà Vinh,Viet Nam,9.9342,106.3339,32.5,25.6,28.4,1.9,83,12.1,84,43
2026-06-20,734,Yên Bái,Viet Nam,21.7051,104.8751,34.3,26.2,29.6,1.8,80,7.5,76,99
2026-06-20,288,Hoàng Sa,Viet Nam,16.641233,112.742024,30.2,29.5,29.9,0.0,78,28.9,23,14
2026-06-20,511,Hòa Bình,Viet Nam,20.8171,105.3375,35.5,27.6,31.2,0.1,74,11.9,48,98
2026-06-20,365,Cà Mau,Viet Nam,9.1769,105.1501,32.1,26.2,28.2,8.5,86,10.8,65,62
2026-06-20,278,Đồng Nai,Viet Nam,10.9575,106.8427,33.7,26.1,28.9,2.8,81,13.1,77,46
2026-06-20,696,Hà Nam,Viet Nam,20.5463,105.9142,35.5,27.5,30.8,0.3,73,12.6,62,97
2026-06-20,797,Gia Lai,Viet Nam,13.9833,108.0,29.7,21.3,25.3,0.2,77,11.0,34,47
2026-06-20,701,Hà Nội,Viet Nam,21.0285,105.8542,34.8,27.2,30.6,3.0,77,12.3,70,99
2026-06-20,684,Khánh Hòa,Viet Nam,12.2467,109.1833,33.4,26.1,29.4,0.0,76,19.8,60,5
2026-06-20,132,Đắk Nông,Viet Nam,12.0,107.7,30.9,22.1,25.4,2.3,82,7.7,28,43
2026-06-20,160,Nam Định,Viet Nam,20.4231,106.1681,36.0,29.4,32.1,0.4,68,16.9,62,98
2026-06-20,645,Hà Tĩnh,Viet Nam,18.3421,105.9038,38.6,29.7,33.6,0.0,52,23.4,36,85
2026-06-20,252,Phú Thọ,Viet Nam,21.3235,105.4011,36.0,27.6,31.5,0.3,71,21.0,70,99
2026-06-20,108,Lào Cai,Viet Nam,22.4856,103.9707,33.0,25.8,29.3,1.9,81,7.8,21,95
2026-06-20,208,Ninh Thuận,Viet Nam,11.5647,108.9892,34.2,26.7,30.2,0.3,71,18.2,28,8
2026-06-20,416,Ninh Bình,Viet Nam,20.2506,105.9744,36.4,28.4,31.6,0.0,69,18.3,62,97
2026-06-20,861,Lạng Sơn,Viet Nam,21.8519,106.7614,30.9,24.6,27.7,5.4,84,15.9,42,99
2026-06-20,981,Quảng Bình,Viet Nam,17.4731,106.5962,39.0,28.2,33.0,0.1,56,18.2,31,59
2026-06-20,385,Hà Giang,Viet Nam,22.8233,104.9836,31.3,25.3,27.0,29.9,91,7.9,32,99
2026-06-20,215,Hải Dương,Viet Nam,20.9391,106.3146,35.4,28.0,31.3,0.6,73,13.7,62,96
2026-06-20,168,An Giang,Viet Nam,10.5185,105.1152,32.3,25.3,27.8,7.1,89,10.8,95,69
2026-06-20,590,Đà Nẵng,Viet Nam,16.0471,108.2068,36.1,27.4,31.1,0.0,71,14.8,69,34
2026-06-20,951,Bình Dương,Viet Nam,11.0531,106.6661,33.8,25.3,28.4,2.7,83,14.9,74,42
2026-06-20,226,Kon Tum,Viet Nam,14.35,108.0,33.1,23.0,27.6,0.5,73,9.8,29,48
2026-06-20,463,Hậu Giang,Viet Nam,9.7845,105.4735,32.6,25.3,27.6,5.5,87,13.1,85,55
2026-06-20,669,Hưng Yên,Viet Nam,20.6465,106.0511,34.9,28.1,31.1,0.1,73,15.0,68,97
2026-06-20,347,Bình Phước,Viet Nam,11.7516,106.8778,32.7,24.4,27.7,10.0,84,18.4,66,47
2026-06-20,122,Lâm Đồng,Viet Nam,11.9404,108.4419,24.6,15.1,19.5,6.0,88,8.8,26,74
2026-06-20,496,Bạc Liêu,Viet Nam,9.2941,105.7242,32.4,26.9,28.9,1.7,81,10.3,53,73
2026-06-20,833,Bến Tre,Viet Nam,10.2424,106.3752,34.0,26.2,28.8,2.0,83,13.5,83,48
2026-06-20,123,Quảng Trị,Viet Nam,16.75,107.1833,39.3,27.2,32.3,1.9,60,19.2,33,66
2026-06-20,767,Kiên Giang,Viet Nam,10.0122,105.0809,31.5,25.6,27.9,4.7,86,11.6,88,63
2026-06-20,237,Hải Phòng,Viet Nam,20.8449,106.6881,36.4,29.2,31.5,0.4,76,15.6,45,97
2026-06-20,813,Đồng Tháp,Viet Nam,10.4552,105.6323,32.6,26.0,28.1,4.4,87,19.5,96,58
2026-06-20,255,Long An,Viet Nam,10.5332,105.4053,32.6,25.9,28.0,7.9,88,15.5,96,65
2026-06-20,849,Bắc Giang,Viet Nam,21.2731,106.1946,34.0,27.5,30.5,4.4,80,14.1,70,97
2026-06-20,784,Bình Thuận,Viet Nam,10.9333,108.1,32.1,25.0,29.0,3.2,77,15.9,35,45
2026-06-20,910,Cao Bằng,Viet Nam,22.6661,106.2635,32.6,24.8,27.6,7.2,91,9.3,49,97
2026-06-20,327,Bà Rịa – Vũng Tàu,Viet Nam,10.4114,107.1362,31.7,28.2,29.8,0.8,71,17.8,38,54
2026-06-20,707,Bắc Ninh,Viet Nam,21.1861,106.0763,34.4,27.2,30.5,1.6,78,14.1,70,96
2026-06-20,960,Lai Châu,Viet Nam,22.3959,103.4621,27.3,20.5,22.7,28.1,93,6.3,20,99
2026-06-20,620,Cần Thơ,Viet Nam,10.0451,105.7462,32.8,25.7,28.0,4.0,85,11.3,96,54
2026-06-20,811,Điện Biên,Viet Nam,21.3833,103.0167,28.2,23.1,25.3,24.6,94,7.9,19,93
2026-06-20,249,Phú Yên,Viet Nam,13.0883,109.3045,34.5,26.9,30.1,0.7,68,18.7,56,18
2026-06-20,196,Đắk Lắk,Viet Nam,12.6667,108.05,31.0,22.9,26.2,4.2,83,14.5,35,37
2026-06-20,193,Bắc Kạn,Viet Nam,22.147,105.8326,33.0,25.7,28.4,8.7,90,12.7,68,99
2026-06-20,495,Nghệ An,Viet Nam,18.6667,105.6667,39.4,29.1,34.3,0.5,50,19.2,50,75
2026-06-20,133,Bình Định,Viet Nam,13.782,109.2194,34.8,26.8,30.0,0.3,71,21.7,45,22
2026-06-21,669,Hưng Yên,Viet Nam,20.6465,106.0511,34.9,27.7,30.8,0.0,78,14.5,74,89
2026-06-21,767,Kiên Giang,Viet Nam,10.0122,105.0809,31.6,27.8,29.5,0.8,74,16.1,75,85
2026-06-21,910,Cao Bằng,Viet Nam,22.6661,106.2635,32.8,25.4,28.4,1.2,82,14.1,49,95
2026-06-21,365,Cà Mau,Viet Nam,9.1769,105.1501,31.8,26.5,28.8,2.2,78,13.5,45,87
2026-06-21,590,Đà Nẵng,Viet Nam,16.0471,108.2068,36.2,27.7,31.5,0.4,68,13.7,68,75
2026-06-21,811,Điện Biên,Viet Nam,21.3833,103.0167,28.9,23.0,25.7,7.2,89,9.8,19,93
2026-06-21,278,Đồng Nai,Viet Nam,10.9575,106.8427,33.6,24.7,29.3,6.9,78,12.9,80,78
2026-06-21,196,Đắk Lắk,Viet Nam,12.6667,108.05,31.2,22.9,25.9,4.5,85,9.9,38,89
2026-06-21,849,Bắc Giang,Viet Nam,21.2731,106.1946,35.1,27.2,30.5,0.6,79,14.2,74,89
2026-06-21,684,Khánh Hòa,Viet Nam,12.2467,109.1833,33.5,26.2,29.7,0.0,74,15.4,61,68
2026-06-21,122,Lâm Đồng,Viet Nam,11.9404,108.4419,25.3,15.2,19.5,5.2,86,8.0,29,76
2026-06-21,347,Bình Phước,Viet Nam,11.7516,106.8778,31.7,23.9,27.6,3.4,86,9.0,60,85
2026-06-21,701,Hà Nội,Viet Nam,21.0285,105.8542,34.8,27.6,30.7,0.6,78,11.4,74,94
2026-06-21,168,An Giang,Viet Nam,10.5185,105.1152,32.4,26.0,28.9,1.7,79,11.6,81,75
2026-06-21,861,Lạng Sơn,Viet Nam,21.8519,106.7614,31.3,24.8,27.6,2.7,86,16.8,53,89
2026-06-21,496,Bạc Liêu,Viet Nam,9.2941,105.7242,32.6,26.4,29.0,1.8,78,13.9,35,91
2026-06-21,133,Bình Định,Viet Nam,13.782,109.2194,36.1,26.7,30.7,0.0,67,19.7,61,40
2026-06-21,160,Nam Định,Viet Nam,20.4231,106.1681,36.0,28.6,31.8,0.4,72,15.6,66,92
2026-06-21,463,Hậu Giang,Viet Nam,9.7845,105.4735,31.9,25.5,28.4,1.2,81,12.4,81,88
2026-06-21,327,Bà Rịa – Vũng Tàu,Viet Nam,10.4114,107.1362,32.1,27.0,30.1,0.7,71,16.0,39,74
2026-06-21,797,Gia Lai,Viet Nam,13.9833,108.0,29.7,21.5,25.0,2.4,81,13.8,39,74
2026-06-21,495,Nghệ An,Viet Nam,18.6667,105.6667,39.1,30.3,34.8,0.2,47,22.8,56,82
2026-06-21,833,Bến Tre,Viet Nam,10.2424,106.3752,33.6,25.9,29.1,0.4,80,11.0,83,88
2026-06-21,208,Ninh Thuận,Viet Nam,11.5647,108.9892,35.3,26.6,30.8,0.0,68,17.8,30,58
2026-06-21,620,Cần Thơ,Viet Nam,10.0451,105.7462,32.6,25.8,28.6,1.8,80,13.1,88,89
2026-06-21,707,Bắc Ninh,Viet Nam,21.1861,106.0763,35.2,27.1,30.6,0.4,78,15.3,74,90
2026-06-21,416,Ninh Bình,Viet Nam,20.2506,105.9744,35.9,27.8,31.3,0.0,74,15.0,66,94
2026-06-21,813,Đồng Tháp,Viet Nam,10.4552,105.6323,32.3,26.2,28.9,3.0,80,13.0,92,80
2026-06-21,252,Phú Thọ,Viet Nam,21.3235,105.4011,36.8,28.0,31.7,0.9,70,17.5,71,98
2026-06-21,237,Hải Phòng,Viet Nam,20.8449,106.6881,34.3,28.8,31.1,0.5,79,14.7,49,88
2026-06-21,981,Quảng Bình,Viet Nam,17.4731,106.5962,39.0,28.7,33.5,0.0,54,18.6,33,90
2026-06-21,249,Phú Yên,Viet Nam,13.0883,109.3045,35.4,27.2,31.0,0.0,64,16.7,67,85
2026-06-21,215,Hải Dương,Viet Nam,20.9391,106.3146,35.5,27.7,30.9,0.7,78,13.2,65,82
2026-06-21,511,Hòa Bình,Viet Nam,20.8171,105.3375,36.3,27.6,30.8,2.2,80,10.7,37,97
2026-06-21,696,Hà Nam,Viet Nam,20.5463,105.9142,35.2,26.9,30.5,0.2,79,12.9,66,91
2026-06-21,385,Hà Giang,Viet Nam,22.8233,104.9836,32.0,25.5,28.5,2.6,82,8.6,33,97
2026-06-21,123,Quảng Trị,Viet Nam,16.75,107.1833,38.6,27.0,32.0,0.5,64,19.2,41,92
2026-06-21,255,Long An,Viet Nam,10.5332,105.4053,32.2,26.2,29.0,1.6,78,13.1,92,73
2026-06-21,193,Bắc Kạn,Viet Nam,22.147,105.8326,32.8,25.6,28.6,2.9,86,11.9,67,98
2026-06-21,951,Bình Dương,Viet Nam,11.0531,106.6661,33.4,24.5,29.0,2.2,78,8.8,72,77
2026-06-21,132,Đắk Nông,Viet Nam,12.0,107.7,29.7,21.8,24.3,6.3,89,12.5,26,85
2026-06-21,960,Lai Châu,Viet Nam,22.3959,103.4621,25.3,20.7,22.7,17.3,92,7.4,19,99
2026-06-21,645,Hà Tĩnh,Viet Nam,18.3421,105.9038,38.3,29.8,34.1,0.0,50,19.8,38,78
2026-06-21,226,Kon Tum,Viet Nam,14.35,108.0,33.3,23.1,27.4,5.4,73,14.8,35,80
2026-06-21,784,Bình Thuận,Viet Nam,10.9333,108.1,33.9,26.1,29.8,0.9,72,18.8,37,73
2026-06-21,108,Lào Cai,Viet Nam,22.4856,103.9707,31.9,26.0,29.1,0.3,80,10.5,20,95
2026-06-21,920,Vĩnh Long,Viet Nam,10.2536,105.9723,33.4,25.6,29.1,0.2,78,14.1,90,88
2026-06-21,275,Tuyên Quang,Viet Nam,21.8159,105.2132,32.9,26.4,29.0,3.6,81,13.0,67,97
2026-06-21,587,Trà Vinh,Viet Nam,9.9342,106.3339,32.9,25.3,28.6,1.1,81,14.2,85,90
2026-06-21,456,Vĩnh Phúc,Viet Nam,21.3089,105.6047,36.5,27.4,31.1,0.1,71,12.5,71,97
2026-06-21,872,Thái Bình,Viet Nam,20.4463,106.3364,36.1,29.1,32.2,0.1,69,16.7,50,91
2026-06-21,110,Thái Nguyên,Viet Nam,21.5939,105.8481,34.6,26.4,29.7,1.3,80,15.7,69,95
2026-06-21,547,Sóc Trăng,Viet Nam,9.6019,105.9731,32.3,25.6,28.5,1.7,81,12.8,87,89
2026-06-21,288,Hoàng Sa,Viet Nam,16.641233,112.742024,30.6,29.7,30.1,0.0,76,17.8,24,8
2026-06-21,146,Tiền Giang,Viet Nam,10.3606,106.3636,33.7,26.0,29.3,0.8,79,9.1,83,88
2026-06-21,521,TP. Hồ Chí Minh,Viet Nam,10.8231,106.6297,34.0,26.2,29.8,1.1,75,7.4,80,78
2026-06-21,326,Thừa Thiên Huế,Viet Nam,16.4633,107.5847,35.8,25.7,30.3,4.6,75,17.1,51,85
2026-06-21,729,Phú Quốc,Viet Nam,10.279526,104.003538,31.5,25.4,27.9,4.8,82,12.7,27,78
2026-06-21,503,Sơn La,Viet Nam,21.3262,103.9149,28.4,22.8,25.2,10.9,93,8.9,23,99
2026-06-21,915,Tây Ninh,Viet Nam,11.3125,106.1006,33.7,25.9,29.4,0.6,76,9.5,71,78
2026-06-21,201,Trường Sa,Viet Nam,10.66936,115.833324,31.5,27.5,29.5,2.9,72,15.6,20,94
2026-06-21,734,Yên Bái,Viet Nam,21.7051,104.8751,33.5,26.5,29.2,2.2,85,4.9,69,95
2026-06-21,454,Thanh Hóa,Viet Nam,19.8075,105.7764,38.9,28.8,32.9,1.5,60,18.7,60,92
2026-06-22,326,Thừa Thiên Huế,Viet Nam,16.4633,107.5847,37.1,27.4,31.9,0.4,66,11.7,50,16
2026-06-22,110,Thái Nguyên,Viet Nam,21.5939,105.8481,33.8,26.8,29.9,1.6,77,19.9,71,41
2026-06-22,872,Thái Bình,Viet Nam,20.4463,106.3364,34.8,29.1,31.9,0.0,63,16.4,50,83
2026-06-22,454,Thanh Hóa,Viet Nam,19.8075,105.7764,36.7,29.1,32.5,0.3,58,15.5,58,83
2026-06-22,201,Trường Sa,Viet Nam,10.66936,115.833324,29.5,26.6,28.5,8.4,78,26.3,21,83
2026-06-22,915,Tây Ninh,Viet Nam,11.3125,106.1006,33.9,26.5,29.5,0.2,79,11.4,67,60
2026-06-22,146,Tiền Giang,Viet Nam,10.3606,106.3636,34.1,26.6,30.0,1.0,76,12.6,76,65
2026-06-22,521,TP. Hồ Chí Minh,Viet Nam,10.8231,106.6297,34.5,25.2,30.0,7.4,76,9.0,92,65
2026-06-22,503,Sơn La,Viet Nam,21.3262,103.9149,29.4,23.9,26.0,2.5,82,14.4,20,64
2026-06-22,587,Trà Vinh,Viet Nam,9.9342,106.3339,33.2,26.3,29.5,1.1,76,12.6,75,64
2026-06-22,275,Tuyên Quang,Viet Nam,21.8159,105.2132,33.7,27.5,30.4,0.0,69,12.4,52,55
2026-06-22,288,Hoàng Sa,Viet Nam,16.641233,112.742024,30.0,29.7,29.8,0.0,80,31.2,26,29
2026-06-22,729,Phú Quốc,Viet Nam,10.279526,104.003538,31.6,26.7,28.6,2.5,79,14.7,26,73
2026-06-22,920,Vĩnh Long,Viet Nam,10.2536,105.9723,33.8,26.7,29.8,2.2,75,13.4,76,71
2026-06-22,547,Sóc Trăng,Viet Nam,9.6019,105.9731,32.6,27.0,29.4,1.1,77,14.3,72,65
2026-06-22,456,Vĩnh Phúc,Viet Nam,21.3089,105.6047,35.7,28.3,31.2,0.0,67,15.3,71,45
2026-06-22,734,Yên Bái,Viet Nam,21.7051,104.8751,34.6,26.5,30.3,0.7,76,13.4,54,55
2026-06-22,684,Khánh Hòa,Viet Nam,12.2467,109.1833,33.3,26.4,30.2,0.1,69,14.2,65,55
2026-06-22,590,Đà Nẵng,Viet Nam,16.0471,108.2068,37.2,27.7,31.9,0.2,66,11.6,68,15
2026-06-22,385,Hà Giang,Viet Nam,22.8233,104.9836,32.9,26.5,29.4,2.3,79,8.7,30,77
2026-06-22,813,Đồng Tháp,Viet Nam,10.4552,105.6323,32.9,27.0,29.6,0.2,78,13.9,77,69
2026-06-22,249,Phú Yên,Viet Nam,13.0883,109.3045,37.5,26.5,31.0,1.7,66,18.5,69,39
2026-06-22,215,Hải Dương,Viet Nam,20.9391,106.3146,34.3,28.3,31.1,0.0,69,16.1,65,70
2026-06-22,208,Ninh Thuận,Viet Nam,11.5647,108.9892,35.4,26.1,30.3,3.3,72,13.9,43,67
2026-06-22,495,Nghệ An,Viet Nam,18.6667,105.6667,38.5,31.2,34.2,0.1,47,20.5,47,62
2026-06-22,696,Hà Nam,Viet Nam,20.5463,105.9142,33.4,28.5,30.7,0.0,69,14.2,66,65
2026-06-22,951,Bình Dương,Viet Nam,11.0531,106.6661,33.6,23.9,29.2,7.8,79,13.1,77,68
2026-06-22,767,Kiên Giang,Viet Nam,10.0122,105.0809,31.9,28.4,30.1,1.0,73,18.2,53,68
2026-06-22,669,Hưng Yên,Viet Nam,20.6465,106.0511,33.6,28.6,31.0,0.0,70,15.5,74,66
2026-06-22,496,Bạc Liêu,Viet Nam,9.2941,105.7242,32.7,27.3,29.7,1.2,76,13.7,27,63
2026-06-22,122,Lâm Đồng,Viet Nam,11.9404,108.4419,25.8,15.4,19.7,6.9,85,10.8,36,71
2026-06-22,645,Hà Tĩnh,Viet Nam,18.3421,105.9038,38.4,28.2,33.1,0.4,54,12.8,33,60
2026-06-22,237,Hải Phòng,Viet Nam,20.8449,106.6881,34.5,28.6,31.4,0.0,70,12.0,49,63
2026-06-22,960,Lai Châu,Viet Nam,22.3959,103.4621,26.8,21.0,22.8,20.0,93,6.2,17,84
2026-06-22,784,Bình Thuận,Viet Nam,10.9333,108.1,36.1,24.6,30.1,7.8,73,16.2,57,69
2026-06-22,327,Bà Rịa – Vũng Tàu,Viet Nam,10.4114,107.1362,32.5,26.2,30.2,12.6,73,15.4,58,63
2026-06-22,132,Đắk Nông,Viet Nam,12.0,107.7,31.1,20.8,24.7,7.1,86,13.6,29,69
2026-06-22,108,Lào Cai,Viet Nam,22.4856,103.9707,34.7,28.4,31.0,0.1,69,9.6,19,70
2026-06-22,196,Đắk Lắk,Viet Nam,12.6667,108.05,30.8,22.3,26.2,3.5,81,17.0,35,55
2026-06-22,849,Bắc Giang,Viet Nam,21.2731,106.1946,33.2,28.4,30.6,0.1,71,16.1,75,50
2026-06-22,133,Bình Định,Viet Nam,13.782,109.2194,38.1,26.4,30.8,1.3,72,18.4,65,22
2026-06-22,861,Lạng Sơn,Viet Nam,21.8519,106.7614,29.9,26.4,27.6,3.4,81,19.6,49,51
2026-06-22,123,Quảng Trị,Viet Nam,16.75,107.1833,39.1,28.8,33.7,0.7,51,21.8,39,18
2026-06-22,278,Đồng Nai,Viet Nam,10.9575,106.8427,33.8,24.6,29.6,11.2,78,11.4,92,67
2026-06-22,252,Phú Thọ,Viet Nam,21.3235,105.4011,35.6,28.6,31.8,0.2,65,16.5,71,43
2026-06-22,701,Hà Nội,Viet Nam,21.0285,105.8542,32.6,28.1,30.2,0.0,73,15.4,75,52
2026-06-22,160,Nam Định,Viet Nam,20.4231,106.1681,34.5,28.7,31.6,0.1,65,15.8,66,83
2026-06-22,797,Gia Lai,Viet Nam,13.9833,108.0,30.3,21.9,25.1,2.6,79,15.0,30,24
2026-06-22,416,Ninh Bình,Viet Nam,20.2506,105.9744,34.5,28.7,31.2,0.0,68,16.2,66,79
2026-06-22,981,Quảng Bình,Viet Nam,17.4731,106.5962,39.3,29.9,33.7,0.6,50,20.4,31,32
2026-06-22,620,Cần Thơ,Viet Nam,10.0451,105.7462,32.8,26.7,29.4,0.5,77,13.0,73,73
2026-06-22,811,Điện Biên,Viet Nam,21.3833,103.0167,29.5,23.9,26.0,5.8,85,12.7,22,66
2026-06-22,511,Hòa Bình,Viet Nam,20.8171,105.3375,33.4,28.0,30.2,0.0,71,16.6,35,65
2026-06-22,833,Bến Tre,Viet Nam,10.2424,106.3752,33.6,26.5,29.7,0.8,77,11.3,76,66
2026-06-22,707,Bắc Ninh,Viet Nam,21.1861,106.0763,33.0,28.2,30.6,0.1,71,15.9,75,50
2026-06-22,255,Long An,Viet Nam,10.5332,105.4053,33.2,27.2,29.7,1.5,77,12.0,77,71
2026-06-22,365,Cà Mau,Viet Nam,9.1769,105.1501,32.7,27.1,29.4,2.1,75,16.7,26,59
2026-06-22,347,Bình Phước,Viet Nam,11.7516,106.8778,32.8,23.5,28.2,6.6,83,12.1,59,65
2026-06-22,226,Kon Tum,Viet Nam,14.35,108.0,33.3,23.6,27.3,2.4,77,11.4,26,33
2026-06-22,168,An Giang,Viet Nam,10.5185,105.1152,33.8,27.3,29.8,1.2,76,11.0,65,73
2026-06-22,193,Bắc Kạn,Viet Nam,22.147,105.8326,33.0,26.6,29.4,0.7,80,12.0,65,55
2026-06-22,910,Cao Bằng,Viet Nam,22.6661,106.2635,33.6,25.9,29.3,0.7,79,15.5,38,68
2026-06-22,463,Hậu Giang,Viet Nam,9.7845,105.4735,32.5,26.5,29.1,0.4,77,15.4,66,70
2026-06-23,684,Khánh Hòa,Viet Nam,12.2467,109.1833,35.2,27.4,31.2,0.3,67,16.3,60,49
2026-06-23,196,Đắk Lắk,Viet Nam,12.6667,108.05,30.9,23.2,26.0,4.6,85,17.9,35,61
2026-06-23,849,Bắc Giang,Viet Nam,21.2731,106.1946,35.9,29.1,32.2,0.1,66,12.7,68,55
2026-06-23,645,Hà Tĩnh,Viet Nam,18.3421,105.9038,38.7,29.3,33.8,0.0,52,16.5,28,38
2026-06-23,511,Hòa Bình,Viet Nam,20.8171,105.3375,37.3,29.2,32.6,0.0,63,14.2,28,55
2026-06-23,133,Bình Định,Viet Nam,13.782,109.2194,39.1,27.7,32.8,0.4,56,17.5,59,56
2026-06-23,108,Lào Cai,Viet Nam,22.4856,103.9707,35.4,28.2,31.7,0.1,67,9.5,21,94
2026-06-23,132,Đắk Nông,Viet Nam,12.0,107.7,28.8,21.8,24.3,3.0,89,14.7,32,83
2026-06-23,249,Phú Yên,Viet Nam,13.0883,109.3045,37.7,27.6,31.9,0.2,58,22.1,66,51
2026-06-23,365,Cà Mau,Viet Nam,9.1769,105.1501,32.0,26.7,28.8,2.5,80,19.4,27,93
2026-06-23,784,Bình Thuận,Viet Nam,10.9333,108.1,33.8,26.6,28.7,2.7,79,23.8,51,70
2026-06-23,327,Bà Rịa – Vũng Tàu,Viet Nam,10.4114,107.1362,31.6,27.6,29.1,2.3,81,17.8,55,93
2026-06-23,215,Hải Dương,Viet Nam,20.9391,106.3146,35.8,29.1,32.2,0.0,65,14.8,63,70
2026-06-23,707,Bắc Ninh,Viet Nam,21.1861,106.0763,36.3,28.8,32.3,0.0,64,13.4,68,54
2026-06-23,122,Lâm Đồng,Viet Nam,11.9404,108.4419,24.8,16.1,19.7,5.1,88,14.9,29,70
2026-06-23,255,Long An,Viet Nam,10.5332,105.4053,32.7,27.2,29.6,3.1,78,15.9,70,97
2026-06-23,123,Quảng Trị,Viet Nam,16.75,107.1833,39.4,29.4,34.2,0.2,46,27.7,34,28
2026-06-23,696,Hà Nam,Viet Nam,20.5463,105.9142,36.7,29.1,32.1,0.1,61,17.3,56,54
2026-06-23,960,Lai Châu,Viet Nam,22.3959,103.4621,29.0,22.3,24.8,6.7,84,6.0,18,96
2026-06-23,226,Kon Tum,Viet Nam,14.35,108.0,33.3,23.3,27.0,6.6,79,16.4,27,59
2026-06-23,463,Hậu Giang,Viet Nam,9.7845,105.4735,32.7,26.2,28.6,3.8,83,18.0,61,93
2026-06-23,237,Hải Phòng,Viet Nam,20.8449,106.6881,35.6,29.4,32.1,1.0,67,16.5,52,53
2026-06-23,347,Bình Phước,Viet Nam,11.7516,106.8778,30.9,24.0,26.7,7.8,92,13.6,55,91
2026-06-23,590,Đà Nẵng,Viet Nam,16.0471,108.2068,39.4,28.6,33.0,0.5,62,13.0,71,46
2026-06-23,496,Bạc Liêu,Viet Nam,9.2941,105.7242,32.6,26.5,28.8,2.4,82,18.5,27,90
2026-06-23,669,Hưng Yên,Viet Nam,20.6465,106.0511,36.0,29.2,32.2,0.1,64,17.4,65,54
2026-06-23,813,Đồng Tháp,Viet Nam,10.4552,105.6323,31.7,27.3,29.3,5.2,81,14.1,70,97
2026-06-23,910,Cao Bằng,Viet Nam,22.6661,106.2635,35.3,26.7,30.7,0.3,74,8.9,40,94
2026-06-23,495,Nghệ An,Viet Nam,18.6667,105.6667,39.1,31.3,34.7,0.0,45,25.2,34,30
2026-06-23,767,Kiên Giang,Viet Nam,10.0122,105.0809,31.2,28.7,29.8,2.0,76,23.3,38,96
2026-06-23,951,Bình Dương,Viet Nam,11.0531,106.6661,31.1,25.1,28.0,5.0,85,13.4,70,97
2026-06-23,208,Ninh Thuận,Viet Nam,11.5647,108.9892,38.2,27.3,31.8,1.3,65,16.7,39,54
2026-06-23,252,Phú Thọ,Viet Nam,21.3235,105.4011,37.9,30.1,33.5,0.0,58,16.4,64,62
2026-06-23,385,Hà Giang,Viet Nam,22.8233,104.9836,33.7,27.4,30.1,1.6,77,8.6,28,94
2026-06-23,981,Quảng Bình,Viet Nam,17.4731,106.5962,38.9,29.8,33.8,0.0,48,24.2,32,24
2026-06-23,861,Lạng Sơn,Viet Nam,21.8519,106.7614,33.6,26.3,29.5,0.3,74,16.3,46,66
2026-06-23,811,Điện Biên,Viet Nam,21.3833,103.0167,31.6,24.4,27.1,3.4,81,13.6,23,76
2026-06-23,797,Gia Lai,Viet Nam,13.9833,108.0,30.3,21.8,25.1,2.4,80,21.3,30,56
2026-06-23,620,Cần Thơ,Viet Nam,10.0451,105.7462,32.5,26.7,28.9,3.7,82,16.6,64,92
2026-06-23,168,An Giang,Viet Nam,10.5185,105.1152,32.9,27.1,29.8,1.6,77,17.9,51,91
2026-06-23,416,Ninh Bình,Viet Nam,20.2506,105.9744,36.1,29.1,32.4,0.0,62,18.2,56,58
2026-06-23,193,Bắc Kạn,Viet Nam,22.147,105.8326,34.6,27.5,30.6,0.2,77,11.0,63,88
2026-06-23,160,Nam Định,Viet Nam,20.4231,106.1681,36.1,29.5,32.5,0.5,62,18.6,56,56
2026-06-23,701,Hà Nội,Viet Nam,21.0285,105.8542,36.8,28.9,32.4,0.1,64,13.6,68,56
2026-06-23,833,Bến Tre,Viet Nam,10.2424,106.3752,31.6,26.5,28.6,4.2,84,9.5,73,94
2026-06-23,278,Đồng Nai,Viet Nam,10.9575,106.8427,31.3,25.9,28.4,4.1,85,13.2,80,92
2026-06-23,288,Hoàng Sa,Viet Nam,16.641233,112.742024,30.3,29.9,30.0,0.0,85,30.5,50,43
2026-06-23,920,Vĩnh Long,Viet Nam,10.2536,105.9723,32.5,26.7,29.4,3.8,78,17.5,72,92
2026-06-23,456,Vĩnh Phúc,Viet Nam,21.3089,105.6047,37.4,29.8,33.2,0.0,57,12.3,64,60
2026-06-23,734,Yên Bái,Viet Nam,21.7051,104.8751,36.3,26.6,31.2,0.2,73,6.1,50,82
2026-06-23,872,Thái Bình,Viet Nam,20.4463,106.3364,36.1,29.6,32.7,0.1,61,19.4,49,54
2026-06-23,110,Thái Nguyên,Viet Nam,21.5939,105.8481,35.4,27.8,31.4,0.0,72,7.4,67,66
2026-06-23,547,Sóc Trăng,Viet Nam,9.6019,105.9731,32.1,26.0,28.5,2.2,82,15.5,65,91
2026-06-23,503,Sơn La,Viet Nam,21.3262,103.9149,30.5,24.6,27.2,2.7,75,15.4,20,75
2026-06-23,454,Thanh Hóa,Viet Nam,19.8075,105.7764,38.1,29.6,33.5,0.0,54,19.7,35,50
2026-06-23,587,Trà Vinh,Viet Nam,9.9342,106.3339,31.5,26.0,28.6,2.2,81,16.4,70,91
2026-06-23,275,Tuyên Quang,Viet Nam,21.8159,105.2132,34.9,28.0,31.3,0.0,72,7.4,58,82
2026-06-23,146,Tiền Giang,Viet Nam,10.3606,106.3636,32.3,26.1,28.8,5.0,82,13.4,73,95
2026-06-23,521,TP. Hồ Chí Minh,Viet Nam,10.8231,106.6297,32.5,26.1,28.7,6.7,82,11.2,80,95
2026-06-23,201,Trường Sa,Viet Nam,10.66936,115.833324,30.0,27.2,29.3,7.7,76,33.9,24,83
2026-06-23,729,Phú Quốc,Viet Nam,10.279526,104.003538,31.0,26.8,28.1,3.6,83,18.8,27,98
2026-06-23,326,Thừa Thiên Huế,Viet Nam,16.4633,107.5847,39.1,27.8,33.0,0.6,57,14.0,37,37
2026-06-23,915,Tây Ninh,Viet Nam,11.3125,106.1006,32.2,25.7,28.5,8.9,84,13.2,64,90
2026-06-24,503,Sơn La,Viet Nam,21.3262,103.9149,31.6,24.1,27.4,5.3,81,14.3,23,86
2026-06-24,275,Tuyên Quang,Viet Nam,21.8159,105.2132,36.2,28.5,31.9,0.0,73,6.1,66,91
2026-06-24,123,Quảng Trị,Viet Nam,16.75,107.1833,39.9,30.6,34.7,0.3,44,26.6,35,50
2026-06-24,547,Sóc Trăng,Viet Nam,9.6019,105.9731,32.0,26.6,28.3,5.7,82,16.2,67,75
2026-06-24,201,Trường Sa,Viet Nam,10.66936,115.833324,29.6,27.7,28.8,7.0,79,33.2,27,96
2026-06-24,587,Trà Vinh,Viet Nam,9.9342,106.3339,33.6,26.5,28.8,2.7,79,18.3,76,70
2026-06-24,915,Tây Ninh,Viet Nam,11.3125,106.1006,34.6,27.0,29.9,0.5,74,14.1,62,62
2026-06-24,521,TP. Hồ Chí Minh,Viet Nam,10.8231,106.6297,35.2,25.8,29.5,4.2,78,15.3,78,58
2026-06-24,920,Vĩnh Long,Viet Nam,10.2536,105.9723,34.4,26.8,29.5,1.5,77,21.1,81,65
2026-06-24,110,Thái Nguyên,Viet Nam,21.5939,105.8481,36.3,29.3,32.3,0.0,71,7.4,71,91
2026-06-24,734,Yên Bái,Viet Nam,21.7051,104.8751,37.6,28.4,32.6,0.5,70,6.5,51,88
2026-06-24,729,Phú Quốc,Viet Nam,10.279526,104.003538,29.9,25.5,27.7,10.8,84,16.6,23,56
2026-06-24,288,Hoàng Sa,Viet Nam,16.641233,112.742024,30.7,30.0,30.3,0.0,85,38.5,52,83
2026-06-24,454,Thanh Hóa,Viet Nam,19.8075,105.7764,39.3,31.4,34.9,0.3,48,19.2,33,56
2026-06-24,456,Vĩnh Phúc,Viet Nam,21.3089,105.6047,38.1,30.2,33.8,0.0,59,8.6,69,92
2026-06-24,326,Thừa Thiên Huế,Viet Nam,16.4633,107.5847,40.0,28.5,33.6,0.2,54,12.6,43,49
2026-06-24,146,Tiền Giang,Viet Nam,10.3606,106.3636,34.7,26.4,29.3,2.2,81,15.6,79,67
2026-06-24,872,Thái Bình,Viet Nam,20.4463,106.3364,37.3,31.1,33.8,0.3,57,17.3,53,63
2026-06-24,590,Đà Nẵng,Viet Nam,16.0471,108.2068,40.2,28.8,33.6,0.3,59,16.1,70,39
2026-06-24,132,Đắk Nông,Viet Nam,12.0,107.7,30.3,21.2,25.0,1.7,84,11.3,26,61
2026-06-24,215,Hải Dương,Viet Nam,20.9391,106.3146,37.0,29.6,32.8,0.0,65,11.6,66,91
2026-06-24,620,Cần Thơ,Viet Nam,10.0451,105.7462,32.9,26.4,28.6,3.4,81,18.3,67,75
2026-06-24,981,Quảng Bình,Viet Nam,17.4731,106.5962,39.2,31.2,34.6,0.9,47,23.7,37,43
2026-06-24,701,Hà Nội,Viet Nam,21.0285,105.8542,37.2,30.5,33.2,0.0,65,10.3,74,90
2026-06-24,133,Bình Định,Viet Nam,13.782,109.2194,39.6,27.5,32.1,0.9,61,16.4,49,44
2026-06-24,108,Lào Cai,Viet Nam,22.4856,103.9707,36.6,28.1,32.3,0.4,66,10.8,22,96
2026-06-24,784,Bình Thuận,Viet Nam,10.9333,108.1,34.9,26.2,29.9,2.8,73,18.5,53,76
2026-06-24,122,Lâm Đồng,Viet Nam,11.9404,108.4419,24.9,16.3,20.0,5.8,86,12.8,25,63
2026-06-24,696,Hà Nam,Viet Nam,20.5463,105.9142,37.4,29.7,32.5,0.5,64,13.2,63,74
2026-06-24,237,Hải Phòng,Viet Nam,20.8449,106.6881,37.0,29.9,33.1,0.5,66,12.2,59,83
2026-06-24,951,Bình Dương,Viet Nam,11.0531,106.6661,33.9,26.1,29.1,0.7,80,22.5,65,69
2026-06-24,249,Phú Yên,Viet Nam,13.0883,109.3045,37.9,27.5,31.6,3.1,63,24.7,52,52
2026-06-24,385,Hà Giang,Viet Nam,22.8233,104.9836,33.5,25.7,30.0,6.0,78,6.6,26,98
2026-06-24,463,Hậu Giang,Viet Nam,9.7845,105.4735,31.9,26.0,27.9,8.4,84,16.4,61,83
2026-06-24,861,Lạng Sơn,Viet Nam,21.8519,106.7614,33.9,26.9,29.8,0.2,74,9.4,49,96
2026-06-24,910,Cao Bằng,Viet Nam,22.6661,106.2635,34.7,25.4,28.9,16.8,88,8.3,37,98
2026-06-24,347,Bình Phước,Viet Nam,11.7516,106.8778,32.8,23.8,28.2,3.9,82,9.3,48,59
2026-06-24,255,Long An,Viet Nam,10.5332,105.4053,34.9,27.3,30.0,1.7,73,18.6,80,53
2026-06-24,707,Bắc Ninh,Viet Nam,21.1861,106.0763,37.3,29.5,33.0,0.0,66,11.1,74,92
2026-06-24,252,Phú Thọ,Viet Nam,21.3235,105.4011,38.3,30.4,34.2,0.0,63,10.2,69,92
2026-06-24,365,Cà Mau,Viet Nam,9.1769,105.1501,31.1,25.5,28.1,9.3,84,17.8,27,77
2026-06-24,960,Lai Châu,Viet Nam,22.3959,103.4621,29.1,21.1,24.7,10.7,84,4.6,20,92
2026-06-24,797,Gia Lai,Viet Nam,13.9833,108.0,30.2,22.2,25.7,3.2,76,18.0,29,38
2026-06-24,511,Hòa Bình,Viet Nam,20.8171,105.3375,37.6,30.3,33.4,0.0,69,14.5,32,86
2026-06-24,645,Hà Tĩnh,Viet Nam,18.3421,105.9038,39.4,30.9,35.0,0.5,45,17.3,30,36
2026-06-24,168,An Giang,Viet Nam,10.5185,105.1152,35.1,27.4,30.1,2.7,72,16.4,63,50
2026-06-24,767,Kiên Giang,Viet Nam,10.0122,105.0809,31.1,27.2,29.4,5.9,74,23.8,46,79
2026-06-24,813,Đồng Tháp,Viet Nam,10.4552,105.6323,33.8,26.4,29.3,0.9,79,20.0,80,58
2026-06-24,496,Bạc Liêu,Viet Nam,9.2941,105.7242,31.0,26.9,28.3,7.5,83,19.3,28,68
2026-06-24,208,Ninh Thuận,Viet Nam,11.5647,108.9892,36.7,28.1,31.8,1.0,64,16.2,36,53
2026-06-24,669,Hưng Yên,Viet Nam,20.6465,106.0511,36.6,29.9,32.7,0.0,66,12.3,72,79
2026-06-24,327,Bà Rịa – Vũng Tàu,Viet Nam,10.4114,107.1362,32.3,28.2,29.9,6.2,76,21.9,56,78
2026-06-24,278,Đồng Nai,Viet Nam,10.9575,106.8427,34.0,26.2,29.2,1.7,81,14.7,78,64
2026-06-24,160,Nam Định,Viet Nam,20.4231,106.1681,37.4,30.8,33.6,0.3,57,16.3,63,63
2026-06-24,416,Ninh Bình,Viet Nam,20.2506,105.9744,37.9,30.2,33.2,0.1,59,14.7,63,61
2026-06-24,684,Khánh Hòa,Viet Nam,12.2467,109.1833,35.5,27.1,31.2,0.1,69,15.2,61,34
2026-06-24,226,Kon Tum,Viet Nam,14.35,108.0,33.1,23.9,27.4,6.3,80,15.6,28,49
2026-06-24,849,Bắc Giang,Viet Nam,21.2731,106.1946,36.4,29.6,32.8,0.0,67,11.3,74,91
2026-06-24,833,Bến Tre,Viet Nam,10.2424,106.3752,34.1,26.3,28.9,2.0,82,14.6,79,70
2026-06-24,811,Điện Biên,Viet Nam,21.3833,103.0167,32.0,25.2,28.1,3.1,79,14.3,25,80
2026-06-24,196,Đắk Lắk,Viet Nam,12.6667,108.05,32.1,23.1,26.6,2.6,79,19.1,28,49
2026-06-24,193,Bắc Kạn,Viet Nam,22.147,105.8326,34.8,27.6,31.0,0.6,78,8.4,59,93
2026-06-24,495,Nghệ An,Viet Nam,18.6667,105.6667,39.9,33.0,35.8,0.5,42,25.7,31,26
2026-06-25,463,Hậu Giang,Viet Nam,9.7845,105.4735,31.0,25.5,27.2,8.0,87,16.2,37,70
2026-06-25,861,Lạng Sơn,Viet Nam,21.8519,106.7614,32.7,24.0,27.1,11.2,91,13.5,38,99
2026-06-25,365,Cà Mau,Viet Nam,9.1769,105.1501,31.1,26.1,27.8,5.6,85,17.3,22,80
2026-06-25,833,Bến Tre,Viet Nam,10.2424,106.3752,32.9,25.4,27.8,4.8,85,25.0,63,69
2026-06-25,215,Hải Dương,Viet Nam,20.9391,106.3146,37.4,27.7,31.9,0.7,75,12.3,73,98
2026-06-25,981,Quảng Bình,Viet Nam,17.4731,106.5962,40.0,29.4,34.5,1.5,50,30.3,32,94
2026-06-25,701,Hà Nội,Viet Nam,21.0285,105.8542,37.7,27.6,32.1,0.4,73,12.3,75,97
2026-06-25,133,Bình Định,Viet Nam,13.782,109.2194,39.6,28.0,32.9,0.7,55,17.9,49,60
2026-06-25,696,Hà Nam,Viet Nam,20.5463,105.9142,37.5,27.7,32.3,0.1,70,12.1,70,97
2026-06-25,237,Hải Phòng,Viet Nam,20.8449,106.6881,37.9,27.7,32.2,0.5,74,12.3,66,97
2026-06-25,951,Bình Dương,Viet Nam,11.0531,106.6661,33.4,25.1,27.6,4.2,87,19.1,66,75
2026-06-25,249,Phú Yên,Viet Nam,13.0883,109.3045,38.5,28.7,32.9,0.6,54,25.3,50,60
2026-06-25,385,Hà Giang,Viet Nam,22.8233,104.9836,31.9,25.5,28.9,47.1,84,4.8,27,99
2026-06-25,347,Bình Phước,Viet Nam,11.7516,106.8778,32.1,23.9,26.6,10.4,92,11.3,56,83
2026-06-25,252,Phú Thọ,Viet Nam,21.3235,105.4011,37.2,28.1,33.3,3.0,65,20.4,80,97
2026-06-25,645,Hà Tĩnh,Viet Nam,18.3421,105.9038,40.0,30.1,35.3,0.7,45,21.2,32,91
2026-06-25,797,Gia Lai,Viet Nam,13.9833,108.0,29.6,21.2,25.2,3.1,79,21.6,28,75
2026-06-25,511,Hòa Bình,Viet Nam,20.8171,105.3375,37.6,28.6,33.1,1.0,71,13.3,49,97
2026-06-25,168,An Giang,Viet Nam,10.5185,105.1152,33.4,26.3,28.6,8.8,79,23.4,32,76
2026-06-25,813,Đồng Tháp,Viet Nam,10.4552,105.6323,31.4,25.6,27.9,6.8,85,19.4,55,80
2026-06-25,208,Ninh Thuận,Viet Nam,11.5647,108.9892,36.8,27.6,31.8,0.4,62,24.7,31,57
2026-06-25,669,Hưng Yên,Viet Nam,20.6465,106.0511,36.7,28.7,32.4,0.0,74,12.4,83,98
2026-06-25,327,Bà Rịa – Vũng Tàu,Viet Nam,10.4114,107.1362,31.0,27.1,28.5,13.6,80,25.2,34,75
2026-06-25,278,Đồng Nai,Viet Nam,10.9575,106.8427,32.2,25.8,27.6,7.1,88,14.4,69,75
2026-06-25,416,Ninh Bình,Viet Nam,20.2506,105.9744,38.1,29.0,33.3,0.4,67,12.7,70,94
2026-06-25,684,Khánh Hòa,Viet Nam,12.2467,109.1833,35.9,27.8,32.0,0.0,66,15.6,59,57
2026-06-25,849,Bắc Giang,Viet Nam,21.2731,106.1946,36.1,27.1,31.3,4.9,79,14.8,75,98
2026-06-25,811,Điện Biên,Viet Nam,21.3833,103.0167,32.4,23.3,28.1,7.9,79,10.1,24,99
2026-06-25,495,Nghệ An,Viet Nam,18.6667,105.6667,40.5,31.6,36.3,1.0,41,22.3,32,90
2026-06-25,767,Kiên Giang,Viet Nam,10.0122,105.0809,31.4,26.0,28.2,5.6,83,28.9,28,74
2026-06-25,132,Đắk Nông,Viet Nam,12.0,107.7,28.7,22.1,24.5,2.9,88,14.0,24,77
2026-06-25,193,Bắc Kạn,Viet Nam,22.147,105.8326,33.8,26.4,29.7,15.6,86,9.5,41,99
2026-06-25,196,Đắk Lắk,Viet Nam,12.6667,108.05,31.7,23.2,26.9,3.5,79,15.8,28,76
2026-06-25,226,Kon Tum,Viet Nam,14.35,108.0,32.6,23.2,27.9,3.3,71,17.8,25,81
2026-06-25,160,Nam Định,Viet Nam,20.4231,106.1681,37.9,29.0,33.5,0.5,64,14.4,70,97
2026-06-25,496,Bạc Liêu,Viet Nam,9.2941,105.7242,31.5,26.2,28.1,6.9,85,15.5,23,74
2026-06-25,590,Đà Nẵng,Viet Nam,16.0471,108.2068,40.2,28.9,33.5,0.5,57,14.5,70,88
2026-06-25,960,Lai Châu,Viet Nam,22.3959,103.4621,28.6,21.5,24.5,24.4,86,3.2,22,99
2026-06-25,707,Bắc Ninh,Viet Nam,21.1861,106.0763,36.3,27.2,31.5,2.7,79,12.1,75,98
2026-06-25,255,Long An,Viet Nam,10.5332,105.4053,32.2,25.9,28.3,7.5,83,23.3,55,78
2026-06-25,910,Cao Bằng,Viet Nam,22.6661,106.2635,31.0,25.1,27.4,25.2,93,7.9,32,98
2026-06-25,122,Lâm Đồng,Viet Nam,11.9404,108.4419,24.6,16.4,19.8,3.4,87,15.2,25,81
2026-06-25,784,Bình Thuận,Viet Nam,10.9333,108.1,33.2,26.0,28.6,5.2,78,23.6,37,57
2026-06-25,108,Lào Cai,Viet Nam,22.4856,103.9707,35.4,27.2,31.8,15.7,74,8.7,24,99
2026-06-25,620,Cần Thơ,Viet Nam,10.0451,105.7462,31.3,25.5,27.4,10.0,86,21.1,48,72
2026-06-25,326,Thừa Thiên Huế,Viet Nam,16.4633,107.5847,41.0,28.5,33.7,0.9,53,12.1,36,83
2026-06-25,110,Thái Nguyên,Viet Nam,21.5939,105.8481,35.6,26.9,31.2,10.0,78,14.5,62,97
2026-06-25,503,Sơn La,Viet Nam,21.3262,103.9149,30.6,23.5,27.4,4.0,83,11.4,25,99
2026-06-25,547,Sóc Trăng,Viet Nam,9.6019,105.9731,31.6,25.8,27.6,10.0,86,25.1,47,74
2026-06-25,454,Thanh Hóa,Viet Nam,19.8075,105.7764,40.7,31.7,35.3,0.5,51,15.2,38,87
2026-06-25,521,TP. Hồ Chí Minh,Viet Nam,10.8231,106.6297,34.2,25.3,28.3,8.9,82,19.9,69,75
2026-06-25,146,Tiền Giang,Viet Nam,10.3606,106.3636,33.6,25.3,28.1,4.5,83,27.3,63,69
2026-06-25,729,Phú Quốc,Viet Nam,10.279526,104.003538,29.6,24.0,26.6,19.2,89,16.0,22,84
2026-06-25,872,Thái Bình,Viet Nam,20.4463,106.3364,38.1,28.9,33.5,0.3,64,16.4,63,97
2026-06-25,275,Tuyên Quang,Viet Nam,21.8159,105.2132,35.3,26.4,30.6,9.5,78,13.8,42,99
2026-06-25,915,Tây Ninh,Viet Nam,11.3125,106.1006,34.2,25.2,29.0,4.4,81,19.1,40,64
2026-06-25,587,Trà Vinh,Viet Nam,9.9342,106.3339,32.5,25.3,27.6,4.9,85,23.6,62,68
2026-06-25,734,Yên Bái,Viet Nam,21.7051,104.8751,36.2,26.3,31.3,13.7,76,8.4,67,99
2026-06-25,123,Quảng Trị,Viet Nam,16.75,107.1833,39.3,29.6,34.6,0.6,47,26.2,29,87
2026-06-25,920,Vĩnh Long,Viet Nam,10.2536,105.9723,32.4,25.3,28.0,8.1,82,21.3,61,74
2026-06-25,456,Vĩnh Phúc,Viet Nam,21.3089,105.6047,37.4,27.7,32.5,2.4,67,16.8,80,98
2026-06-25,288,Hoàng Sa,Viet Nam,16.641233,112.742024,30.6,30.1,30.3,0.0,84,32.0,49,81
2026-06-25,201,Trường Sa,Viet Nam,10.66936,115.833324,29.6,26.8,28.7,15.2,79,33.3,27,94
2026-06-26,587,Trà Vinh,Viet Nam,9.9342,106.3339,32.4,25.5,28.5,1.2,79,18.2,63,43
2026-06-26,123,Quảng Trị,Viet Nam,16.75,107.1833,39.3,27.9,32.6,0.3,57,26.2,36,95
2026-06-26,734,Yên Bái,Viet Nam,21.7051,104.8751,27.1,24.6,26.3,19.7,96,6.7,63,92
2026-06-26,110,Thái Nguyên,Viet Nam,21.5939,105.8481,30.2,25.5,27.3,5.9,90,9.3,60,93
2026-06-26,454,Thanh Hóa,Viet Nam,19.8075,105.7764,37.0,27.9,30.6,4.9,81,13.8,69,99
2026-06-26,729,Phú Quốc,Viet Nam,10.279526,104.003538,30.1,25.7,27.0,5.1,87,14.8,23,58
2026-06-26,288,Hoàng Sa,Viet Nam,16.641233,112.742024,30.7,29.6,30.3,0.0,83,28.9,56,84
2026-06-26,275,Tuyên Quang,Viet Nam,21.8159,105.2132,28.4,24.4,26.3,35.8,95,11.7,36,86
2026-06-26,201,Trường Sa,Viet Nam,10.66936,115.833324,30.0,28.0,29.0,11.7,77,32.7,25,96
2026-06-26,872,Thái Bình,Viet Nam,20.4463,106.3364,34.2,26.8,30.0,0.5,77,16.4,68,97
2026-06-26,326,Thừa Thiên Huế,Viet Nam,16.4633,107.5847,40.1,26.4,31.8,0.6,65,10.6,40,89
2026-06-26,547,Sóc Trăng,Viet Nam,9.6019,105.9731,31.7,25.8,28.3,1.1,80,17.1,55,36
2026-06-26,456,Vĩnh Phúc,Viet Nam,21.3089,105.6047,31.5,25.2,28.4,27.2,82,9.1,72,93
2026-06-26,920,Vĩnh Long,Viet Nam,10.2536,105.9723,32.0,26.0,28.7,0.7,77,17.4,65,53
2026-06-26,915,Tây Ninh,Viet Nam,11.3125,106.1006,33.9,25.7,29.3,0.4,77,14.9,54,52
2026-06-26,503,Sơn La,Viet Nam,21.3262,103.9149,27.6,22.5,25.0,7.1,89,8.1,34,93
2026-06-26,146,Tiền Giang,Viet Nam,10.3606,106.3636,32.0,25.8,28.6,1.2,80,14.8,65,50
2026-06-26,521,TP. Hồ Chí Minh,Viet Nam,10.8231,106.6297,33.1,25.7,28.8,2.2,79,11.8,69,49
2026-06-26,496,Bạc Liêu,Viet Nam,9.2941,105.7242,32.2,26.2,28.4,2.9,80,16.3,25,42
2026-06-26,132,Đắk Nông,Viet Nam,12.0,107.7,28.3,22.2,24.8,4.9,86,15.8,26,64
2026-06-26,696,Hà Nam,Viet Nam,20.5463,105.9142,32.8,25.2,29.1,1.6,81,15.5,78,98
2026-06-26,237,Hải Phòng,Viet Nam,20.8449,106.6881,34.2,25.5,29.8,5.5,78,12.1,67,92
2026-06-26,813,Đồng Tháp,Viet Nam,10.4552,105.6323,31.2,26.0,28.0,6.3,82,18.0,64,49
2026-06-26,365,Cà Mau,Viet Nam,9.1769,105.1501,31.7,25.6,28.2,0.9,81,18.1,24,40
2026-06-26,252,Phú Thọ,Viet Nam,21.3235,105.4011,31.6,25.7,28.8,15.1,82,15.3,72,90
2026-06-26,981,Quảng Bình,Viet Nam,17.4731,106.5962,38.9,28.9,32.8,2.5,58,17.7,39,94
2026-06-26,249,Phú Yên,Viet Nam,13.0883,109.3045,38.4,28.0,32.6,0.1,54,24.9,44,73
2026-06-26,590,Đà Nẵng,Viet Nam,16.0471,108.2068,39.8,27.4,31.3,18.2,72,9.7,70,94
2026-06-26,951,Bình Dương,Viet Nam,11.0531,106.6661,32.5,25.4,28.5,0.9,81,14.2,66,53
2026-06-26,849,Bắc Giang,Viet Nam,21.2731,106.1946,30.6,25.5,27.9,5.8,87,11.7,72,94
2026-06-26,215,Hải Dương,Viet Nam,20.9391,106.3146,31.9,25.3,28.9,9.0,81,12.9,74,93
2026-06-26,861,Lạng Sơn,Viet Nam,21.8519,106.7614,28.1,23.8,25.5,14.4,90,10.6,31,98
2026-06-26,385,Hà Giang,Viet Nam,22.8233,104.9836,28.4,24.7,26.2,47.4,93,4.7,27,100
2026-06-26,463,Hậu Giang,Viet Nam,9.7845,105.4735,31.7,25.4,28.0,0.5,81,16.3,47,45
2026-06-26,168,An Giang,Viet Nam,10.5185,105.1152,32.9,26.4,28.5,8.5,79,18.6,44,48
2026-06-26,701,Hà Nội,Viet Nam,21.0285,105.8542,31.2,25.6,28.7,10.0,81,11.1,72,95
2026-06-26,910,Cao Bằng,Viet Nam,22.6661,106.2635,29.6,25.0,26.7,11.0,92,5.5,29,96
2026-06-26,767,Kiên Giang,Viet Nam,10.0122,105.0809,30.9,26.8,28.9,2.1,76,21.7,36,47
2026-06-26,620,Cần Thơ,Viet Nam,10.0451,105.7462,31.5,25.8,28.3,0.7,80,16.5,60,45
2026-06-26,511,Hòa Bình,Viet Nam,20.8171,105.3375,33.0,25.4,29.3,6.1,81,11.7,66,98
2026-06-26,797,Gia Lai,Viet Nam,13.9833,108.0,27.8,21.1,24.2,1.4,83,19.1,26,75
2026-06-26,684,Khánh Hòa,Viet Nam,12.2467,109.1833,35.0,28.0,31.4,1.0,67,17.2,62,44
2026-06-26,133,Bình Định,Viet Nam,13.782,109.2194,38.3,27.8,32.1,1.9,57,21.4,46,85
2026-06-26,226,Kon Tum,Viet Nam,14.35,108.0,32.1,22.7,25.9,5.7,82,18.5,26,68
2026-06-26,347,Bình Phước,Viet Nam,11.7516,106.8778,31.1,24.8,27.4,4.4,88,10.3,54,61
2026-06-26,416,Ninh Bình,Viet Nam,20.2506,105.9744,34.2,26.5,30.3,4.5,76,16.7,78,96
2026-06-26,108,Lào Cai,Viet Nam,22.4856,103.9707,27.9,24.9,26.6,35.2,94,4.8,30,99
2026-06-26,960,Lai Châu,Viet Nam,22.3959,103.4621,25.5,21.3,22.9,29.0,94,3.3,24,99
2026-06-26,707,Bắc Ninh,Viet Nam,21.1861,106.0763,30.9,25.5,28.1,11.1,85,12.2,72,95
2026-06-26,160,Nam Định,Viet Nam,20.4231,106.1681,34.1,27.0,30.0,1.7,78,15.2,78,97
2026-06-26,255,Long An,Viet Nam,10.5332,105.4053,31.4,25.7,27.9,6.8,83,19.2,64,50
2026-06-26,278,Đồng Nai,Viet Nam,10.9575,106.8427,32.4,26.2,28.7,2.1,80,13.4,69,56
2026-06-26,193,Bắc Kạn,Viet Nam,22.147,105.8326,29.5,25.4,27.0,26.6,91,7.3,31,96
2026-06-26,784,Bình Thuận,Viet Nam,10.9333,108.1,32.4,26.8,29.4,3.5,75,23.2,42,57
2026-06-26,495,Nghệ An,Viet Nam,18.6667,105.6667,39.5,29.9,32.9,2.0,65,15.3,51,94
2026-06-26,196,Đắk Lắk,Viet Nam,12.6667,108.05,31.3,23.1,26.6,2.9,79,13.8,24,72
2026-06-26,645,Hà Tĩnh,Viet Nam,18.3421,105.9038,39.0,28.8,32.1,3.9,67,11.2,53,96
2026-06-26,327,Bà Rịa – Vũng Tàu,Viet Nam,10.4114,107.1362,31.2,27.4,29.0,4.6,78,17.5,34,52
2026-06-26,122,Lâm Đồng,Viet Nam,11.9404,108.4419,25.4,17.0,20.2,3.2,83,16.4,23,59
2026-06-26,833,Bến Tre,Viet Nam,10.2424,106.3752,31.9,25.8,28.5,1.0,81,14.3,65,47
2026-06-26,811,Điện Biên,Viet Nam,21.3833,103.0167,29.9,23.6,27.0,12.6,84,7.3,28,96
2026-06-26,669,Hưng Yên,Viet Nam,20.6465,106.0511,32.4,26.2,29.3,1.4,81,14.8,80,96
2026-06-26,208,Ninh Thuận,Viet Nam,11.5647,108.9892,36.8,27.9,31.9,0.7,63,23.0,30,40
2026-06-27,193,Bắc Kạn,Viet Nam,22.147,105.8326,31.7,25.4,27.8,25.9,92,7.2,32,96
2026-06-27,496,Bạc Liêu,Viet Nam,9.2941,105.7242,32.5,26.5,28.7,2.3,80,19.4,31,73
2026-06-27,951,Bình Dương,Viet Nam,11.0531,106.6661,32.8,25.0,28.3,4.4,82,14.4,66,90
2026-06-27,327,Bà Rịa – Vũng Tàu,Viet Nam,10.4114,107.1362,32.1,27.3,29.4,5.2,76,19.4,44,74
2026-06-27,707,Bắc Ninh,Viet Nam,21.1861,106.0763,31.9,25.1,28.6,43.5,84,8.4,92,95
2026-06-27,226,Kon Tum,Viet Nam,14.35,108.0,31.5,23.0,26.3,12.9,79,14.6,23,81
2026-06-27,237,Hải Phòng,Viet Nam,20.8449,106.6881,33.1,25.4,29.3,8.7,83,10.2,66,95
2026-06-27,784,Bình Thuận,Viet Nam,10.9333,108.1,33.8,26.6,29.6,0.1,72,24.9,46,73
2026-06-27,813,Đồng Tháp,Viet Nam,10.4552,105.6323,32.3,26.4,28.7,1.5,79,22.3,63,80
2026-06-27,767,Kiên Giang,Viet Nam,10.0122,105.0809,31.0,26.0,29.0,10.9,76,25.6,37,72
2026-06-27,833,Bến Tre,Viet Nam,10.2424,106.3752,32.9,26.2,28.8,1.5,81,16.3,66,78
2026-06-27,133,Bình Định,Viet Nam,13.782,109.2194,38.6,27.6,31.6,3.1,64,16.7,51,60
2026-06-27,981,Quảng Bình,Viet Nam,17.4731,106.5962,38.1,29.0,33.0,1.1,55,13.4,38,90
2026-06-27,347,Bình Phước,Viet Nam,11.7516,106.8778,30.3,24.4,26.6,6.6,91,10.4,59,86
2026-06-27,249,Phú Yên,Viet Nam,13.0883,109.3045,37.7,27.2,30.9,10.8,65,25.3,40,74
2026-06-27,861,Lạng Sơn,Viet Nam,21.8519,106.7614,31.2,23.4,26.8,6.3,87,7.7,32,96
2026-06-27,252,Phú Thọ,Viet Nam,21.3235,105.4011,33.1,25.7,29.4,25.7,81,10.7,87,96
2026-06-27,849,Bắc Giang,Viet Nam,21.2731,106.1946,32.0,25.0,28.6,42.7,86,7.3,92,95
2026-06-27,590,Đà Nẵng,Viet Nam,16.0471,108.2068,37.6,27.7,31.6,1.5,68,11.2,65,95
2026-06-27,669,Hưng Yên,Viet Nam,20.6465,106.0511,32.0,25.7,29.0,23.5,85,10.0,94,94
2026-06-27,365,Cà Mau,Viet Nam,9.1769,105.1501,32.2,25.5,28.4,6.3,81,21.1,30,74
2026-06-27,196,Đắk Lắk,Viet Nam,12.6667,108.05,31.1,23.3,25.9,7.1,85,15.8,24,73
2026-06-27,208,Ninh Thuận,Viet Nam,11.5647,108.9892,37.1,27.6,31.8,1.1,61,14.1,31,71
2026-06-27,122,Lâm Đồng,Viet Nam,11.9404,108.4419,24.4,16.3,19.6,5.1,88,11.7,22,91
2026-06-27,811,Điện Biên,Viet Nam,21.3833,103.0167,29.0,23.7,26.2,7.0,89,5.6,26,97
2026-06-27,645,Hà Tĩnh,Viet Nam,18.3421,105.9038,36.5,29.5,32.2,3.4,62,12.2,46,97
2026-06-27,160,Nam Định,Viet Nam,20.4231,106.1681,33.8,25.6,29.8,24.4,79,12.6,86,94
2026-06-27,385,Hà Giang,Viet Nam,22.8233,104.9836,30.7,25.0,27.7,11.4,84,5.1,30,95
2026-06-27,620,Cần Thơ,Viet Nam,10.0451,105.7462,32.3,25.9,28.6,3.8,80,20.4,62,73
2026-06-27,495,Nghệ An,Viet Nam,18.6667,105.6667,39.9,30.0,32.9,1.1,63,14.0,54,97
2026-06-27,463,Hậu Giang,Viet Nam,9.7845,105.4735,31.8,25.2,28.3,6.8,81,19.9,60,74
2026-06-27,215,Hải Dương,Viet Nam,20.9391,106.3146,32.3,25.0,28.9,24.5,85,8.5,80,96
2026-06-27,701,Hà Nội,Viet Nam,21.0285,105.8542,32.4,25.7,28.8,20.3,85,10.4,92,94
2026-06-27,168,An Giang,Viet Nam,10.5185,105.1152,33.7,26.8,29.4,2.9,73,20.0,40,82
2026-06-27,416,Ninh Bình,Viet Nam,20.2506,105.9744,33.4,25.4,29.6,22.2,80,10.7,86,91
2026-06-27,132,Đắk Nông,Viet Nam,12.0,107.7,27.5,21.5,23.7,6.8,92,14.9,24,89
2026-06-27,255,Long An,Viet Nam,10.5332,105.4053,32.2,26.6,28.9,2.1,77,22.4,63,84
2026-06-27,910,Cao Bằng,Viet Nam,22.6661,106.2635,31.6,24.7,27.5,6.4,89,6.2,28,97
2026-06-27,108,Lào Cai,Viet Nam,22.4856,103.9707,29.9,25.1,27.5,20.9,86,6.1,31,98
2026-06-27,960,Lai Châu,Viet Nam,22.3959,103.4621,25.8,19.8,22.7,8.1,94,4.1,28,98
2026-06-27,511,Hòa Bình,Viet Nam,20.8171,105.3375,33.1,26.2,29.0,21.5,87,6.7,66,96
2026-06-27,696,Hà Nam,Viet Nam,20.5463,105.9142,31.5,25.2,28.5,21.0,86,11.5,86,96
2026-06-27,278,Đồng Nai,Viet Nam,10.9575,106.8427,32.5,25.6,28.8,2.9,80,10.6,68,86
2026-06-27,797,Gia Lai,Viet Nam,13.9833,108.0,28.8,21.6,24.8,2.3,81,18.5,23,81
2026-06-27,684,Khánh Hòa,Viet Nam,12.2467,109.1833,34.4,27.6,30.7,2.3,70,14.7,64,61
2026-06-27,456,Vĩnh Phúc,Viet Nam,21.3089,105.6047,32.6,25.2,28.9,25.3,82,9.5,87,96
2026-06-27,326,Thừa Thiên Huế,Viet Nam,16.4633,107.5847,38.1,27.5,31.5,1.8,64,12.9,39,99
2026-06-27,201,Trường Sa,Viet Nam,10.66936,115.833324,30.4,27.9,29.4,4.7,76,28.7,25,96
2026-06-27,275,Tuyên Quang,Viet Nam,21.8159,105.2132,31.1,24.7,27.6,12.8,87,8.7,42,96
2026-06-27,729,Phú Quốc,Viet Nam,10.279526,104.003538,28.6,24.4,26.7,16.7,87,16.6,22,76
2026-06-27,454,Thanh Hóa,Viet Nam,19.8075,105.7764,35.4,24.7,29.7,31.9,82,11.7,69,93
2026-06-27,110,Thái Nguyên,Viet Nam,21.5939,105.8481,31.1,25.0,28.2,16.3,87,8.8,71,95
2026-06-27,547,Sóc Trăng,Viet Nam,9.6019,105.9731,32.1,25.9,28.5,1.8,81,17.5,63,81
2026-06-27,288,Hoàng Sa,Viet Nam,16.641233,112.742024,30.7,29.8,30.3,0.0,84,25.2,58,80
2026-06-27,123,Quảng Trị,Viet Nam,16.75,107.1833,38.2,28.5,33.0,3.3,54,23.4,33,93
2026-06-27,503,Sơn La,Viet Nam,21.3262,103.9149,28.8,22.8,25.5,12.9,88,7.5,30,95
2026-06-27,872,Thái Bình,Viet Nam,20.4463,106.3364,34.3,25.9,29.8,18.0,79,9.9,70,93
2026-06-27,521,TP. Hồ Chí Minh,Viet Nam,10.8231,106.6297,33.8,26.3,29.4,1.0,77,16.1,68,83
2026-06-27,146,Tiền Giang,Viet Nam,10.3606,106.3636,33.1,26.2,29.0,0.7,79,18.8,66,76
2026-06-27,920,Vĩnh Long,Viet Nam,10.2536,105.9723,33.3,26.2,29.2,2.1,76,21.1,65,73
2026-06-27,915,Tây Ninh,Viet Nam,11.3125,106.1006,34.7,25.5,29.2,0.6,81,17.9,52,70
2026-06-27,734,Yên Bái,Viet Nam,21.7051,104.8751,31.7,24.8,27.7,11.6,86,5.9,48,97
2026-06-27,587,Trà Vinh,Viet Nam,9.9342,106.3339,33.1,25.6,28.9,0.3,78,18.6,66,77
2026-06-28,288,Hoàng Sa,Viet Nam,16.641233,112.742024,30.6,26.6,29.8,7.1,80,26.9,47,78
2026-06-28,547,Sóc Trăng,Viet Nam,9.6019,105.9731,30.5,25.9,27.2,18.8,89,18.0,64,91
2026-06-28,275,Tuyên Quang,Viet Nam,21.8159,105.2132,32.6,25.0,27.9,25.9,90,9.6,50,95
2026-06-28,587,Trà Vinh,Viet Nam,9.9342,106.3339,30.4,25.9,27.5,6.5,87,18.0,67,91
2026-06-28,920,Vĩnh Long,Viet Nam,10.2536,105.9723,30.1,26.4,27.5,14.0,88,21.3,65,91
2026-06-28,503,Sơn La,Viet Nam,21.3262,103.9149,30.6,23.4,26.0,14.2,91,7.7,28,99
2026-06-28,521,TP. Hồ Chí Minh,Viet Nam,10.8231,106.6297,32.3,26.1,27.6,21.8,88,19.3,69,88
2026-06-28,146,Tiền Giang,Viet Nam,10.3606,106.3636,30.4,26.0,27.3,14.5,91,21.7,67,86
2026-06-28,915,Tây Ninh,Viet Nam,11.3125,106.1006,33.0,25.9,27.4,13.7,90,17.8,49,87
2026-06-28,872,Thái Bình,Viet Nam,20.4463,106.3364,34.1,26.5,29.4,18.1,85,17.6,60,98
2026-06-28,456,Vĩnh Phúc,Viet Nam,21.3089,105.6047,33.1,25.4,28.1,34.3,88,14.6,83,99
2026-06-28,326,Thừa Thiên Huế,Viet Nam,16.4633,107.5847,37.4,26.9,30.3,15.0,74,13.4,46,90
2026-06-28,123,Quảng Trị,Viet Nam,16.75,107.1833,38.0,28.4,32.2,3.8,62,22.0,36,90
2026-06-28,201,Trường Sa,Viet Nam,10.66936,115.833324,29.5,27.1,28.6,10.6,81,26.0,26,97
2026-06-28,729,Phú Quốc,Viet Nam,10.279526,104.003538,29.9,24.1,26.4,19.3,90,18.2,18,94
2026-06-28,454,Thanh Hóa,Viet Nam,19.8075,105.7764,35.1,25.1,29.5,18.7,86,11.9,61,97
2026-06-28,110,Thái Nguyên,Viet Nam,21.5939,105.8481,32.3,25.5,28.1,31.9,89,11.1,68,97
2026-06-28,734,Yên Bái,Viet Nam,21.7051,104.8751,32.0,25.0,27.7,63.0,92,7.7,55,94
2026-06-28,797,Gia Lai,Viet Nam,13.9833,108.0,28.4,21.0,24.1,7.7,84,17.0,27,85
2026-06-28,960,Lai Châu,Viet Nam,22.3959,103.4621,27.0,21.6,23.7,18.6,92,4.3,23,99
2026-06-28,910,Cao Bằng,Viet Nam,22.6661,106.2635,32.6,24.6,27.4,25.4,90,6.8,36,98
2026-06-28,707,Bắc Ninh,Viet Nam,21.1861,106.0763,32.8,26.0,28.4,33.3,88,14.7,78,99
2026-06-28,951,Bình Dương,Viet Nam,11.0531,106.6661,32.5,25.4,27.3,8.6,89,13.1,63,88
2026-06-28,252,Phú Thọ,Viet Nam,21.3235,105.4011,33.6,26.2,28.8,20.3,87,14.5,83,98
2026-06-28,347,Bình Phước,Viet Nam,11.7516,106.8778,31.5,24.7,26.7,14.5,91,11.6,44,82
2026-06-28,255,Long An,Viet Nam,10.5332,105.4053,30.5,26.4,27.8,10.3,86,18.2,63,93
2026-06-28,196,Đắk Lắk,Viet Nam,12.6667,108.05,31.3,23.7,26.0,16.6,87,10.9,25,82
2026-06-28,193,Bắc Kạn,Viet Nam,22.147,105.8326,32.4,25.3,28.1,9.7,89,6.4,46,97
2026-06-28,811,Điện Biên,Viet Nam,21.3833,103.0167,30.7,24.1,26.7,27.0,89,8.6,24,99
2026-06-28,132,Đắk Nông,Viet Nam,12.0,107.7,29.6,22.3,24.3,13.4,90,13.5,22,87
2026-06-28,620,Cần Thơ,Viet Nam,10.0451,105.7462,30.0,26.0,27.1,16.8,90,16.2,59,89
2026-06-28,849,Bắc Giang,Viet Nam,21.2731,106.1946,32.8,26.0,28.4,26.1,89,13.2,78,99
2026-06-28,701,Hà Nội,Viet Nam,21.0285,105.8542,31.9,25.9,28.2,46.9,90,12.8,78,99
2026-06-28,684,Khánh Hòa,Viet Nam,12.2467,109.1833,34.1,27.4,30.4,2.8,74,16.9,59,68
2026-06-28,226,Kon Tum,Viet Nam,14.35,108.0,29.9,23.0,25.4,15.7,86,17.3,28,88
2026-06-28,133,Bình Định,Viet Nam,13.782,109.2194,37.5,26.5,30.6,5.6,69,14.8,46,80
2026-06-28,767,Kiên Giang,Viet Nam,10.0122,105.0809,29.5,25.9,28.0,16.4,83,24.2,28,95
2026-06-28,160,Nam Định,Viet Nam,20.4231,106.1681,33.5,26.8,29.4,18.1,86,12.0,74,98
2026-06-28,416,Ninh Bình,Viet Nam,20.2506,105.9744,33.9,25.9,29.2,19.9,86,16.6,74,98
2026-06-28,495,Nghệ An,Viet Nam,18.6667,105.6667,38.1,29.8,33.6,0.4,58,16.1,49,98
2026-06-28,108,Lào Cai,Viet Nam,22.4856,103.9707,31.4,25.9,28.1,25.0,89,6.3,26,98
2026-06-28,278,Đồng Nai,Viet Nam,10.9575,106.8427,32.3,26.3,27.6,20.7,88,14.5,69,88
2026-06-28,784,Bình Thuận,Viet Nam,10.9333,108.1,34.8,26.6,29.0,4.5,78,24.8,46,80
2026-06-28,861,Lạng Sơn,Viet Nam,21.8519,106.7614,30.9,24.2,26.5,13.1,90,10.1,47,99
2026-06-28,696,Hà Nam,Viet Nam,20.5463,105.9142,32.2,25.3,28.2,29.1,92,9.1,74,98
2026-06-28,122,Lâm Đồng,Viet Nam,11.9404,108.4419,25.0,16.3,19.9,6.1,88,10.8,21,85
2026-06-28,327,Bà Rịa – Vũng Tàu,Viet Nam,10.4114,107.1362,29.7,27.6,28.5,6.3,82,18.4,42,84
2026-06-28,669,Hưng Yên,Viet Nam,20.6465,106.0511,32.4,26.7,29.0,22.4,88,10.7,81,99
2026-06-28,365,Cà Mau,Viet Nam,9.1769,105.1501,30.2,24.2,27.5,22.3,86,17.1,25,93
2026-06-28,496,Bạc Liêu,Viet Nam,9.2941,105.7242,30.5,25.9,27.4,24.5,88,15.8,26,92
2026-06-28,813,Đồng Tháp,Viet Nam,10.4552,105.6323,29.6,26.7,27.5,17.8,88,20.5,63,91
2026-06-28,237,Hải Phòng,Viet Nam,20.8449,106.6881,32.6,26.4,29.2,13.6,86,11.6,61,98
2026-06-28,645,Hà Tĩnh,Viet Nam,18.3421,105.9038,35.9,30.0,32.3,4.5,63,18.7,36,92
2026-06-28,249,Phú Yên,Viet Nam,13.0883,109.3045,37.1,27.3,30.7,2.7,68,22.4,45,74
2026-06-28,833,Bến Tre,Viet Nam,10.2424,106.3752,30.6,26.1,27.3,9.9,90,17.5,67,88
2026-06-28,590,Đà Nẵng,Viet Nam,16.0471,108.2068,37.9,26.6,30.6,25.9,74,11.1,68,90
2026-06-28,208,Ninh Thuận,Viet Nam,11.5647,108.9892,35.7,26.1,29.9,7.7,78,16.9,29,76
2026-06-28,385,Hà Giang,Viet Nam,22.8233,104.9836,32.7,25.7,28.5,16.3,83,4.9,30,96
2026-06-28,168,An Giang,Viet Nam,10.5185,105.1152,31.2,25.6,28.1,12.7,83,17.8,36,93
2026-06-28,463,Hậu Giang,Viet Nam,9.7845,105.4735,30.0,25.5,27.2,14.9,89,16.6,58,90
2026-06-28,215,Hải Dương,Viet Nam,20.9391,106.3146,32.7,25.8,28.8,19.9,87,12.2,69,99
2026-06-28,511,Hòa Bình,Viet Nam,20.8171,105.3375,32.3,26.7,29.0,21.0,90,6.7,63,99
2026-06-28,981,Quảng Bình,Viet Nam,17.4731,106.5962,37.4,28.9,32.9,0.3,57,18.2,32,89
2026-06-29,696,Hà Nam,Viet Nam,20.5463,105.9142,30.4,25.3,27.4,14.1,93,9.5,67,99
2026-06-29,193,Bắc Kạn,Viet Nam,22.147,105.8326,29.8,25.3,26.9,25.0,93,5.7,37,99
2026-06-29,495,Nghệ An,Viet Nam,18.6667,105.6667,38.7,29.8,32.8,1.4,62,16.3,40,97
2026-06-29,196,Đắk Lắk,Viet Nam,12.6667,108.05,30.4,23.1,25.8,4.6,87,10.2,21,91
2026-06-29,849,Bắc Giang,Viet Nam,21.2731,106.1946,30.0,25.1,27.5,20.7,90,12.5,69,100
2026-06-29,811,Điện Biên,Viet Nam,21.3833,103.0167,28.9,23.5,25.8,26.7,92,8.3,19,100
2026-06-29,684,Khánh Hòa,Viet Nam,12.2467,109.1833,34.6,26.2,29.6,6.6,79,16.3,67,87
2026-06-29,226,Kon Tum,Viet Nam,14.35,108.0,28.5,22.4,25.1,7.2,86,15.9,20,90
2026-06-29,160,Nam Định,Viet Nam,20.4231,106.1681,31.3,25.9,28.6,12.1,88,10.3,67,99
2026-06-29,365,Cà Mau,Viet Nam,9.1769,105.1501,29.9,25.6,26.6,26.7,91,18.7,18,95
2026-06-29,416,Ninh Bình,Viet Nam,20.2506,105.9744,31.4,26.4,28.8,6.0,86,9.5,67,99
2026-06-29,278,Đồng Nai,Viet Nam,10.9575,106.8427,31.7,24.9,27.4,36.2,88,13.4,68,97
2026-06-29,327,Bà Rịa – Vũng Tàu,Viet Nam,10.4114,107.1362,29.9,25.7,28.2,18.7,82,25.2,31,89
2026-06-29,669,Hưng Yên,Viet Nam,20.6465,106.0511,31.0,25.4,28.3,15.3,90,10.6,69,99
2026-06-29,496,Bạc Liêu,Viet Nam,9.2941,105.7242,29.9,25.0,26.8,33.6,89,20.9,19,93
2026-06-29,813,Đồng Tháp,Viet Nam,10.4552,105.6323,29.8,26.2,27.6,14.1,87,18.7,54,91
2026-06-29,590,Đà Nẵng,Viet Nam,16.0471,108.2068,37.1,25.4,30.0,8.6,74,15.7,66,95
2026-06-29,208,Ninh Thuận,Viet Nam,11.5647,108.9892,36.4,26.3,30.2,1.8,76,15.0,27,89
2026-06-29,168,An Giang,Viet Nam,10.5185,105.1152,31.2,26.3,27.9,12.1,85,20.4,30,94
2026-06-29,511,Hòa Bình,Viet Nam,20.8171,105.3375,32.0,26.5,28.4,19.8,92,7.6,38,100
2026-06-29,797,Gia Lai,Viet Nam,13.9833,108.0,26.9,20.9,23.1,12.5,92,18.2,20,97
2026-06-29,960,Lai Châu,Viet Nam,22.3959,103.4621,26.0,21.6,23.5,14.4,90,4.0,20,100
2026-06-29,252,Phú Thọ,Viet Nam,21.3235,105.4011,31.2,25.7,27.8,31.6,89,14.5,70,100
2026-06-29,255,Long An,Viet Nam,10.5332,105.4053,30.5,26.5,27.6,21.2,87,22.7,54,94
2026-06-29,347,Bình Phước,Viet Nam,11.7516,106.8778,30.8,23.7,26.4,35.2,93,10.6,36,96
2026-06-29,951,Bình Dương,Viet Nam,11.0531,106.6661,32.6,24.4,27.4,28.4,89,15.0,62,92
2026-06-29,707,Bắc Ninh,Viet Nam,21.1861,106.0763,30.7,25.1,27.7,20.3,89,12.7,69,100
2026-06-29,910,Cao Bằng,Viet Nam,22.6661,106.2635,30.8,24.8,26.5,37.6,95,9.1,35,100
2026-06-29,463,Hậu Giang,Viet Nam,9.7845,105.4735,30.1,25.3,26.9,23.7,89,18.4,36,93
2026-06-29,385,Hà Giang,Viet Nam,22.8233,104.9836,31.6,25.0,27.5,23.7,89,5.0,33,99
2026-06-29,249,Phú Yên,Viet Nam,13.0883,109.3045,36.5,26.7,29.9,5.3,72,21.5,47,90
2026-06-29,237,Hải Phòng,Viet Nam,20.8449,106.6881,31.9,25.6,28.7,15.1,85,10.7,41,99
2026-06-29,861,Lạng Sơn,Viet Nam,21.8519,106.7614,29.3,23.0,25.8,11.3,90,13.2,35,100
2026-06-29,122,Lâm Đồng,Viet Nam,11.9404,108.4419,23.9,17.0,19.2,22.6,92,15.9,19,91
2026-06-29,645,Hà Tĩnh,Viet Nam,18.3421,105.9038,35.9,29.0,31.8,1.4,63,18.0,31,96
2026-06-29,784,Bình Thuận,Viet Nam,10.9333,108.1,33.3,25.6,28.3,8.8,81,20.0,34,88
2026-06-29,108,Lào Cai,Viet Nam,22.4856,103.9707,30.9,25.8,27.5,23.9,90,4.8,24,98
2026-06-29,133,Bình Định,Viet Nam,13.782,109.2194,37.3,25.8,30.4,6.6,73,14.1,41,89
2026-06-29,701,Hà Nội,Viet Nam,21.0285,105.8542,30.9,25.2,27.6,23.2,91,11.6,69,100
2026-06-29,620,Cần Thơ,Viet Nam,10.0451,105.7462,29.8,25.5,26.9,33.7,90,17.2,38,92
2026-06-29,981,Quảng Bình,Viet Nam,17.4731,106.5962,37.7,28.0,31.3,3.2,68,16.8,32,95
2026-06-29,215,Hải Dương,Viet Nam,20.9391,106.3146,31.2,25.3,27.8,24.6,91,11.5,60,100
2026-06-29,833,Bến Tre,Viet Nam,10.2424,106.3752,29.9,25.1,26.9,19.2,91,14.7,63,94
2026-06-29,767,Kiên Giang,Viet Nam,10.0122,105.0809,30.3,26.8,27.9,11.3,82,29.4,23,95
2026-06-29,132,Đắk Nông,Viet Nam,12.0,107.7,28.1,21.8,24.0,24.2,92,14.6,21,98
2026-06-29,920,Vĩnh Long,Viet Nam,10.2536,105.9723,29.8,25.7,27.1,22.3,89,16.9,61,91
2026-06-29,146,Tiền Giang,Viet Nam,10.3606,106.3636,30.9,24.4,27.0,21.3,90,17.6,63,93
2026-06-29,729,Phú Quốc,Viet Nam,10.279526,104.003538,29.4,24.2,26.3,16.8,91,20.7,18,92
2026-06-29,587,Trà Vinh,Viet Nam,9.9342,106.3339,30.4,24.8,26.7,33.8,90,18.1,62,96
2026-06-29,503,Sơn La,Viet Nam,21.3262,103.9149,28.3,23.4,25.0,36.2,93,6.4,23,100
2026-06-29,547,Sóc Trăng,Viet Nam,9.6019,105.9731,30.6,25.3,26.6,38.8,90,17.2,51,93
2026-06-29,110,Thái Nguyên,Viet Nam,21.5939,105.8481,30.3,24.9,27.3,31.8,91,13.6,64,100
2026-06-29,456,Vĩnh Phúc,Viet Nam,21.3089,105.6047,30.1,25.0,27.2,30.1,91,12.4,70,100
2026-06-29,521,TP. Hồ Chí Minh,Viet Nam,10.8231,106.6297,32.7,25.0,27.6,23.0,88,14.4,68,93
2026-06-29,123,Quảng Trị,Viet Nam,16.75,107.1833,38.7,26.9,30.5,9.0,74,19.3,33,95
2026-06-29,454,Thanh Hóa,Viet Nam,19.8075,105.7764,33.1,26.1,29.1,14.9,87,10.4,55,98
2026-06-29,326,Thừa Thiên Huế,Viet Nam,16.4633,107.5847,36.7,25.7,29.8,9.8,73,16.2,43,95
2026-06-29,872,Thái Bình,Viet Nam,20.4463,106.3364,31.7,25.5,28.6,12.8,87,10.2,56,99
2026-06-29,201,Trường Sa,Viet Nam,10.66936,115.833324,29.3,27.7,28.3,14.3,81,24.1,26,94
2026-06-29,915,Tây Ninh,Viet Nam,11.3125,106.1006,33.7,25.4,28.2,7.7,85,18.1,55,94
2026-06-29,275,Tuyên Quang,Viet Nam,21.8159,105.2132,30.9,24.7,27.1,40.9,89,12.4,40,99
2026-06-29,734,Yên Bái,Viet Nam,21.7051,104.8751,30.9,24.9,27.2,29.6,91,6.5,46,99
2026-06-29,288,Hoàng Sa,Viet Nam,16.641233,112.742024,30.2,27.0,29.1,4.3,80,25.5,37,89
2026-06-30,146,Tiền Giang,Viet Nam,10.3606,106.3636,31.2,25.1,27.1,16.9,90,19.5,68,98
2026-06-30,454,Thanh Hóa,Viet Nam,19.8075,105.7764,33.1,24.8,28.1,15.3,88,11.6,52,98
2026-06-30,547,Sóc Trăng,Viet Nam,9.6019,105.9731,30.0,25.4,26.9,20.3,90,17.0,49,97
2026-06-30,920,Vĩnh Long,Viet Nam,10.2536,105.9723,30.4,25.0,27.2,24.0,89,15.9,68,98
2026-06-30,872,Thái Bình,Viet Nam,20.4463,106.3364,33.8,24.8,28.5,14.9,85,12.7,40,94
2026-06-30,456,Vĩnh Phúc,Viet Nam,21.3089,105.6047,30.0,24.5,26.7,32.2,92,14.3,67,98
2026-06-30,521,TP. Hồ Chí Minh,Viet Nam,10.8231,106.6297,32.2,25.8,28.1,8.3,85,13.9,72,99
2026-06-30,275,Tuyên Quang,Viet Nam,21.8159,105.2132,28.4,24.3,26.0,33.2,96,10.5,43,100
2026-06-30,729,Phú Quốc,Viet Nam,10.279526,104.003538,30.8,24.2,27.1,14.8,85,19.4,20,97
2026-06-30,288,Hoàng Sa,Viet Nam,16.641233,112.742024,30.7,29.9,30.2,1.7,75,22.1,33,49
2026-06-30,503,Sơn La,Viet Nam,21.3262,103.9149,25.6,23.1,24.3,26.8,96,7.8,25,100
2026-06-30,326,Thừa Thiên Huế,Viet Nam,16.4633,107.5847,34.6,26.2,29.5,11.9,79,11.7,42,95
2026-06-30,110,Thái Nguyên,Viet Nam,21.5939,105.8481,30.4,25.2,27.0,30.4,91,13.6,41,99
2026-06-30,587,Trà Vinh,Viet Nam,9.9342,106.3339,30.4,24.7,26.9,11.3,91,16.6,64,96
2026-06-30,123,Quảng Trị,Viet Nam,16.75,107.1833,35.9,26.6,30.2,0.1,71,19.4,33,95
2026-06-30,734,Yên Bái,Viet Nam,21.7051,104.8751,27.5,24.7,25.8,35.1,98,11.5,46,100
2026-06-30,201,Trường Sa,Viet Nam,10.66936,115.833324,29.6,27.2,28.0,43.7,82,29.8,28,96
2026-06-30,915,Tây Ninh,Viet Nam,11.3125,106.1006,32.0,25.9,27.9,6.7,87,13.7,60,99
2026-06-30,669,Hưng Yên,Viet Nam,20.6465,106.0511,31.8,25.2,27.6,29.4,91,10.7,66,97
2026-06-30,495,Nghệ An,Viet Nam,18.6667,105.6667,37.8,29.0,32.1,5.2,66,11.6,34,91
2026-06-30,707,Bắc Ninh,Viet Nam,21.1861,106.0763,31.2,25.5,27.3,22.8,90,13.9,63,100
2026-06-30,684,Khánh Hòa,Viet Nam,12.2467,109.1833,33.3,27.4,29.7,0.8,73,12.8,69,85
2026-06-30,327,Bà Rịa – Vũng Tàu,Viet Nam,10.4114,107.1362,31.2,26.9,28.3,10.6,83,21.3,42,93
2026-06-30,365,Cà Mau,Viet Nam,9.1769,105.1501,29.8,24.3,27.2,21.0,88,18.9,18,97
2026-06-30,122,Lâm Đồng,Viet Nam,11.9404,108.4419,25.8,16.1,19.9,3.3,88,14.2,17,94
2026-06-30,252,Phú Thọ,Viet Nam,21.3235,105.4011,30.5,25.4,27.3,36.9,91,15.9,67,99
2026-06-30,226,Kon Tum,Viet Nam,14.35,108.0,30.0,22.6,25.8,5.7,81,14.4,22,87
2026-06-30,160,Nam Định,Viet Nam,20.4231,106.1681,33.7,25.1,28.3,13.2,87,13.5,64,93
2026-06-30,168,An Giang,Viet Nam,10.5185,105.1152,31.8,26.0,28.2,12.8,84,14.4,39,98
2026-06-30,416,Ninh Bình,Viet Nam,20.2506,105.9744,33.3,25.3,28.1,31.4,89,11.6,64,94
2026-06-30,696,Hà Nam,Viet Nam,20.5463,105.9142,31.6,24.7,27.0,26.2,93,9.1,64,95
2026-06-30,951,Bình Dương,Viet Nam,11.0531,106.6661,32.2,24.9,27.7,11.1,87,14.0,62,98
2026-06-30,108,Lào Cai,Viet Nam,22.4856,103.9707,27.2,25.1,26.2,21.7,96,4.4,26,100
2026-06-30,347,Bình Phước,Viet Nam,11.7516,106.8778,30.4,23.9,26.7,11.6,89,10.8,34,99
2026-06-30,255,Long An,Viet Nam,10.5332,105.4053,30.7,26.5,27.7,18.6,86,14.0,67,99
2026-06-30,133,Bình Định,Viet Nam,13.782,109.2194,37.5,26.2,31.1,2.1,69,14.8,41,74
2026-06-30,784,Bình Thuận,Viet Nam,10.9333,108.1,34.0,26.6,29.2,2.3,76,23.1,43,80
2026-06-30,767,Kiên Giang,Viet Nam,10.0122,105.0809,30.3,25.8,28.3,16.5,80,22.0,24,97
2026-06-30,833,Bến Tre,Viet Nam,10.2424,106.3752,30.8,25.1,27.1,17.9,91,15.6,68,98
2026-06-30,278,Đồng Nai,Viet Nam,10.9575,106.8427,32.4,25.4,27.9,12.2,87,13.3,72,99
2026-06-30,701,Hà Nội,Viet Nam,21.0285,105.8542,30.6,24.9,27.2,17.2,92,12.6,63,98
2026-06-30,385,Hà Giang,Viet Nam,22.8233,104.9836,27.7,24.9,25.9,83.2,96,5.7,28,99
2026-06-30,910,Cao Bằng,Viet Nam,22.6661,106.2635,28.8,24.3,26.0,26.6,93,10.1,25,99
2026-06-30,849,Bắc Giang,Viet Nam,21.2731,106.1946,31.0,25.3,27.4,24.0,91,14.0,63,99
2026-06-30,208,Ninh Thuận,Viet Nam,11.5647,108.9892,34.5,27.2,30.2,1.2,76,14.2,27,77
2026-06-30,215,Hải Dương,Viet Nam,20.9391,106.3146,31.0,25.5,27.4,22.4,92,13.0,45,97
2026-06-30,590,Đà Nẵng,Viet Nam,16.0471,108.2068,35.8,28.0,31.1,3.5,71,12.2,66,84
2026-06-30,132,Đắk Nông,Viet Nam,12.0,107.7,28.9,21.9,24.1,7.3,91,14.5,18,97
2026-06-30,645,Hà Tĩnh,Viet Nam,18.3421,105.9038,35.0,27.6,30.8,7.1,71,13.6,29,92
2026-06-30,981,Quảng Bình,Viet Nam,17.4731,106.5962,37.1,28.0,31.6,1.6,65,12.0,27,97
2026-06-30,249,Phú Yên,Viet Nam,13.0883,109.3045,36.3,26.8,30.0,2.1,71,22.3,45,84
2026-06-30,960,Lai Châu,Viet Nam,22.3959,103.4621,23.9,21.3,22.4,21.5,96,2.3,20,100
2026-06-30,196,Đắk Lắk,Viet Nam,12.6667,108.05,30.3,23.0,25.4,13.0,88,11.7,21,95
2026-06-30,811,Điện Biên,Viet Nam,21.3833,103.0167,26.4,23.7,25.0,23.7,93,6.9,18,100
2026-06-30,511,Hòa Bình,Viet Nam,20.8171,105.3375,30.9,25.5,27.3,21.4,94,9.0,41,99
2026-06-30,193,Bắc Kạn,Viet Nam,22.147,105.8326,29.6,24.0,26.5,26.5,93,8.0,28,99
2026-06-30,797,Gia Lai,Viet Nam,13.9833,108.0,27.7,20.9,23.6,6.0,88,18.9,21,89
2026-06-30,237,Hải Phòng,Viet Nam,20.8449,106.6881,31.0,25.7,28.0,12.5,88,15.0,31,95
2026-06-30,861,Lạng Sơn,Viet Nam,21.8519,106.7614,29.4,23.6,25.7,9.4,90,12.1,22,96
2026-06-30,813,Đồng Tháp,Viet Nam,10.4552,105.6323,30.9,25.2,27.5,30.8,88,15.2,67,98
2026-06-30,620,Cần Thơ,Viet Nam,10.0451,105.7462,30.7,25.2,27.4,10.1,87,18.6,44,95
2026-06-30,463,Hậu Giang,Viet Nam,9.7845,105.4735,31.1,24.1,27.2,12.2,87,20.8,34,95
2026-06-30,496,Bạc Liêu,Viet Nam,9.2941,105.7242,30.1,24.7,27.1,21.8,88,17.6,20,97
2026-07-01,960,Lai Châu,Viet Nam,22.3959,103.4621,24.8,20.3,22.5,24.9,96,3.8,24,93
2026-07-01,707,Bắc Ninh,Viet Nam,21.1861,106.0763,31.3,24.7,27.4,16.8,90,13.5,62,93
2026-07-01,463,Hậu Giang,Viet Nam,9.7845,105.4735,30.0,24.1,26.7,18.2,89,16.6,34,88
2026-07-01,910,Cao Bằng,Viet Nam,22.6661,106.2635,32.2,24.4,26.9,14.9,91,12.2,30,99
2026-07-01,511,Hòa Bình,Viet Nam,20.8171,105.3375,30.8,25.5,27.5,11.7,92,12.6,35,99
2026-07-01,849,Bắc Giang,Viet Nam,21.2731,106.1946,31.9,25.3,27.6,10.1,89,11.5,62,95
2026-07-01,168,An Giang,Viet Nam,10.5185,105.1152,31.4,25.5,27.7,6.6,83,20.6,33,89
2026-07-01,208,Ninh Thuận,Viet Nam,11.5647,108.9892,34.4,27.6,30.1,2.5,74,15.4,28,95
2026-07-01,385,Hà Giang,Viet Nam,22.8233,104.9836,31.3,24.8,27.1,24.3,90,5.6,30,97
2026-07-01,590,Đà Nẵng,Viet Nam,16.0471,108.2068,33.6,26.6,29.4,3.8,79,11.1,59,56
2026-07-01,249,Phú Yên,Viet Nam,13.0883,109.3045,35.2,26.8,29.3,17.8,77,21.4,41,87
2026-07-01,813,Đồng Tháp,Viet Nam,10.4552,105.6323,30.6,24.8,27.2,10.2,87,19.0,59,90
2026-07-01,237,Hải Phòng,Viet Nam,20.8449,106.6881,31.3,25.8,28.4,9.4,84,13.7,33,90
2026-07-01,495,Nghệ An,Viet Nam,18.6667,105.6667,35.4,25.8,30.0,10.1,78,9.6,48,98
2026-07-01,496,Bạc Liêu,Viet Nam,9.2941,105.7242,30.4,25.3,26.8,26.2,89,19.3,23,94
2026-07-01,669,Hưng Yên,Viet Nam,20.6465,106.0511,31.5,25.7,27.6,7.3,90,15.5,64,88
2026-07-01,122,Lâm Đồng,Viet Nam,11.9404,108.4419,24.4,17.5,19.7,5.4,90,12.3,20,98
2026-07-01,327,Bà Rịa – Vũng Tàu,Viet Nam,10.4114,107.1362,31.8,25.8,28.7,16.3,79,25.1,45,92
2026-07-01,696,Hà Nam,Viet Nam,20.5463,105.9142,30.9,24.9,27.2,11.7,90,11.9,62,92
2026-07-01,767,Kiên Giang,Viet Nam,10.0122,105.0809,29.7,25.3,27.1,34.5,86,22.8,26,87
2026-07-01,133,Bình Định,Viet Nam,13.782,109.2194,36.1,26.4,29.1,18.2,80,13.4,39,87
2026-07-01,278,Đồng Nai,Viet Nam,10.9575,106.8427,32.3,24.2,28.4,12.1,80,15.3,72,88
2026-07-01,784,Bình Thuận,Viet Nam,10.9333,108.1,34.1,25.8,29.6,0.8,73,25.4,43,89
2026-07-01,108,Lào Cai,Viet Nam,22.4856,103.9707,27.9,25.0,26.3,47.2,92,5.9,30,87
2026-07-01,132,Đắk Nông,Viet Nam,12.0,107.7,28.0,21.8,24.2,2.9,90,14.1,22,95
2026-07-01,416,Ninh Bình,Viet Nam,20.2506,105.9744,32.0,25.6,28.1,7.7,86,12.4,62,91
2026-07-01,226,Kon Tum,Viet Nam,14.35,108.0,29.9,21.5,24.9,18.2,87,15.8,23,83
2026-07-01,684,Khánh Hòa,Viet Nam,12.2467,109.1833,34.1,26.9,29.4,4.6,77,15.1,64,91
2026-07-01,193,Bắc Kạn,Viet Nam,22.147,105.8326,31.4,24.8,27.1,10.9,92,6.7,37,96
2026-07-01,811,Điện Biên,Viet Nam,21.3833,103.0167,29.0,23.2,25.7,31.0,93,7.9,20,91
2026-07-01,620,Cần Thơ,Viet Nam,10.0451,105.7462,30.5,24.2,26.9,16.0,87,20.3,39,88
2026-07-01,365,Cà Mau,Viet Nam,9.1769,105.1501,29.9,24.9,26.5,48.0,91,19.2,22,97
2026-07-01,196,Đắk Lắk,Viet Nam,12.6667,108.05,28.6,22.9,25.5,10.6,89,10.8,23,93
2026-07-01,981,Quảng Bình,Viet Nam,17.4731,106.5962,36.7,26.5,29.7,16.0,80,20.6,28,75
2026-07-01,215,Hải Dương,Viet Nam,20.9391,106.3146,31.2,25.2,27.8,7.3,88,14.4,46,95
2026-07-01,160,Nam Định,Viet Nam,20.4231,106.1681,31.9,25.4,28.0,9.9,88,13.5,62,92
2026-07-01,701,Hà Nội,Viet Nam,21.0285,105.8542,30.5,25.4,27.2,11.5,91,13.1,62,97
2026-07-01,645,Hà Tĩnh,Viet Nam,18.3421,105.9038,32.9,25.6,28.9,23.8,85,11.3,40,94
2026-07-01,255,Long An,Viet Nam,10.5332,105.4053,30.8,25.1,27.3,8.4,86,19.1,59,90
2026-07-01,861,Lạng Sơn,Viet Nam,21.8519,106.7614,30.6,23.7,26.0,10.5,92,10.8,27,98
2026-07-01,347,Bình Phước,Viet Nam,11.7516,106.8778,31.6,24.2,27.3,5.1,86,12.9,35,92
2026-07-01,252,Phú Thọ,Viet Nam,21.3235,105.4011,31.7,25.5,27.8,13.3,88,17.1,64,97
2026-07-01,951,Bình Dương,Viet Nam,11.0531,106.6661,32.4,23.9,28.3,13.3,81,17.7,63,85
2026-07-01,833,Bến Tre,Viet Nam,10.2424,106.3752,30.8,24.5,27.5,10.4,86,20.2,66,90
2026-07-01,797,Gia Lai,Viet Nam,13.9833,108.0,27.3,21.2,23.3,6.7,93,14.6,24,89
2026-07-01,275,Tuyên Quang,Viet Nam,21.8159,105.2132,30.7,24.0,26.8,20.4,90,12.8,37,99
2026-07-01,587,Trà Vinh,Viet Nam,9.9342,106.3339,30.8,24.0,27.4,12.9,86,20.4,64,92
2026-07-01,326,Thừa Thiên Huế,Viet Nam,16.4633,107.5847,32.7,25.9,28.4,9.5,85,13.0,42,67
2026-07-01,503,Sơn La,Viet Nam,21.3262,103.9149,27.7,22.6,25.3,9.6,89,16.2,27,91
2026-07-01,872,Thái Bình,Viet Nam,20.4463,106.3364,32.2,25.4,28.2,8.8,86,13.0,35,92
2026-07-01,547,Sóc Trăng,Viet Nam,9.6019,105.9731,30.0,24.4,27.2,15.2,85,20.4,48,90
2026-07-01,146,Tiền Giang,Viet Nam,10.3606,106.3636,31.0,24.5,27.5,15.2,86,21.3,66,87
2026-07-01,729,Phú Quốc,Viet Nam,10.279526,104.003538,28.5,24.3,25.4,33.8,95,19.1,21,96
2026-07-01,110,Thái Nguyên,Viet Nam,21.5939,105.8481,31.3,24.9,27.4,12.3,90,12.0,52,97
2026-07-01,201,Trường Sa,Viet Nam,10.66936,115.833324,29.1,26.4,27.8,39.6,82,42.4,23,100
2026-07-01,915,Tây Ninh,Viet Nam,11.3125,106.1006,33.2,24.9,28.6,11.1,79,16.6,53,91
2026-07-01,521,TP. Hồ Chí Minh,Viet Nam,10.8231,106.6297,32.9,24.4,28.5,9.8,79,14.7,72,87
2026-07-01,454,Thanh Hóa,Viet Nam,19.8075,105.7764,32.4,25.4,28.4,9.4,88,14.8,42,93
2026-07-01,288,Hoàng Sa,Viet Nam,16.641233,112.742024,31.0,28.1,29.9,9.5,74,24.7,28,98
2026-07-01,920,Vĩnh Long,Viet Nam,10.2536,105.9723,30.6,24.6,27.3,14.9,86,18.6,63,87
2026-07-01,123,Quảng Trị,Viet Nam,16.75,107.1833,35.0,26.0,29.0,13.3,82,18.1,36,69
2026-07-01,456,Vĩnh Phúc,Viet Nam,21.3089,105.6047,30.7,24.9,27.1,14.2,89,13.4,64,97
2026-07-01,734,Yên Bái,Viet Nam,21.7051,104.8751,30.3,24.2,26.6,33.1,93,6.5,39,99
2026-07-02,288,Hoàng Sa,Viet Nam,16.641233,112.742024,29.2,26.9,28.2,47.3,81,39.8,29,97
2026-07-02,503,Sơn La,Viet Nam,21.3262,103.9149,29.6,23.2,25.7,8.9,85,17.5,26,75
2026-07-02,146,Tiền Giang,Viet Nam,10.3606,106.3636,28.9,25.1,26.5,15.0,92,17.1,45,99
2026-07-02,920,Vĩnh Long,Viet Nam,10.2536,105.9723,29.0,25.2,26.5,21.6,91,18.2,40,99
2026-07-02,915,Tây Ninh,Viet Nam,11.3125,106.1006,30.9,25.1,26.8,12.9,90,13.9,34,96
2026-07-02,123,Quảng Trị,Viet Nam,16.75,107.1833,33.2,24.7,28.9,4.9,80,20.7,36,93
2026-07-02,456,Vĩnh Phúc,Viet Nam,21.3089,105.6047,32.1,26.0,28.2,16.1,84,11.3,70,75
2026-07-02,326,Thừa Thiên Huế,Viet Nam,16.4633,107.5847,33.6,26.1,29.2,5.5,79,14.0,55,91
2026-07-02,587,Trà Vinh,Viet Nam,9.9342,106.3339,29.5,24.3,26.7,20.7,90,19.4,42,99
2026-07-02,454,Thanh Hóa,Viet Nam,19.8075,105.7764,31.8,25.4,28.3,8.5,85,12.8,43,86
2026-07-02,729,Phú Quốc,Viet Nam,10.279526,104.003538,28.6,24.2,25.4,36.9,96,17.8,22,99
2026-07-02,872,Thái Bình,Viet Nam,20.4463,106.3364,31.7,25.3,28.7,9.4,83,11.2,43,90
2026-07-02,275,Tuyên Quang,Viet Nam,21.8159,105.2132,30.5,24.3,26.8,20.0,94,13.5,39,89
2026-07-02,201,Trường Sa,Viet Nam,10.66936,115.833324,29.2,27.0,28.1,27.7,81,36.7,26,99
2026-07-02,110,Thái Nguyên,Viet Nam,21.5939,105.8481,31.6,24.8,27.9,17.6,89,15.7,65,70
2026-07-02,547,Sóc Trăng,Viet Nam,9.6019,105.9731,29.5,24.9,26.6,21.8,90,20.9,33,99
2026-07-02,734,Yên Bái,Viet Nam,21.7051,104.8751,31.6,24.9,26.9,10.8,90,7.4,46,86
2026-07-02,521,TP. Hồ Chí Minh,Viet Nam,10.8231,106.6297,30.1,24.9,26.7,16.6,90,13.7,62,99
2026-07-02,797,Gia Lai,Viet Nam,13.9833,108.0,25.7,21.1,22.7,8.5,92,19.6,21,100
2026-07-02,496,Bạc Liêu,Viet Nam,9.2941,105.7242,29.8,25.1,26.7,23.0,90,18.3,21,100
2026-07-02,237,Hải Phòng,Viet Nam,20.8449,106.6881,32.6,25.1,29.1,6.2,80,10.3,31,76
2026-07-02,133,Bình Định,Viet Nam,13.782,109.2194,31.1,26.1,28.0,4.9,84,10.4,29,100
2026-07-02,168,An Giang,Viet Nam,10.5185,105.1152,29.6,25.2,26.7,19.1,91,16.9,26,99
2026-07-02,249,Phú Yên,Viet Nam,13.0883,109.3045,31.2,25.4,27.4,14.4,83,20.2,32,100
2026-07-02,833,Bến Tre,Viet Nam,10.2424,106.3752,29.4,24.7,26.4,22.4,94,15.0,45,99
2026-07-02,196,Đắk Lắk,Viet Nam,12.6667,108.05,26.8,22.9,24.4,20.8,92,10.7,19,100
2026-07-02,365,Cà Mau,Viet Nam,9.1769,105.1501,29.2,24.6,26.3,29.8,93,18.8,20,100
2026-07-02,495,Nghệ An,Viet Nam,18.6667,105.6667,32.7,25.6,29.1,9.0,80,14.7,43,99
2026-07-02,861,Lạng Sơn,Viet Nam,21.8519,106.7614,31.8,24.1,27.3,3.6,85,11.8,26,53
2026-07-02,981,Quảng Bình,Viet Nam,17.4731,106.5962,33.3,26.0,30.2,6.7,72,14.8,30,96
2026-07-02,590,Đà Nẵng,Viet Nam,16.0471,108.2068,33.9,27.2,30.3,3.9,73,17.5,47,98
2026-07-02,215,Hải Dương,Viet Nam,20.9391,106.3146,31.4,25.7,28.5,11.7,88,8.8,62,82
2026-07-02,960,Lai Châu,Viet Nam,22.3959,103.4621,28.5,21.3,24.1,10.8,88,7.0,25,88
2026-07-02,813,Đồng Tháp,Viet Nam,10.4552,105.6323,28.9,25.1,26.6,18.3,91,19.8,38,98
2026-07-02,132,Đắk Nông,Viet Nam,12.0,107.7,24.0,21.3,22.4,11.3,97,17.3,17,99
2026-07-02,385,Hà Giang,Viet Nam,22.8233,104.9836,31.7,25.0,28.0,7.6,84,6.2,30,69
2026-07-02,511,Hòa Bình,Viet Nam,20.8171,105.3375,29.8,25.9,27.5,12.7,94,8.2,44,90
2026-07-02,160,Nam Định,Viet Nam,20.4231,106.1681,31.5,25.2,28.5,12.6,85,9.8,66,91
2026-07-02,849,Bắc Giang,Viet Nam,21.2731,106.1946,31.1,25.6,28.0,11.3,88,10.7,72,65
2026-07-02,951,Bình Dương,Viet Nam,11.0531,106.6661,30.1,24.5,26.4,13.9,92,17.6,51,99
2026-07-02,278,Đồng Nai,Viet Nam,10.9575,106.8427,29.9,25.1,26.8,18.0,89,16.8,62,99
2026-07-02,416,Ninh Bình,Viet Nam,20.2506,105.9744,31.8,25.6,28.4,8.1,85,9.8,66,91
2026-07-02,701,Hà Nội,Viet Nam,21.0285,105.8542,30.4,26.0,28.2,7.9,87,10.8,72,70
2026-07-02,784,Bình Thuận,Viet Nam,10.9333,108.1,31.0,24.5,26.9,9.7,87,22.0,28,100
2026-07-02,108,Lào Cai,Viet Nam,22.4856,103.9707,29.9,25.2,27.7,2.0,85,5.6,32,74
2026-07-02,707,Bắc Ninh,Viet Nam,21.1861,106.0763,31.1,25.4,28.0,13.1,88,11.5,72,66
2026-07-02,696,Hà Nam,Viet Nam,20.5463,105.9142,29.9,24.3,27.3,18.5,91,12.4,66,87
2026-07-02,208,Ninh Thuận,Viet Nam,11.5647,108.9892,29.7,27.2,28.2,7.8,80,12.4,19,100
2026-07-02,910,Cao Bằng,Viet Nam,22.6661,106.2635,32.5,24.6,28.2,5.3,83,8.3,26,74
2026-07-02,327,Bà Rịa – Vũng Tàu,Viet Nam,10.4114,107.1362,30.4,26.6,27.9,13.1,82,23.2,26,99
2026-07-02,645,Hà Tĩnh,Viet Nam,18.3421,105.9038,32.2,25.7,28.7,5.9,83,13.9,35,98
2026-07-02,226,Kon Tum,Viet Nam,14.35,108.0,28.4,21.9,24.4,13.3,87,12.8,20,99
2026-07-02,193,Bắc Kạn,Viet Nam,22.147,105.8326,31.3,24.5,27.4,10.6,92,7.6,31,86
2026-07-02,255,Long An,Viet Nam,10.5332,105.4053,29.3,25.2,26.7,21.3,90,18.8,38,99
2026-07-02,122,Lâm Đồng,Viet Nam,11.9404,108.4419,20.0,16.5,17.9,8.1,98,17.8,15,100
2026-07-02,767,Kiên Giang,Viet Nam,10.0122,105.0809,28.0,25.8,26.6,31.7,90,24.1,22,99
2026-07-02,669,Hưng Yên,Viet Nam,20.6465,106.0511,30.5,25.7,28.2,19.2,88,10.9,76,84
2026-07-02,463,Hậu Giang,Viet Nam,9.7845,105.4735,29.0,24.7,26.2,34.4,93,17.5,28,99
2026-07-02,684,Khánh Hòa,Viet Nam,12.2467,109.1833,27.7,25.8,26.7,16.4,93,8.8,53,100
2026-07-02,252,Phú Thọ,Viet Nam,21.3235,105.4011,31.6,26.9,28.7,9.8,85,13.7,70,74
2026-07-02,811,Điện Biên,Viet Nam,21.3833,103.0167,30.6,23.8,26.5,15.4,90,6.9,21,84
2026-07-02,347,Bình Phước,Viet Nam,11.7516,106.8778,28.7,24.0,25.4,26.4,95,11.9,32,98
2026-07-02,620,Cần Thơ,Viet Nam,10.0451,105.7462,28.7,24.9,26.4,25.4,92,17.6,33,99
2026-07-03,645,Hà Tĩnh,Viet Nam,18.3421,105.9038,29.4,25.6,26.7,46.5,93,17.7,37,99
2026-07-03,701,Hà Nội,Viet Nam,21.0285,105.8542,30.9,26.6,27.9,19.4,87,13.8,83,88
2026-07-03,215,Hải Dương,Viet Nam,20.9391,106.3146,30.1,26.6,27.8,24.2,88,15.8,73,97
2026-07-03,696,Hà Nam,Viet Nam,20.5463,105.9142,30.7,25.1,27.4,13.0,89,16.1,76,96
2026-07-03,237,Hải Phòng,Viet Nam,20.8449,106.6881,31.4,26.2,28.7,11.5,81,15.6,26,97
2026-07-03,385,Hà Giang,Viet Nam,22.8233,104.9836,34.5,25.8,29.8,4.7,76,7.0,25,44
2026-07-03,463,Hậu Giang,Viet Nam,9.7845,105.4735,28.1,24.5,26.1,13.2,94,13.6,32,100
2026-07-03,797,Gia Lai,Viet Nam,13.9833,108.0,22.5,20.8,21.4,26.6,99,22.5,19,100
2026-07-03,511,Hòa Bình,Viet Nam,20.8171,105.3375,32.6,25.7,28.6,4.7,87,13.2,47,86
2026-07-03,813,Đồng Tháp,Viet Nam,10.4552,105.6323,28.8,24.8,26.5,8.3,90,18.5,43,100
2026-07-03,669,Hưng Yên,Viet Nam,20.6465,106.0511,30.4,26.5,28.0,19.4,88,20.0,91,96
2026-07-03,278,Đồng Nai,Viet Nam,10.9575,106.8427,29.3,24.9,26.8,3.6,89,14.4,63,100
2026-07-03,684,Khánh Hòa,Viet Nam,12.2467,109.1833,29.9,26.6,28.0,3.4,82,11.9,33,100
2026-07-03,811,Điện Biên,Viet Nam,21.3833,103.0167,32.6,23.9,28.1,5.4,81,4.5,25,67
2026-07-03,132,Đắk Nông,Viet Nam,12.0,107.7,24.1,21.6,22.5,10.2,96,18.5,20,100
2026-07-03,767,Kiên Giang,Viet Nam,10.0122,105.0809,28.0,25.0,26.5,23.0,90,19.7,24,100
2026-07-03,196,Đắk Lắk,Viet Nam,12.6667,108.05,27.8,23.4,24.7,3.8,88,14.9,23,100
2026-07-03,226,Kon Tum,Viet Nam,14.35,108.0,24.6,22.4,23.3,26.8,92,14.5,20,100
2026-07-03,590,Đà Nẵng,Viet Nam,16.0471,108.2068,27.8,25.9,26.7,26.8,91,12.8,32,100
2026-07-03,960,Lai Châu,Viet Nam,22.3959,103.4621,29.8,20.3,24.8,3.5,83,5.1,28,70
2026-07-03,910,Cao Bằng,Viet Nam,22.6661,106.2635,32.3,24.8,27.9,5.6,82,15.8,27,57
2026-07-03,122,Lâm Đồng,Viet Nam,11.9404,108.4419,19.6,16.2,17.5,7.9,97,22.9,21,100
2026-07-03,620,Cần Thơ,Viet Nam,10.0451,105.7462,28.2,24.5,26.2,8.1,92,16.0,38,100
2026-07-03,861,Lạng Sơn,Viet Nam,21.8519,106.7614,31.0,23.6,25.9,21.1,89,20.2,24,85
2026-07-03,365,Cà Mau,Viet Nam,9.1769,105.1501,29.1,24.4,26.3,22.1,92,17.4,19,100
2026-07-03,108,Lào Cai,Viet Nam,22.4856,103.9707,33.3,25.3,29.8,3.9,75,7.7,31,63
2026-07-03,784,Bình Thuận,Viet Nam,10.9333,108.1,30.2,25.8,27.6,2.6,81,21.4,24,100
2026-07-03,707,Bắc Ninh,Viet Nam,21.1861,106.0763,31.0,26.4,28.1,38.5,86,15.3,83,88
2026-07-03,255,Long An,Viet Nam,10.5332,105.4053,28.7,25.1,26.8,10.4,89,20.1,43,100
2026-07-03,496,Bạc Liêu,Viet Nam,9.2941,105.7242,28.0,24.9,26.5,10.5,92,17.0,20,100
2026-07-03,160,Nam Định,Viet Nam,20.4231,106.1681,29.8,26.2,27.7,21.4,89,16.9,76,96
2026-07-03,193,Bắc Kạn,Viet Nam,22.147,105.8326,33.3,25.7,28.7,5.4,79,13.2,27,71
2026-07-03,495,Nghệ An,Viet Nam,18.6667,105.6667,30.2,25.6,27.6,39.1,91,14.3,50,98
2026-07-03,849,Bắc Giang,Viet Nam,21.2731,106.1946,31.6,26.8,28.5,15.8,83,16.0,83,89
2026-07-03,416,Ninh Bình,Viet Nam,20.2506,105.9744,30.6,26.1,27.8,21.0,87,18.4,76,95
2026-07-03,327,Bà Rịa – Vũng Tàu,Viet Nam,10.4114,107.1362,29.3,26.3,27.8,4.8,82,20.7,25,100
2026-07-03,208,Ninh Thuận,Viet Nam,11.5647,108.9892,31.7,26.5,28.7,0.8,74,21.9,22,100
2026-07-03,168,An Giang,Viet Nam,10.5185,105.1152,29.3,25.2,26.9,12.5,88,16.8,26,100
2026-07-03,347,Bình Phước,Viet Nam,11.7516,106.8778,29.0,24.1,26.2,4.4,89,16.6,33,100
2026-07-03,252,Phú Thọ,Viet Nam,21.3235,105.4011,33.4,26.5,29.2,6.0,82,16.4,74,71
2026-07-03,951,Bình Dương,Viet Nam,11.0531,106.6661,29.3,24.5,26.6,4.2,89,15.9,56,100
2026-07-03,249,Phú Yên,Viet Nam,13.0883,109.3045,30.5,25.8,27.8,1.2,80,14.1,27,100
2026-07-03,133,Bình Định,Viet Nam,13.782,109.2194,30.7,26.5,28.0,1.1,79,10.7,24,100
2026-07-03,981,Quảng Bình,Viet Nam,17.4731,106.5962,29.0,25.8,26.9,52.0,93,16.8,29,100
2026-07-03,833,Bến Tre,Viet Nam,10.2424,106.3752,28.3,24.6,26.2,5.8,93,13.4,56,100
2026-07-03,110,Thái Nguyên,Viet Nam,21.5939,105.8481,33.4,26.1,28.8,8.0,83,12.0,56,71
2026-07-03,456,Vĩnh Phúc,Viet Nam,21.3089,105.6047,32.0,26.0,28.7,6.5,85,14.6,74,78
2026-07-03,288,Hoàng Sa,Viet Nam,16.641233,112.742024,30.0,27.8,28.8,59.5,81,52.7,27,93
2026-07-03,146,Tiền Giang,Viet Nam,10.3606,106.3636,28.5,24.6,26.4,5.8,92,14.7,56,100
2026-07-03,729,Phú Quốc,Viet Nam,10.279526,104.003538,26.6,23.4,25.1,33.0,96,18.7,22,100
2026-07-03,587,Trà Vinh,Viet Nam,9.9342,106.3339,28.6,24.7,26.4,4.6,92,15.7,50,100
2026-07-03,872,Thái Bình,Viet Nam,20.4463,106.3364,30.4,26.5,27.8,17.1,88,17.6,58,97
2026-07-03,734,Yên Bái,Viet Nam,21.7051,104.8751,34.4,25.3,29.0,11.3,80,8.6,54,60
2026-07-03,454,Thanh Hóa,Viet Nam,19.8075,105.7764,30.2,26.0,27.7,18.2,89,18.0,62,98
2026-07-03,503,Sơn La,Viet Nam,21.3262,103.9149,30.3,23.2,26.7,1.4,79,16.4,32,58
2026-07-03,123,Quảng Trị,Viet Nam,16.75,107.1833,31.9,25.2,26.9,27.1,90,15.7,26,100
2026-07-03,275,Tuyên Quang,Viet Nam,21.8159,105.2132,33.9,25.1,28.8,4.8,81,12.3,33,64
2026-07-03,521,TP. Hồ Chí Minh,Viet Nam,10.8231,106.6297,29.6,24.7,26.8,3.3,88,13.6,63,100
2026-07-03,915,Tây Ninh,Viet Nam,11.3125,106.1006,30.1,24.7,27.1,1.7,85,17.2,32,100
2026-07-03,201,Trường Sa,Viet Nam,10.66936,115.833324,29.4,28.6,28.9,0.1,77,24.2,24,95
2026-07-03,547,Sóc Trăng,Viet Nam,9.6019,105.9731,28.7,24.8,26.4,10.7,92,18.9,39,99
2026-07-03,920,Vĩnh Long,Viet Nam,10.2536,105.9723,28.6,24.5,26.4,6.1,90,16.6,51,100
2026-07-03,326,Thừa Thiên Huế,Viet Nam,16.4633,107.5847,31.4,25.0,27.0,16.3,93,12.7,34,100
2026-07-04,920,Vĩnh Long,Viet Nam,10.2536,105.9723,28.1,24.2,25.7,19.4,92,14.3,63,95
2026-07-04,201,Trường Sa,Viet Nam,10.66936,115.833324,30.5,29.3,29.9,0.2,68,12.2,22,35
2026-07-04,146,Tiền Giang,Viet Nam,10.3606,106.3636,29.2,24.7,25.8,16.2,94,15.5,63,100
2026-07-04,288,Hoàng Sa,Viet Nam,16.641233,112.742024,30.4,28.5,29.8,7.2,78,44.8,29,96
2026-07-04,734,Yên Bái,Viet Nam,21.7051,104.8751,34.6,25.5,29.1,11.5,84,11.4,32,90
2026-07-04,110,Thái Nguyên,Viet Nam,21.5939,105.8481,32.0,26.1,28.4,8.9,84,17.5,25,99
2026-07-04,521,TP. Hồ Chí Minh,Viet Nam,10.8231,106.6297,29.6,24.9,26.2,17.7,91,15.8,66,100
2026-07-04,587,Trà Vinh,Viet Nam,9.9342,106.3339,28.7,24.5,25.8,15.3,93,14.0,61,99
2026-07-04,454,Thanh Hóa,Viet Nam,19.8075,105.7764,30.8,27.1,28.2,7.8,87,19.5,48,100
2026-07-04,729,Phú Quốc,Viet Nam,10.279526,104.003538,29.0,24.3,25.6,14.2,92,15.3,22,99
2026-07-04,123,Quảng Trị,Viet Nam,16.75,107.1833,29.7,25.8,27.6,4.0,80,17.8,18,100
2026-07-04,456,Vĩnh Phúc,Viet Nam,21.3089,105.6047,32.6,25.7,28.8,30.5,84,17.1,52,99
2026-07-04,872,Thái Bình,Viet Nam,20.4463,106.3364,30.5,26.0,27.8,52.7,87,26.0,39,100
2026-07-04,915,Tây Ninh,Viet Nam,11.3125,106.1006,30.0,24.3,25.9,23.8,93,15.4,37,99
2026-07-04,326,Thừa Thiên Huế,Viet Nam,16.4633,107.5847,29.1,24.9,26.9,18.3,91,10.0,46,100
2026-07-04,503,Sơn La,Viet Nam,21.3262,103.9149,30.5,23.1,25.9,17.8,87,10.5,25,84
2026-07-04,275,Tuyên Quang,Viet Nam,21.8159,105.2132,33.6,25.0,28.0,20.9,89,16.4,28,94
2026-07-04,547,Sóc Trăng,Viet Nam,9.6019,105.9731,29.5,24.7,26.1,13.8,92,14.3,49,98
2026-07-04,684,Khánh Hòa,Viet Nam,12.2467,109.1833,31.6,26.1,28.7,0.3,80,11.8,39,99
2026-07-04,122,Lâm Đồng,Viet Nam,11.9404,108.4419,22.3,16.4,18.3,0.5,88,16.7,21,100
2026-07-04,861,Lạng Sơn,Viet Nam,21.8519,106.7614,27.8,23.1,24.9,15.3,93,25.2,24,99
2026-07-04,981,Quảng Bình,Viet Nam,17.4731,106.5962,28.9,25.6,27.2,10.9,83,22.4,22,100
2026-07-04,208,Ninh Thuận,Viet Nam,11.5647,108.9892,33.2,26.4,29.4,0.0,70,22.0,24,100
2026-07-04,160,Nam Định,Viet Nam,20.4231,106.1681,31.0,25.8,27.8,42.2,87,25.6,55,99
2026-07-04,365,Cà Mau,Viet Nam,9.1769,105.1501,28.2,24.9,26.0,20.2,91,14.3,23,95
2026-07-04,132,Đắk Nông,Viet Nam,12.0,107.7,24.8,21.1,22.6,5.2,92,16.8,22,100
2026-07-04,215,Hải Dương,Viet Nam,20.9391,106.3146,29.7,25.5,27.6,28.8,88,23.7,35,100
2026-07-04,701,Hà Nội,Viet Nam,21.0285,105.8542,31.1,25.5,28.1,45.6,86,20.1,39,100
2026-07-04,108,Lào Cai,Viet Nam,22.4856,103.9707,34.5,27.2,30.1,6.7,79,7.5,29,78
2026-07-04,347,Bình Phước,Viet Nam,11.7516,106.8778,28.2,24.0,25.3,15.5,92,14.7,36,100
2026-07-04,767,Kiên Giang,Viet Nam,10.0122,105.0809,26.9,24.8,25.8,27.7,92,18.6,33,100
2026-07-04,193,Bắc Kạn,Viet Nam,22.147,105.8326,31.5,25.2,27.8,8.0,85,16.7,26,92
2026-07-04,255,Long An,Viet Nam,10.5332,105.4053,28.2,24.7,25.7,19.8,93,17.6,61,97
2026-07-04,133,Bình Định,Viet Nam,13.782,109.2194,32.0,26.0,29.0,0.0,69,17.5,32,100
2026-07-04,590,Đà Nẵng,Viet Nam,16.0471,108.2068,31.5,26.2,28.6,1.2,79,15.1,35,100
2026-07-04,496,Bạc Liêu,Viet Nam,9.2941,105.7242,29.7,24.6,26.1,20.2,90,16.5,24,97
2026-07-04,237,Hải Phòng,Viet Nam,20.8449,106.6881,30.1,25.6,27.4,27.3,90,24.1,24,100
2026-07-04,696,Hà Nam,Viet Nam,20.5463,105.9142,31.0,25.5,27.6,27.5,88,23.9,55,99
2026-07-04,849,Bắc Giang,Viet Nam,21.2731,106.1946,30.2,25.9,27.9,13.5,86,20.6,39,100
2026-07-04,784,Bình Thuận,Viet Nam,10.9333,108.1,31.0,25.7,27.8,0.2,78,18.0,26,100
2026-07-04,168,An Giang,Viet Nam,10.5185,105.1152,28.8,24.6,25.7,16.5,93,18.5,39,98
2026-07-04,910,Cao Bằng,Viet Nam,22.6661,106.2635,31.5,24.5,27.1,5.7,86,16.6,26,90
2026-07-04,833,Bến Tre,Viet Nam,10.2424,106.3752,29.1,24.9,25.7,20.0,94,11.9,63,100
2026-07-04,495,Nghệ An,Viet Nam,18.6667,105.6667,31.2,26.1,28.2,11.3,89,8.3,52,100
2026-07-04,707,Bắc Ninh,Viet Nam,21.1861,106.0763,30.1,25.7,27.8,23.5,86,23.2,39,100
2026-07-04,249,Phú Yên,Viet Nam,13.0883,109.3045,34.1,26.7,29.6,0.0,63,20.8,37,100
2026-07-04,385,Hà Giang,Viet Nam,22.8233,104.9836,35.2,26.5,29.6,23.2,80,6.4,23,86
2026-07-04,463,Hậu Giang,Viet Nam,9.7845,105.4735,27.3,24.3,25.6,14.2,92,14.1,39,96
2026-07-04,960,Lai Châu,Viet Nam,22.3959,103.4621,29.0,22.0,25.4,10.4,82,5.4,25,84
2026-07-04,416,Ninh Bình,Viet Nam,20.2506,105.9744,31.9,27.0,28.3,17.4,86,24.6,55,99
2026-07-04,813,Đồng Tháp,Viet Nam,10.4552,105.6323,27.0,24.8,25.6,20.5,94,14.7,61,100
2026-07-04,252,Phú Thọ,Viet Nam,21.3235,105.4011,32.4,26.7,29.4,16.6,83,22.5,52,98
2026-07-04,226,Kon Tum,Viet Nam,14.35,108.0,25.1,21.9,23.4,20.6,90,19.8,19,100
2026-07-04,951,Bình Dương,Viet Nam,11.0531,106.6661,28.5,24.6,25.8,18.5,92,13.4,62,100
2026-07-04,511,Hòa Bình,Viet Nam,20.8171,105.3375,33.3,26.9,29.2,8.9,86,16.6,34,95
2026-07-04,620,Cần Thơ,Viet Nam,10.0451,105.7462,27.7,24.2,25.7,14.1,92,15.1,51,96
2026-07-04,196,Đắk Lắk,Viet Nam,12.6667,108.05,27.5,22.6,24.7,6.7,86,13.7,21,100
2026-07-04,811,Điện Biên,Viet Nam,21.3833,103.0167,31.5,23.3,26.9,17.9,86,10.1,26,81
2026-07-04,669,Hưng Yên,Viet Nam,20.6465,106.0511,30.8,25.7,27.9,50.4,87,25.4,54,100
2026-07-04,278,Đồng Nai,Viet Nam,10.9575,106.8427,28.8,24.9,26.2,15.6,90,11.4,66,100
2026-07-04,797,Gia Lai,Viet Nam,13.9833,108.0,23.2,19.9,21.1,24.1,97,25.6,19,100
2026-07-04,327,Bà Rịa – Vũng Tàu,Viet Nam,10.4114,107.1362,28.7,25.7,27.1,6.3,84,17.1,27,100
2026-07-04,645,Hà Tĩnh,Viet Nam,18.3421,105.9038,30.7,25.8,28.5,13.3,76,25.4,29,100
2026-07-05,811,Điện Biên,Viet Nam,21.3833,103.0167,28.0,23.7,25.3,23.2,93,11.5,20,98
2026-07-05,249,Phú Yên,Viet Nam,13.0883,109.3045,34.2,26.8,30.0,0.0,62,21.6,35,99
2026-07-05,226,Kon Tum,Viet Nam,14.35,108.0,27.2,22.7,24.5,1.6,84,17.8,16,99
2026-07-05,496,Bạc Liêu,Viet Nam,9.2941,105.7242,31.2,26.1,27.5,16.4,86,13.0,33,96
2026-07-05,168,An Giang,Viet Nam,10.5185,105.1152,30.8,25.2,27.2,5.1,89,12.3,66,93
2026-07-05,385,Hà Giang,Viet Nam,22.8233,104.9836,31.4,24.8,27.7,12.0,90,4.8,25,95
2026-07-05,463,Hậu Giang,Viet Nam,9.7845,105.4735,29.8,25.4,26.8,12.3,89,12.7,63,96
2026-07-05,833,Bến Tre,Viet Nam,10.2424,106.3752,30.7,25.4,26.9,0.9,88,15.8,74,95
2026-07-05,951,Bình Dương,Viet Nam,11.0531,106.6661,29.8,25.1,27.0,2.3,88,12.5,68,97
2026-07-05,620,Cần Thơ,Viet Nam,10.0451,105.7462,29.6,25.3,26.8,10.1,89,11.7,67,94
2026-07-05,767,Kiên Giang,Viet Nam,10.0122,105.0809,30.2,25.3,27.2,2.4,87,17.0,59,97
2026-07-05,193,Bắc Kạn,Viet Nam,22.147,105.8326,32.4,25.9,28.1,10.1,90,10.2,28,98
2026-07-05,684,Khánh Hòa,Viet Nam,12.2467,109.1833,31.0,25.8,28.1,1.3,83,11.0,63,97
2026-07-05,108,Lào Cai,Viet Nam,22.4856,103.9707,33.5,26.1,29.2,10.5,86,7.4,23,85
2026-07-05,327,Bà Rịa – Vũng Tàu,Viet Nam,10.4114,107.1362,29.9,26.7,27.9,3.9,82,12.4,53,98
2026-07-05,861,Lạng Sơn,Viet Nam,21.8519,106.7614,27.1,23.7,24.8,26.9,97,20.5,26,99
2026-07-05,701,Hà Nội,Viet Nam,21.0285,105.8542,31.5,26.5,28.4,17.4,90,14.0,58,98
2026-07-05,215,Hải Dương,Viet Nam,20.9391,106.3146,30.6,26.2,27.7,30.5,90,16.5,48,99
2026-07-05,981,Quảng Bình,Viet Nam,17.4731,106.5962,30.1,25.8,28.3,2.3,73,31.3,22,100
2026-07-05,132,Đắk Nông,Viet Nam,12.0,107.7,27.5,21.7,24.0,0.7,86,10.5,24,96
2026-07-05,797,Gia Lai,Viet Nam,13.9833,108.0,25.0,20.6,22.5,5.7,91,20.8,17,99
2026-07-05,122,Lâm Đồng,Viet Nam,11.9404,108.4419,23.3,16.4,19.5,0.4,81,12.2,17,98
2026-07-05,669,Hưng Yên,Viet Nam,20.6465,106.0511,31.7,26.5,28.6,5.6,84,17.3,58,99
2026-07-05,278,Đồng Nai,Viet Nam,10.9575,106.8427,30.5,25.8,27.5,1.7,86,11.5,79,97
2026-07-05,511,Hòa Bình,Viet Nam,20.8171,105.3375,34.7,27.4,30.3,2.6,80,15.9,25,98
2026-07-05,813,Đồng Tháp,Viet Nam,10.4552,105.6323,30.1,25.5,27.1,1.7,89,13.0,75,96
2026-07-05,365,Cà Mau,Viet Nam,9.1769,105.1501,31.3,25.8,28.2,0.0,80,16.0,36,97
2026-07-05,707,Bắc Ninh,Viet Nam,21.1861,106.0763,32.2,26.3,27.8,19.7,91,16.5,58,99
2026-07-05,910,Cao Bằng,Viet Nam,22.6661,106.2635,34.5,25.5,27.9,7.1,87,11.9,25,93
2026-07-05,495,Nghệ An,Viet Nam,18.6667,105.6667,32.8,27.5,30.0,0.0,64,21.8,25,100
2026-07-05,416,Ninh Bình,Viet Nam,20.2506,105.9744,32.9,26.7,29.4,3.4,78,19.0,41,99
2026-07-05,696,Hà Nam,Viet Nam,20.5463,105.9142,31.8,25.9,28.6,3.2,85,15.7,41,99
2026-07-05,645,Hà Tĩnh,Viet Nam,18.3421,105.9038,31.0,27.6,29.0,0.3,67,23.2,22,100
2026-07-05,133,Bình Định,Viet Nam,13.782,109.2194,32.1,26.0,28.8,0.0,69,16.2,28,99
2026-07-05,849,Bắc Giang,Viet Nam,21.2731,106.1946,31.4,26.5,27.9,21.9,90,16.5,58,99
2026-07-05,237,Hải Phòng,Viet Nam,20.8449,106.6881,30.2,26.3,27.5,27.3,92,14.9,30,99
2026-07-05,784,Bình Thuận,Viet Nam,10.9333,108.1,32.5,26.4,28.9,0.8,74,18.0,52,93
2026-07-05,255,Long An,Viet Nam,10.5332,105.4053,29.9,25.4,27.0,1.8,91,12.0,75,98
2026-07-05,347,Bình Phước,Viet Nam,11.7516,106.8778,29.7,24.1,26.1,2.1,90,10.8,48,95
2026-07-05,160,Nam Định,Viet Nam,20.4231,106.1681,32.1,26.5,29.1,5.0,81,17.4,41,100
2026-07-05,208,Ninh Thuận,Viet Nam,11.5647,108.9892,32.7,26.6,29.4,0.4,76,12.2,26,96
2026-07-05,196,Đắk Lắk,Viet Nam,12.6667,108.05,28.5,23.0,25.6,0.0,82,8.8,22,99
2026-07-05,960,Lai Châu,Viet Nam,22.3959,103.4621,25.2,21.0,22.9,54.0,95,4.8,19,97
2026-07-05,590,Đà Nẵng,Viet Nam,16.0471,108.2068,32.4,26.8,29.3,0.0,73,15.3,35,99
2026-07-05,252,Phú Thọ,Viet Nam,21.3235,105.4011,34.2,27.6,30.1,3.7,83,11.8,48,93
2026-07-05,915,Tây Ninh,Viet Nam,11.3125,106.1006,31.1,25.5,27.2,2.5,88,12.5,64,95
2026-07-05,123,Quảng Trị,Viet Nam,16.75,107.1833,32.0,25.5,28.7,5.9,71,22.1,18,100
2026-07-05,288,Hoàng Sa,Viet Nam,16.641233,112.742024,30.3,29.9,30.1,0.0,78,40.8,29,81
2026-07-05,456,Vĩnh Phúc,Viet Nam,21.3089,105.6047,33.0,26.8,29.0,8.4,86,12.6,48,95
2026-07-05,454,Thanh Hóa,Viet Nam,19.8075,105.7764,33.3,27.2,29.8,2.7,72,20.9,28,100
2026-07-05,872,Thái Bình,Viet Nam,20.4463,106.3364,32.1,26.5,29.1,5.4,81,19.3,35,100
2026-07-05,729,Phú Quốc,Viet Nam,10.279526,104.003538,29.1,25.4,27.1,1.3,84,12.0,29,95
2026-07-05,326,Thừa Thiên Huế,Viet Nam,16.4633,107.5847,32.5,26.1,29.2,1.5,73,10.7,40,100
2026-07-05,275,Tuyên Quang,Viet Nam,21.8159,105.2132,32.2,26.1,28.7,3.8,88,7.9,32,97
2026-07-05,521,TP. Hồ Chí Minh,Viet Nam,10.8231,106.6297,31.1,25.4,27.6,0.7,84,9.3,79,98
2026-07-05,201,Trường Sa,Viet Nam,10.66936,115.833324,30.8,29.1,29.9,0.0,67,3.9,19,4
2026-07-05,920,Vĩnh Long,Viet Nam,10.2536,105.9723,29.9,25.4,27.0,1.4,87,12.5,74,94
2026-07-05,110,Thái Nguyên,Viet Nam,21.5939,105.8481,32.9,26.5,28.5,7.2,89,13.5,46,95
2026-07-05,146,Tiền Giang,Viet Nam,10.3606,106.3636,30.3,25.3,27.1,0.5,87,12.4,74,96
2026-07-05,547,Sóc Trăng,Viet Nam,9.6019,105.9731,31.1,25.7,27.1,14.4,88,11.1,69,97
2026-07-05,734,Yên Bái,Viet Nam,21.7051,104.8751,33.2,26.6,29.2,4.7,87,7.9,36,98
2026-07-05,503,Sơn La,Viet Nam,21.3262,103.9149,27.7,23.0,24.8,38.0,96,9.2,21,99
2026-07-05,587,Trà Vinh,Viet Nam,9.9342,106.3339,30.8,25.4,26.7,9.8,89,11.8,72,97
2026-07-06,110,Thái Nguyên,Viet Nam,21.5939,105.8481,31.4,25.7,28.1,8.1,87,14.5,63,95
2026-07-06,201,Trường Sa,Viet Nam,10.66936,115.833324,31.1,29.7,30.4,0.0,63,11.6,16,15
2026-07-06,872,Thái Bình,Viet Nam,20.4463,106.3364,30.9,26.5,28.5,15.3,83,24.3,28,92
2026-07-06,275,Tuyên Quang,Viet Nam,21.8159,105.2132,31.7,25.7,27.8,7.5,89,11.9,53,87
2026-07-06,915,Tây Ninh,Viet Nam,11.3125,106.1006,31.4,25.9,28.5,1.0,78,13.5,67,96
2026-07-06,547,Sóc Trăng,Viet Nam,9.6019,105.9731,31.4,25.7,28.3,0.1,79,13.1,75,97
2026-07-06,146,Tiền Giang,Viet Nam,10.3606,106.3636,30.1,25.9,27.8,0.2,85,12.6,76,99
2026-07-06,521,TP. Hồ Chí Minh,Viet Nam,10.8231,106.6297,30.9,25.9,28.0,1.5,83,10.3,78,99
2026-07-06,729,Phú Quốc,Viet Nam,10.279526,104.003538,30.7,24.8,27.3,8.6,87,12.8,30,93
2026-07-06,326,Thừa Thiên Huế,Viet Nam,16.4633,107.5847,32.1,25.3,27.8,3.8,84,11.9,61,100
2026-07-06,454,Thanh Hóa,Viet Nam,19.8075,105.7764,32.8,25.8,29.1,3.5,77,19.2,26,87
2026-07-06,587,Trà Vinh,Viet Nam,9.9342,106.3339,31.2,25.6,28.1,0.1,81,14.7,76,97
2026-07-06,734,Yên Bái,Viet Nam,21.7051,104.8751,32.5,26.2,28.8,2.1,85,8.3,51,86
2026-07-06,123,Quảng Trị,Viet Nam,16.75,107.1833,30.8,24.8,26.7,14.8,85,19.6,17,99
2026-07-06,503,Sơn La,Viet Nam,21.3262,103.9149,28.4,22.9,25.0,10.3,92,9.7,20,79
2026-07-06,456,Vĩnh Phúc,Viet Nam,21.3089,105.6047,31.5,25.6,28.3,3.1,86,14.0,60,95
2026-07-06,288,Hoàng Sa,Viet Nam,16.641233,112.742024,30.3,29.3,29.9,1.5,80,35.0,32,50
2026-07-06,920,Vĩnh Long,Viet Nam,10.2536,105.9723,30.3,25.7,27.7,0.6,85,12.3,80,99
2026-07-06,707,Bắc Ninh,Viet Nam,21.1861,106.0763,31.9,26.1,28.1,8.0,87,17.8,62,94
2026-07-06,249,Phú Yên,Viet Nam,13.0883,109.3045,35.7,27.6,30.2,0.9,67,18.1,52,100
2026-07-06,365,Cà Mau,Viet Nam,9.1769,105.1501,30.9,26.0,28.4,0.0,78,11.7,50,94
2026-07-06,132,Đắk Nông,Viet Nam,12.0,107.7,28.3,21.7,24.1,2.5,87,17.5,40,99
2026-07-06,669,Hưng Yên,Viet Nam,20.6465,106.0511,32.6,26.0,28.2,21.5,85,20.2,51,93
2026-07-06,620,Cần Thơ,Viet Nam,10.0451,105.7462,30.0,25.6,27.6,0.7,85,11.6,76,99
2026-07-06,833,Bến Tre,Viet Nam,10.2424,106.3752,30.4,25.9,27.9,0.2,84,11.7,76,99
2026-07-06,495,Nghệ An,Viet Nam,18.6667,105.6667,31.8,25.8,28.4,8.8,83,13.3,24,89
2026-07-06,813,Đồng Tháp,Viet Nam,10.4552,105.6323,31.2,25.9,28.0,0.9,83,13.2,80,99
2026-07-06,463,Hậu Giang,Viet Nam,9.7845,105.4735,30.4,25.4,27.7,0.6,84,10.7,69,97
2026-07-06,511,Hòa Bình,Viet Nam,20.8171,105.3375,34.7,27.3,29.7,3.6,84,13.7,25,88
2026-07-06,861,Lạng Sơn,Viet Nam,21.8519,106.7614,30.3,23.9,26.5,5.5,87,21.5,40,84
2026-07-06,590,Đà Nẵng,Viet Nam,16.0471,108.2068,34.2,26.6,29.2,1.4,69,17.4,37,99
2026-07-06,385,Hà Giang,Viet Nam,22.8233,104.9836,31.7,25.5,28.1,9.7,86,5.9,31,82
2026-07-06,951,Bình Dương,Viet Nam,11.0531,106.6661,30.6,25.7,27.8,0.7,85,12.6,75,100
2026-07-06,910,Cao Bằng,Viet Nam,22.6661,106.2635,31.3,25.0,27.1,14.6,92,9.3,34,90
2026-07-06,252,Phú Thọ,Viet Nam,21.3235,105.4011,32.2,27.0,29.2,4.4,84,18.1,60,93
2026-07-06,208,Ninh Thuận,Viet Nam,11.5647,108.9892,34.5,27.8,30.3,0.0,69,17.8,35,99
2026-07-06,278,Đồng Nai,Viet Nam,10.9575,106.8427,29.9,26.2,27.7,1.2,86,10.3,78,100
2026-07-06,696,Hà Nam,Viet Nam,20.5463,105.9142,32.4,25.3,28.3,15.4,84,19.5,34,93
2026-07-06,168,An Giang,Viet Nam,10.5185,105.1152,31.6,25.4,28.0,2.8,83,12.5,70,96
2026-07-06,496,Bạc Liêu,Viet Nam,9.2941,105.7242,31.0,26.1,28.5,0.0,78,13.2,44,98
2026-07-06,133,Bình Định,Viet Nam,13.782,109.2194,34.6,25.9,29.5,2.3,71,9.4,43,100
2026-07-06,767,Kiên Giang,Viet Nam,10.0122,105.0809,30.8,26.2,28.1,4.5,83,15.1,68,94
2026-07-06,811,Điện Biên,Viet Nam,21.3833,103.0167,27.4,23.6,25.3,12.0,91,10.2,20,80
2026-07-06,416,Ninh Bình,Viet Nam,20.2506,105.9744,33.4,25.8,29.0,8.4,79,19.7,34,90
2026-07-06,849,Bắc Giang,Viet Nam,21.2731,106.1946,31.6,26.0,28.0,13.9,87,15.7,62,94
2026-07-06,237,Hải Phòng,Viet Nam,20.8449,106.6881,30.6,25.9,28.2,7.1,87,18.9,28,96
2026-07-06,960,Lai Châu,Viet Nam,22.3959,103.4621,28.1,21.7,24.1,7.6,87,6.5,18,87
2026-07-06,255,Long An,Viet Nam,10.5332,105.4053,31.1,25.7,28.0,0.7,82,13.3,80,99
2026-07-06,108,Lào Cai,Viet Nam,22.4856,103.9707,32.3,26.4,29.4,2.0,82,9.1,21,56
2026-07-06,701,Hà Nội,Viet Nam,21.0285,105.8542,32.4,26.4,28.3,4.2,86,16.1,62,92
2026-07-06,226,Kon Tum,Viet Nam,14.35,108.0,26.8,22.2,24.1,5.1,88,14.9,19,100
2026-07-06,215,Hải Dương,Viet Nam,20.9391,106.3146,31.0,26.0,28.1,1.5,87,17.4,41,94
2026-07-06,196,Đắk Lắk,Viet Nam,12.6667,108.05,29.7,23.1,25.4,11.2,88,12.8,34,100
2026-07-06,327,Bà Rịa – Vũng Tàu,Viet Nam,10.4114,107.1362,29.8,27.2,28.6,1.1,81,16.8,56,99
2026-07-06,784,Bình Thuận,Viet Nam,10.9333,108.1,33.1,26.7,28.7,0.3,76,23.3,58,99
2026-07-06,684,Khánh Hòa,Viet Nam,12.2467,109.1833,30.8,26.7,28.5,0.7,84,12.6,64,100
2026-07-06,981,Quảng Bình,Viet Nam,17.4731,106.5962,30.5,24.7,26.4,31.1,89,20.5,23,100
2026-07-06,347,Bình Phước,Viet Nam,11.7516,106.8778,30.3,24.0,26.7,10.6,88,12.1,67,99
2026-07-06,193,Bắc Kạn,Viet Nam,22.147,105.8326,29.9,25.0,27.1,15.3,93,8.4,54,95
2026-07-06,797,Gia Lai,Viet Nam,13.9833,108.0,25.4,20.6,22.3,6.6,91,19.2,23,100
2026-07-06,160,Nam Định,Viet Nam,20.4231,106.1681,31.3,26.4,28.4,18.4,84,22.4,34,92
2026-07-06,122,Lâm Đồng,Viet Nam,11.9404,108.4419,23.1,16.2,19.1,7.7,89,14.5,28,99
2026-07-06,645,Hà Tĩnh,Viet Nam,18.3421,105.9038,29.8,25.6,27.3,30.3,83,27.0,20,97
2026-07-07,701,Hà Nội,Viet Nam,21.0285,105.8542,32.9,25.6,29.2,4.6,85,10.7,71,78
2026-07-07,849,Bắc Giang,Viet Nam,21.2731,106.1946,33.1,25.8,29.2,5.0,85,10.2,71,77
2026-07-07,215,Hải Dương,Viet Nam,20.9391,106.3146,33.3,25.4,29.2,5.2,83,9.7,61,84
2026-07-07,669,Hưng Yên,Viet Nam,20.6465,106.0511,32.9,25.8,29.6,8.7,84,10.9,70,80
2026-07-07,226,Kon Tum,Viet Nam,14.35,108.0,24.4,21.9,22.8,9.8,92,11.3,19,100
2026-07-07,193,Bắc Kạn,Viet Nam,22.147,105.8326,32.6,25.2,28.2,8.3,88,9.9,61,60
2026-07-07,784,Bình Thuận,Viet Nam,10.9333,108.1,32.5,25.7,28.4,3.4,76,26.0,45,96
2026-07-07,495,Nghệ An,Viet Nam,18.6667,105.6667,34.4,27.6,31.0,1.9,67,19.2,31,65
2026-07-07,132,Đắk Nông,Viet Nam,12.0,107.7,25.6,21.3,22.6,8.2,94,17.8,42,100
2026-07-07,620,Cần Thơ,Viet Nam,10.0451,105.7462,31.6,25.2,28.0,6.5,83,17.7,71,96
2026-07-07,960,Lai Châu,Viet Nam,22.3959,103.4621,28.1,21.3,23.8,13.9,93,4.9,19,93
2026-07-07,327,Bà Rịa – Vũng Tàu,Viet Nam,10.4114,107.1362,30.4,25.2,27.8,7.2,82,19.8,48,90
2026-07-07,237,Hải Phòng,Viet Nam,20.8449,106.6881,33.1,25.1,28.6,6.9,87,15.6,39,85
2026-07-07,168,An Giang,Viet Nam,10.5185,105.1152,31.8,25.1,27.7,7.6,84,19.3,64,96
2026-07-07,696,Hà Nam,Viet Nam,20.5463,105.9142,33.2,26.1,29.1,5.4,85,17.0,58,81
2026-07-07,463,Hậu Giang,Viet Nam,9.7845,105.4735,32.3,25.1,28.0,5.5,82,21.0,63,95
2026-07-07,249,Phú Yên,Viet Nam,13.0883,109.3045,33.6,27.4,29.3,1.0,62,24.1,44,99
2026-07-07,347,Bình Phước,Viet Nam,11.7516,106.8778,27.3,24.0,25.4,25.4,96,10.3,66,99
2026-07-07,416,Ninh Bình,Viet Nam,20.2506,105.9744,33.9,27.0,29.9,5.9,82,14.3,58,83
2026-07-07,278,Đồng Nai,Viet Nam,10.9575,106.8427,30.9,24.4,26.9,21.5,89,13.1,77,90
2026-07-07,496,Bạc Liêu,Viet Nam,9.2941,105.7242,31.2,25.5,28.4,4.7,81,17.4,34,89
2026-07-07,707,Bắc Ninh,Viet Nam,21.1861,106.0763,33.0,25.9,29.2,8.1,83,10.0,71,76
2026-07-07,590,Đà Nẵng,Viet Nam,16.0471,108.2068,32.2,25.9,28.5,0.2,71,19.7,29,90
2026-07-07,833,Bến Tre,Viet Nam,10.2424,106.3752,32.1,24.5,27.8,4.3,84,15.8,76,90
2026-07-07,255,Long An,Viet Nam,10.5332,105.4053,31.3,25.3,27.5,7.2,85,18.6,76,96
2026-07-07,385,Hà Giang,Viet Nam,22.8233,104.9836,32.9,25.9,28.7,0.7,83,4.2,38,62
2026-07-07,108,Lào Cai,Viet Nam,22.4856,103.9707,33.1,27.0,29.6,15.8,84,8.3,25,70
2026-07-07,365,Cà Mau,Viet Nam,9.1769,105.1501,32.6,26.1,28.8,1.6,78,18.1,35,78
2026-07-07,122,Lâm Đồng,Viet Nam,11.9404,108.4419,23.1,15.9,18.6,3.4,90,17.9,29,97
2026-07-07,910,Cao Bằng,Viet Nam,22.6661,106.2635,33.8,24.9,28.3,3.8,85,10.5,41,58
2026-07-07,511,Hòa Bình,Viet Nam,20.8171,105.3375,34.3,27.2,30.1,2.4,86,7.7,34,83
2026-07-07,252,Phú Thọ,Viet Nam,21.3235,105.4011,32.8,26.8,29.9,3.0,82,18.0,73,82
2026-07-07,196,Đắk Lắk,Viet Nam,12.6667,108.05,25.5,22.2,23.6,9.8,93,10.8,32,95
2026-07-07,813,Đồng Tháp,Viet Nam,10.4552,105.6323,31.5,24.8,27.5,10.5,84,18.8,76,96
2026-07-07,767,Kiên Giang,Viet Nam,10.0122,105.0809,31.1,25.3,28.1,0.9,82,22.9,61,94
2026-07-07,684,Khánh Hòa,Viet Nam,12.2467,109.1833,31.4,26.3,28.7,2.6,82,10.4,65,92
2026-07-07,160,Nam Định,Viet Nam,20.4231,106.1681,33.3,26.2,29.8,3.7,82,14.4,58,88
2026-07-07,208,Ninh Thuận,Viet Nam,11.5647,108.9892,35.0,27.0,30.6,0.1,64,24.0,35,89
2026-07-07,951,Bình Dương,Viet Nam,11.0531,106.6661,30.2,23.8,26.3,13.7,92,14.8,74,96
2026-07-07,797,Gia Lai,Viet Nam,13.9833,108.0,22.4,20.3,20.9,11.6,97,22.8,19,100
2026-07-07,861,Lạng Sơn,Viet Nam,21.8519,106.7614,31.2,24.0,27.0,3.4,85,9.6,38,86
2026-07-07,981,Quảng Bình,Viet Nam,17.4731,106.5962,28.2,25.0,26.5,45.8,83,32.8,23,92
2026-07-07,811,Điện Biên,Viet Nam,21.3833,103.0167,30.3,24.0,26.1,21.7,90,12.1,18,89
2026-07-07,645,Hà Tĩnh,Viet Nam,18.3421,105.9038,33.9,26.8,29.9,0.3,71,23.7,24,55
2026-07-07,133,Bình Định,Viet Nam,13.782,109.2194,32.0,26.4,28.4,3.3,69,18.2,35,94
2026-07-07,915,Tây Ninh,Viet Nam,11.3125,106.1006,30.2,25.0,27.0,8.8,90,22.0,65,99
2026-07-07,110,Thái Nguyên,Viet Nam,21.5939,105.8481,32.7,26.0,29.1,2.9,86,14.2,66,77
2026-07-07,201,Trường Sa,Viet Nam,10.66936,115.833324,30.9,29.8,30.2,0.4,68,24.4,20,13
2026-07-07,587,Trà Vinh,Viet Nam,9.9342,106.3339,32.0,25.2,28.0,2.3,84,16.3,70,89
2026-07-07,288,Hoàng Sa,Viet Nam,16.641233,112.742024,30.5,29.2,29.9,6.1,77,36.8,41,46
2026-07-07,734,Yên Bái,Viet Nam,21.7051,104.8751,33.1,26.5,29.4,4.6,84,7.0,68,73
2026-07-07,729,Phú Quốc,Viet Nam,10.279526,104.003538,30.6,24.6,26.9,2.0,86,19.0,29,79
2026-07-07,275,Tuyên Quang,Viet Nam,21.8159,105.2132,32.3,25.3,28.9,3.3,85,11.6,63,55
2026-07-07,454,Thanh Hóa,Viet Nam,19.8075,105.7764,34.9,26.8,29.9,4.5,84,12.1,38,85
2026-07-07,547,Sóc Trăng,Viet Nam,9.6019,105.9731,31.6,25.4,28.1,3.5,83,16.5,65,90
2026-07-07,920,Vĩnh Long,Viet Nam,10.2536,105.9723,31.7,24.6,27.7,7.9,86,15.4,78,98
2026-07-07,146,Tiền Giang,Viet Nam,10.3606,106.3636,31.4,24.1,27.5,9.2,86,15.8,76,92
2026-07-07,503,Sơn La,Viet Nam,21.3262,103.9149,29.5,23.1,25.5,11.6,91,11.7,21,83
2026-07-07,123,Quảng Trị,Viet Nam,16.75,107.1833,29.6,24.7,26.7,35.5,78,22.7,22,89
2026-07-07,521,TP. Hồ Chí Minh,Viet Nam,10.8231,106.6297,31.5,24.0,27.3,10.8,86,12.1,77,88
2026-07-07,326,Thừa Thiên Huế,Viet Nam,16.4633,107.5847,31.4,24.4,26.7,10.1,85,14.4,35,85
2026-07-07,872,Thái Bình,Viet Nam,20.4463,106.3364,33.2,26.0,29.8,4.1,82,16.1,53,90
2026-07-07,456,Vĩnh Phúc,Viet Nam,21.3089,105.6047,32.7,25.9,29.1,5.3,84,14.9,73,85
2026-07-08,288,Hoàng Sa,Viet Nam,16.641233,112.742024,30.3,29.2,29.8,1.5,75,37.8,41,29
2026-07-08,123,Quảng Trị,Viet Nam,16.75,107.1833,32.6,26.3,29.3,3.3,69,29.5,31,52
2026-07-08,547,Sóc Trăng,Viet Nam,9.6019,105.9731,30.3,25.5,26.6,15.6,91,20.5,59,92
2026-07-08,503,Sơn La,Viet Nam,21.3262,103.9149,27.2,23.0,24.4,38.7,96,5.4,23,99
2026-07-08,915,Tây Ninh,Viet Nam,11.3125,106.1006,32.3,26.0,28.1,3.2,81,14.5,66,83
2026-07-08,872,Thái Bình,Viet Nam,20.4463,106.3364,32.2,26.6,28.6,4.6,89,7.8,80,93
2026-07-08,110,Thái Nguyên,Viet Nam,21.5939,105.8481,32.0,25.1,27.7,34.8,89,12.7,65,87
2026-07-08,454,Thanh Hóa,Viet Nam,19.8075,105.7764,34.4,26.7,29.5,1.4,86,7.3,67,92
2026-07-08,326,Thừa Thiên Huế,Viet Nam,16.4633,107.5847,34.2,26.3,29.5,2.2,72,14.6,31,53
2026-07-08,146,Tiền Giang,Viet Nam,10.3606,106.3636,30.5,25.5,26.8,11.0,90,17.3,70,84
2026-07-08,521,TP. Hồ Chí Minh,Viet Nam,10.8231,106.6297,31.3,24.7,27.4,12.5,85,18.1,74,83
2026-07-08,587,Trà Vinh,Viet Nam,9.9342,106.3339,30.5,25.4,26.6,17.9,90,17.1,64,82
2026-07-08,275,Tuyên Quang,Viet Nam,21.8159,105.2132,31.6,24.4,27.1,34.6,91,12.4,57,89
2026-07-08,920,Vĩnh Long,Viet Nam,10.2536,105.9723,30.5,25.6,27.1,8.9,87,19.0,72,86
2026-07-08,456,Vĩnh Phúc,Viet Nam,21.3089,105.6047,30.7,24.8,27.4,58.0,90,10.0,81,90
2026-07-08,734,Yên Bái,Viet Nam,21.7051,104.8751,30.9,24.9,27.1,26.5,92,6.3,68,95
2026-07-08,201,Trường Sa,Viet Nam,10.66936,115.833324,30.7,28.3,29.7,5.8,73,38.0,24,74
2026-07-08,729,Phú Quốc,Viet Nam,10.279526,104.003538,29.9,24.4,26.3,8.5,91,16.1,24,88
2026-07-08,701,Hà Nội,Viet Nam,21.0285,105.8542,32.1,25.6,27.6,35.8,90,9.3,72,98
2026-07-08,767,Kiên Giang,Viet Nam,10.0122,105.0809,29.6,25.8,27.6,3.9,85,22.1,42,76
2026-07-08,193,Bắc Kạn,Viet Nam,22.147,105.8326,32.0,25.2,27.2,16.0,92,9.7,46,90
2026-07-08,365,Cà Mau,Viet Nam,9.1769,105.1501,30.3,26.3,27.2,15.9,89,18.4,32,80
2026-07-08,797,Gia Lai,Viet Nam,13.9833,108.0,24.2,20.4,21.9,27.2,92,23.7,21,95
2026-07-08,511,Hòa Bình,Viet Nam,20.8171,105.3375,32.9,26.2,28.5,19.8,91,7.8,58,98
2026-07-08,347,Bình Phước,Viet Nam,11.7516,106.8778,30.6,24.4,26.5,2.3,90,12.8,55,76
2026-07-08,620,Cần Thơ,Viet Nam,10.0451,105.7462,30.6,25.5,26.9,7.8,88,17.3,63,84
2026-07-08,833,Bến Tre,Viet Nam,10.2424,106.3752,30.6,25.5,26.7,9.4,91,15.1,70,89
2026-07-08,278,Đồng Nai,Viet Nam,10.9575,106.8427,31.7,24.9,27.6,7.7,85,17.5,74,82
2026-07-08,108,Lào Cai,Viet Nam,22.4856,103.9707,30.7,25.7,27.6,10.5,90,4.6,24,86
2026-07-08,684,Khánh Hòa,Viet Nam,12.2467,109.1833,32.5,27.0,29.6,1.3,76,16.0,49,66
2026-07-08,645,Hà Tĩnh,Viet Nam,18.3421,105.9038,35.1,26.7,30.4,4.6,79,8.3,27,55
2026-07-08,981,Quảng Bình,Viet Nam,17.4731,106.5962,33.7,26.9,29.6,0.8,71,23.0,29,49
2026-07-08,669,Hưng Yên,Viet Nam,20.6465,106.0511,32.0,26.5,28.2,13.3,89,9.6,84,95
2026-07-08,122,Lâm Đồng,Viet Nam,11.9404,108.4419,23.7,17.1,19.6,0.0,83,23.6,24,75
2026-07-08,215,Hải Dương,Viet Nam,20.9391,106.3146,32.4,25.4,27.8,22.2,89,11.6,69,93
2026-07-08,327,Bà Rịa – Vũng Tàu,Viet Nam,10.4114,107.1362,29.8,27.0,27.9,4.6,82,26.2,37,82
2026-07-08,696,Hà Nam,Viet Nam,20.5463,105.9142,31.2,25.9,27.8,26.4,92,7.2,93,95
2026-07-08,707,Bắc Ninh,Viet Nam,21.1861,106.0763,32.1,25.3,27.6,39.9,89,18.0,72,95
2026-07-08,910,Cao Bằng,Viet Nam,22.6661,106.2635,32.3,24.7,27.1,13.3,91,8.5,41,86
2026-07-08,813,Đồng Tháp,Viet Nam,10.4552,105.6323,30.9,25.8,27.8,4.4,84,20.3,68,79
2026-07-08,133,Bình Định,Viet Nam,13.782,109.2194,33.4,25.6,29.7,1.4,63,23.5,25,75
2026-07-08,237,Hải Phòng,Viet Nam,20.8449,106.6881,32.3,25.4,28.1,16.8,87,9.6,50,98
2026-07-08,255,Long An,Viet Nam,10.5332,105.4053,31.0,26.2,27.9,1.8,83,19.7,68,80
2026-07-08,416,Ninh Bình,Viet Nam,20.2506,105.9744,31.5,26.7,28.7,7.9,90,8.2,93,91
2026-07-08,849,Bắc Giang,Viet Nam,21.2731,106.1946,32.4,25.2,27.8,36.6,88,16.5,72,97
2026-07-08,861,Lạng Sơn,Viet Nam,21.8519,106.7614,31.7,23.5,25.8,15.7,92,10.1,41,94
2026-07-08,249,Phú Yên,Viet Nam,13.0883,109.3045,36.8,26.3,30.8,2.5,57,26.9,26,83
2026-07-08,960,Lai Châu,Viet Nam,22.3959,103.4621,25.4,21.2,22.6,56.8,93,4.4,18,85
2026-07-08,590,Đà Nẵng,Viet Nam,16.0471,108.2068,35.7,27.3,31.0,0.8,61,15.1,44,39
2026-07-08,208,Ninh Thuận,Viet Nam,11.5647,108.9892,36.1,27.1,30.6,1.0,64,32.4,30,67
2026-07-08,168,An Giang,Viet Nam,10.5185,105.1152,31.3,26.4,28.1,0.8,82,18.3,52,83
2026-07-08,496,Bạc Liêu,Viet Nam,9.2941,105.7242,29.3,26.2,27.0,11.2,89,17.8,33,91
2026-07-08,385,Hà Giang,Viet Nam,22.8233,104.9836,30.9,25.6,27.8,2.4,85,5.6,32,79
2026-07-08,463,Hậu Giang,Viet Nam,9.7845,105.4735,30.4,25.4,26.9,3.8,89,19.8,52,78
2026-07-08,951,Bình Dương,Viet Nam,11.0531,106.6661,31.4,24.5,27.6,3.6,84,15.8,68,80
2026-07-08,811,Điện Biên,Viet Nam,21.3833,103.0167,27.4,23.3,25.1,43.5,94,9.4,18,96
2026-07-08,495,Nghệ An,Viet Nam,18.6667,105.6667,35.5,26.3,31.2,4.1,63,22.0,34,71
2026-07-08,226,Kon Tum,Viet Nam,14.35,108.0,26.4,22.3,23.8,10.4,87,17.3,20,92
2026-07-08,160,Nam Định,Viet Nam,20.4231,106.1681,32.0,26.8,28.6,7.1,88,6.5,93,91
2026-07-08,132,Đắk Nông,Viet Nam,12.0,107.7,27.7,21.4,23.7,3.5,87,19.2,28,84
2026-07-08,196,Đắk Lắk,Viet Nam,12.6667,108.05,29.9,21.8,25.8,14.2,79,18.0,25,70
2026-07-08,784,Bình Thuận,Viet Nam,10.9333,108.1,32.3,25.8,28.3,6.5,79,26.0,37,87
2026-07-08,252,Phú Thọ,Viet Nam,21.3235,105.4011,30.9,25.4,28.0,40.8,90,13.4,81,88
2026-07-09,168,An Giang,Viet Nam,10.5185,105.1152,31.8,26.4,29.0,1.0,74,20.3,27,95
2026-07-09,226,Kon Tum,Viet Nam,14.35,108.0,26.7,22.5,24.1,4.9,87,14.5,20,96
2026-07-09,701,Hà Nội,Viet Nam,21.0285,105.8542,29.9,25.1,27.2,26.9,91,6.9,76,99
2026-07-09,385,Hà Giang,Viet Nam,22.8233,104.9836,29.0,24.7,26.7,10.0,91,4.7,36,95
2026-07-09,811,Điện Biên,Viet Nam,21.3833,103.0167,27.6,22.5,24.6,29.1,95,7.7,19,93
2026-07-09,208,Ninh Thuận,Viet Nam,11.5647,108.9892,37.3,27.5,32.1,0.0,58,19.7,29,94
2026-07-09,960,Lai Châu,Viet Nam,22.3959,103.4621,27.9,21.5,23.8,3.8,89,4.9,26,76
2026-07-09,278,Đồng Nai,Viet Nam,10.9575,106.8427,32.5,26.3,28.8,1.2,77,20.0,64,95
2026-07-09,249,Phú Yên,Viet Nam,13.0883,109.3045,35.0,27.2,31.1,0.1,57,29.0,25,90
2026-07-09,813,Đồng Tháp,Viet Nam,10.4552,105.6323,31.2,26.7,28.7,1.1,78,21.2,42,94
2026-07-09,849,Bắc Giang,Viet Nam,21.2731,106.1946,29.7,24.5,27.0,28.8,90,11.2,76,97
2026-07-09,416,Ninh Bình,Viet Nam,20.2506,105.9744,31.0,25.8,28.0,14.8,89,12.2,72,94
2026-07-09,237,Hải Phòng,Viet Nam,20.8449,106.6881,31.6,25.7,27.7,13.5,91,8.2,46,99
2026-07-09,255,Long An,Viet Nam,10.5332,105.4053,31.5,26.4,28.8,0.6,77,21.3,42,95
2026-07-09,365,Cà Mau,Viet Nam,9.1769,105.1501,31.0,26.6,28.1,3.7,81,22.8,28,89
2026-07-09,160,Nam Định,Viet Nam,20.4231,106.1681,30.8,25.8,27.9,25.3,90,12.8,72,97
2026-07-09,133,Bình Định,Viet Nam,13.782,109.2194,32.6,26.4,29.4,0.2,67,20.7,25,83
2026-07-09,910,Cao Bằng,Viet Nam,22.6661,106.2635,28.3,24.5,25.8,19.6,97,7.7,33,89
2026-07-09,645,Hà Tĩnh,Viet Nam,18.3421,105.9038,33.2,25.9,29.1,18.6,78,10.3,27,64
2026-07-09,707,Bắc Ninh,Viet Nam,21.1861,106.0763,29.8,24.4,27.1,32.6,90,9.9,76,99
2026-07-09,132,Đắk Nông,Viet Nam,12.0,107.7,27.3,20.7,23.5,6.9,88,18.0,23,94
2026-07-09,347,Bình Phước,Viet Nam,11.7516,106.8778,31.2,25.2,27.7,0.2,80,17.7,40,89
2026-07-09,696,Hà Nam,Viet Nam,20.5463,105.9142,30.5,25.4,27.3,13.5,93,13.5,72,95
2026-07-09,861,Lạng Sơn,Viet Nam,21.8519,106.7614,26.5,23.4,24.7,21.9,98,8.9,34,96
2026-07-09,215,Hải Dương,Viet Nam,20.9391,106.3146,30.0,25.1,27.2,32.2,93,9.9,67,98
2026-07-09,122,Lâm Đồng,Viet Nam,11.9404,108.4419,23.1,17.1,19.4,0.5,86,23.9,22,98
2026-07-09,981,Quảng Bình,Viet Nam,17.4731,106.5962,32.1,25.8,28.5,1.1,76,17.6,29,75
2026-07-09,784,Bình Thuận,Viet Nam,10.9333,108.1,33.6,24.6,28.6,9.1,76,27.5,44,90
2026-07-09,252,Phú Thọ,Viet Nam,21.3235,105.4011,29.1,25.7,27.3,21.5,90,8.8,76,87
2026-07-09,684,Khánh Hòa,Viet Nam,12.2467,109.1833,33.1,27.9,30.4,0.0,64,16.8,58,91
2026-07-09,669,Hưng Yên,Viet Nam,20.6465,106.0511,31.0,25.8,28.0,11.5,89,10.7,79,97
2026-07-09,511,Hòa Bình,Viet Nam,20.8171,105.3375,30.8,26.4,27.5,13.8,94,5.6,32,95
2026-07-09,196,Đắk Lắk,Viet Nam,12.6667,108.05,29.4,23.1,25.8,2.4,79,20.7,23,95
2026-07-09,193,Bắc Kạn,Viet Nam,22.147,105.8326,28.7,25.2,26.2,24.2,95,4.9,43,97
2026-07-09,108,Lào Cai,Viet Nam,22.4856,103.9707,29.5,25.9,27.7,2.2,85,7.7,30,86
2026-07-09,833,Bến Tre,Viet Nam,10.2424,106.3752,31.7,26.0,28.6,1.5,79,19.0,56,92
2026-07-09,463,Hậu Giang,Viet Nam,9.7845,105.4735,31.6,25.9,28.2,3.0,80,21.1,35,94
2026-07-09,495,Nghệ An,Viet Nam,18.6667,105.6667,34.6,26.8,30.6,0.2,63,22.1,29,83
2026-07-09,590,Đà Nẵng,Viet Nam,16.0471,108.2068,36.1,27.8,30.9,0.9,61,17.5,34,63
2026-07-09,620,Cần Thơ,Viet Nam,10.0451,105.7462,31.5,25.9,28.3,2.7,80,20.9,40,95
2026-07-09,951,Bình Dương,Viet Nam,11.0531,106.6661,32.5,26.0,28.8,0.9,76,21.6,57,93
2026-07-09,767,Kiên Giang,Viet Nam,10.0122,105.0809,30.4,27.3,28.9,2.5,77,25.8,27,96
2026-07-09,496,Bạc Liêu,Viet Nam,9.2941,105.7242,31.5,26.1,28.4,1.8,79,21.5,31,87
2026-07-09,797,Gia Lai,Viet Nam,13.9833,108.0,24.9,20.4,21.8,14.8,95,23.6,19,94
2026-07-09,327,Bà Rịa – Vũng Tàu,Viet Nam,10.4114,107.1362,31.5,27.2,29.4,2.6,76,25.5,39,91
2026-07-09,587,Trà Vinh,Viet Nam,9.9342,106.3339,31.5,25.6,28.4,2.4,80,20.1,55,89
2026-07-09,146,Tiền Giang,Viet Nam,10.3606,106.3636,31.7,26.1,28.6,1.5,80,20.6,56,92
2026-07-09,872,Thái Bình,Viet Nam,20.4463,106.3364,30.7,25.8,27.8,23.6,90,10.9,65,97
2026-07-09,110,Thái Nguyên,Viet Nam,21.5939,105.8481,28.6,25.0,26.5,21.8,94,8.1,63,93
2026-07-09,503,Sơn La,Viet Nam,21.3262,103.9149,27.0,22.5,24.0,29.0,96,6.9,22,99
2026-07-09,201,Trường Sa,Viet Nam,10.66936,115.833324,30.7,28.1,29.6,6.4,75,44.5,32,76
2026-07-09,454,Thanh Hóa,Viet Nam,19.8075,105.7764,32.8,26.1,28.6,9.5,84,18.7,48,93
2026-07-09,456,Vĩnh Phúc,Viet Nam,21.3089,105.6047,27.9,25.2,26.4,25.2,93,8.1,76,96
2026-07-09,729,Phú Quốc,Viet Nam,10.279526,104.003538,29.7,25.7,27.7,4.6,80,20.0,23,87
2026-07-09,123,Quảng Trị,Viet Nam,16.75,107.1833,31.4,26.0,28.4,4.5,74,31.1,31,74
2026-07-09,288,Hoàng Sa,Viet Nam,16.641233,112.742024,30.3,29.4,29.9,0.6,79,26.1,47,65
2026-07-09,734,Yên Bái,Viet Nam,21.7051,104.8751,28.8,25.1,26.3,50.0,92,5.8,45,84
2026-07-09,915,Tây Ninh,Viet Nam,11.3125,106.1006,32.5,26.4,29.2,0.6,74,18.2,35,92
2026-07-09,547,Sóc Trăng,Viet Nam,9.6019,105.9731,31.2,25.7,28.3,1.2,79,20.0,46,90
2026-07-09,521,TP. Hồ Chí Minh,Viet Nam,10.8231,106.6297,33.0,26.0,28.9,2.1,77,17.7,64,91
2026-07-09,920,Vĩnh Long,Viet Nam,10.2536,105.9723,31.5,26.1,28.5,2.1,80,21.4,50,97
2026-07-09,275,Tuyên Quang,Viet Nam,21.8159,105.2132,27.3,25.0,25.7,21.7,96,8.0,29,92
2026-07-09,326,Thừa Thiên Huế,Viet Nam,16.4633,107.5847,33.3,26.6,29.6,0.1,71,13.5,27,55
2026-07-10,146,Tiền Giang,Viet Nam,10.3606,106.3636,32.2,27.0,29.1,1.9,77,20.3,46,87
2026-07-10,734,Yên Bái,Viet Nam,21.7051,104.8751,32.3,25.0,28.0,6.9,87,10.9,62,61
2026-07-10,503,Sơn La,Viet Nam,21.3262,103.9149,27.5,22.6,24.5,34.5,96,6.9,22,93
2026-07-10,288,Hoàng Sa,Viet Nam,16.641233,112.742024,30.4,29.0,29.9,1.6,79,30.2,44,63
2026-07-10,454,Thanh Hóa,Viet Nam,19.8075,105.7764,33.8,26.6,28.8,30.0,87,9.6,50,83
2026-07-10,729,Phú Quốc,Viet Nam,10.279526,104.003538,30.8,24.7,28.0,6.6,79,20.8,21,95
2026-07-10,326,Thừa Thiên Huế,Viet Nam,16.4633,107.5847,33.8,25.5,29.2,1.2,73,17.2,25,67
2026-07-10,872,Thái Bình,Viet Nam,20.4463,106.3364,32.2,27.0,28.6,6.3,86,10.9,73,79
2026-07-10,110,Thái Nguyên,Viet Nam,21.5939,105.8481,31.0,25.6,27.8,10.0,90,10.4,84,72
2026-07-10,456,Vĩnh Phúc,Viet Nam,21.3089,105.6047,30.9,25.9,28.0,11.0,89,8.5,94,81
2026-07-10,123,Quảng Trị,Viet Nam,16.75,107.1833,32.4,26.1,28.6,5.7,72,28.7,26,79
2026-07-10,201,Trường Sa,Viet Nam,10.66936,115.833324,30.7,28.4,29.8,11.6,75,49.3,34,82
2026-07-10,920,Vĩnh Long,Viet Nam,10.2536,105.9723,31.7,27.1,28.9,2.3,77,21.1,42,86
2026-07-10,915,Tây Ninh,Viet Nam,11.3125,106.1006,33.4,26.6,29.7,1.0,71,19.3,34,85
2026-07-10,521,TP. Hồ Chí Minh,Viet Nam,10.8231,106.6297,33.6,26.6,29.6,0.5,74,16.6,60,91
2026-07-10,547,Sóc Trăng,Viet Nam,9.6019,105.9731,31.8,26.2,28.4,3.1,81,17.7,36,83
2026-07-10,587,Trà Vinh,Viet Nam,9.9342,106.3339,32.1,26.5,28.7,3.0,78,21.1,43,78
2026-07-10,275,Tuyên Quang,Viet Nam,21.8159,105.2132,31.8,25.1,27.5,11.9,91,10.2,60,54
2026-07-10,833,Bến Tre,Viet Nam,10.2424,106.3752,32.1,27.0,29.0,2.0,77,21.8,46,86
2026-07-10,416,Ninh Bình,Viet Nam,20.2506,105.9744,32.9,26.8,28.7,15.1,87,11.3,75,77
2026-07-10,327,Bà Rịa – Vũng Tàu,Viet Nam,10.4114,107.1362,31.8,27.6,29.5,4.4,76,27.7,42,81
2026-07-10,784,Bình Thuận,Viet Nam,10.9333,108.1,33.7,25.0,29.0,6.9,74,27.7,44,80
2026-07-10,620,Cần Thơ,Viet Nam,10.0451,105.7462,31.8,26.6,28.8,0.4,78,21.3,34,88
2026-07-10,108,Lào Cai,Viet Nam,22.4856,103.9707,31.4,25.2,28.5,4.5,85,7.4,25,67
2026-07-10,981,Quảng Bình,Viet Nam,17.4731,106.5962,33.2,27.8,29.8,2.2,67,20.1,26,69
2026-07-10,122,Lâm Đồng,Viet Nam,11.9404,108.4419,21.9,17.4,19.2,2.3,86,28.0,22,98
2026-07-10,215,Hải Dương,Viet Nam,20.9391,106.3146,32.0,25.6,27.9,10.5,89,10.7,86,79
2026-07-10,696,Hà Nam,Viet Nam,20.5463,105.9142,31.0,26.1,27.9,3.9,91,8.9,75,85
2026-07-10,707,Bắc Ninh,Viet Nam,21.1861,106.0763,32.0,26.1,28.1,7.9,88,12.4,100,76
2026-07-10,910,Cao Bằng,Viet Nam,22.6661,106.2635,32.6,24.7,27.6,5.0,87,12.5,42,47
2026-07-10,133,Bình Định,Viet Nam,13.782,109.2194,32.3,28.1,29.9,0.1,63,24.5,26,85
2026-07-10,645,Hà Tĩnh,Viet Nam,18.3421,105.9038,34.0,27.4,29.6,4.5,76,10.4,24,88
2026-07-10,255,Long An,Viet Nam,10.5332,105.4053,32.1,27.1,29.1,0.3,76,22.0,38,89
2026-07-10,237,Hải Phòng,Viet Nam,20.8449,106.6881,32.1,26.1,28.4,7.9,86,8.0,64,76
2026-07-10,249,Phú Yên,Viet Nam,13.0883,109.3045,36.2,27.2,31.9,0.5,54,29.6,25,74
2026-07-10,861,Lạng Sơn,Viet Nam,21.8519,106.7614,31.0,23.6,26.5,2.1,84,12.5,43,65
2026-07-10,960,Lai Châu,Viet Nam,22.3959,103.4621,27.3,21.9,24.2,5.1,86,4.4,21,75
2026-07-10,385,Hà Giang,Viet Nam,22.8233,104.9836,32.4,25.7,28.2,4.6,84,5.1,35,53
2026-07-10,496,Bạc Liêu,Viet Nam,9.2941,105.7242,31.8,26.8,28.6,4.6,80,21.3,27,78
2026-07-10,590,Đà Nẵng,Viet Nam,16.0471,108.2068,33.6,27.5,30.1,1.4,66,18.7,31,77
2026-07-10,951,Bình Dương,Viet Nam,11.0531,106.6661,33.2,24.2,28.6,2.5,78,20.6,43,89
2026-07-10,226,Kon Tum,Viet Nam,14.35,108.0,27.8,22.3,24.6,11.1,85,22.9,25,90
2026-07-10,160,Nam Định,Viet Nam,20.4231,106.1681,32.5,27.0,28.7,14.0,86,10.6,75,71
2026-07-10,463,Hậu Giang,Viet Nam,9.7845,105.4735,32.1,26.7,28.8,0.4,77,22.0,31,91
2026-07-10,252,Phú Thọ,Viet Nam,21.3235,105.4011,31.4,26.6,28.7,11.4,88,9.2,94,74
2026-07-10,196,Đắk Lắk,Viet Nam,12.6667,108.05,30.0,23.1,26.4,1.2,72,24.2,22,78
2026-07-10,797,Gia Lai,Viet Nam,13.9833,108.0,25.2,20.7,22.2,14.5,94,27.2,24,91
2026-07-10,193,Bắc Kạn,Viet Nam,22.147,105.8326,31.7,25.4,27.5,17.5,90,7.6,61,55
2026-07-10,511,Hòa Bình,Viet Nam,20.8171,105.3375,31.4,26.6,27.9,15.3,95,9.2,34,92
2026-07-10,767,Kiên Giang,Viet Nam,10.0122,105.0809,30.2,27.8,29.2,0.8,76,24.6,26,92
2026-07-10,132,Đắk Nông,Viet Nam,12.0,107.7,27.7,20.7,23.9,6.1,86,20.8,25,95
2026-07-10,365,Cà Mau,Viet Nam,9.1769,105.1501,31.2,27.2,28.8,2.5,77,22.0,25,81
2026-07-10,347,Bình Phước,Viet Nam,11.7516,106.8778,31.9,24.9,28.0,0.9,81,14.6,35,96
2026-07-10,495,Nghệ An,Viet Nam,18.6667,105.6667,35.0,29.4,31.5,0.7,59,20.7,27,90
2026-07-10,813,Đồng Tháp,Viet Nam,10.4552,105.6323,32.0,27.1,29.1,0.3,76,22.2,38,92
2026-07-10,208,Ninh Thuận,Viet Nam,11.5647,108.9892,38.0,27.8,32.5,0.0,55,21.3,30,79
2026-07-10,849,Bắc Giang,Viet Nam,21.2731,106.1946,31.7,25.9,28.0,9.2,87,11.1,100,72
2026-07-10,168,An Giang,Viet Nam,10.5185,105.1152,32.4,27.1,29.4,0.3,73,21.8,28,92
2026-07-10,701,Hà Nội,Viet Nam,21.0285,105.8542,31.9,26.4,28.0,7.6,89,9.8,100,77
2026-07-10,684,Khánh Hòa,Viet Nam,12.2467,109.1833,35.2,28.0,31.6,0.1,58,11.9,63,90
2026-07-10,669,Hưng Yên,Viet Nam,20.6465,106.0511,32.1,26.8,28.5,3.9,88,12.8,94,78
2026-07-10,278,Đồng Nai,Viet Nam,10.9575,106.8427,33.2,25.5,28.9,1.2,78,19.0,60,92
2026-07-10,811,Điện Biên,Viet Nam,21.3833,103.0167,28.9,23.5,25.3,15.2,91,8.8,21,88
2026-07-11,784,Bình Thuận,Viet Nam,10.9333,108.1,32.7,25.6,28.6,5.5,75,30.5,42,60
2026-07-11,132,Đắk Nông,Viet Nam,12.0,107.7,28.4,20.7,23.5,20.1,89,25.4,22,84
2026-07-11,833,Bến Tre,Viet Nam,10.2424,106.3752,32.3,24.6,28.9,6.6,75,22.6,43,43
2026-07-11,347,Bình Phước,Viet Nam,11.7516,106.8778,31.4,23.5,26.9,11.3,86,19.9,29,69
2026-07-11,511,Hòa Bình,Viet Nam,20.8171,105.3375,32.0,26.1,28.8,5.1,89,8.8,42,66
2026-07-11,160,Nam Định,Viet Nam,20.4231,106.1681,31.9,27.1,29.1,3.9,86,7.7,83,63
2026-07-11,226,Kon Tum,Viet Nam,14.35,108.0,27.2,22.2,24.0,18.8,90,23.1,24,81
2026-07-11,620,Cần Thơ,Viet Nam,10.0451,105.7462,31.9,25.9,28.9,0.4,74,25.9,35,42
2026-07-11,495,Nghệ An,Viet Nam,18.6667,105.6667,34.9,28.1,30.9,1.5,62,20.3,28,82
2026-07-11,813,Đồng Tháp,Viet Nam,10.4552,105.6323,32.4,25.7,29.1,2.6,75,24.1,38,38
2026-07-11,951,Bình Dương,Viet Nam,11.0531,106.6661,32.5,26.7,29.2,0.4,72,22.6,38,62
2026-07-11,590,Đà Nẵng,Viet Nam,16.0471,108.2068,36.3,28.3,31.6,1.2,58,17.0,47,50
2026-07-11,645,Hà Tĩnh,Viet Nam,18.3421,105.9038,33.8,26.7,29.5,4.8,78,6.9,24,66
2026-07-11,496,Bạc Liêu,Viet Nam,9.2941,105.7242,31.4,27.1,28.8,1.3,76,23.3,27,30
2026-07-11,861,Lạng Sơn,Viet Nam,21.8519,106.7614,32.1,24.0,27.4,2.9,85,9.9,55,54
2026-07-11,208,Ninh Thuận,Viet Nam,11.5647,108.9892,38.1,27.1,31.8,4.0,60,24.2,28,61
2026-07-11,385,Hà Giang,Viet Nam,22.8233,104.9836,33.1,26.2,29.3,2.1,79,5.1,35,33
2026-07-11,960,Lai Châu,Viet Nam,22.3959,103.4621,28.5,20.3,23.8,20.7,91,3.8,22,59
2026-07-11,249,Phú Yên,Viet Nam,13.0883,109.3045,35.1,26.6,30.4,2.7,62,29.8,24,87
2026-07-11,701,Hà Nội,Viet Nam,21.0285,105.8542,31.3,26.3,28.7,8.4,87,6.1,88,53
2026-07-11,849,Bắc Giang,Viet Nam,21.2731,106.1946,32.4,26.4,29.1,2.9,85,7.4,88,45
2026-07-11,327,Bà Rịa – Vũng Tàu,Viet Nam,10.4114,107.1362,32.0,27.2,29.7,1.3,73,28.9,40,38
2026-07-11,237,Hải Phòng,Viet Nam,20.8449,106.6881,32.8,26.7,29.2,3.8,82,8.1,69,43
2026-07-11,255,Long An,Viet Nam,10.5332,105.4053,32.4,26.3,29.2,2.1,73,24.7,38,38
2026-07-11,133,Bình Định,Viet Nam,13.782,109.2194,32.7,27.2,29.5,1.8,66,27.0,24,86
2026-07-11,910,Cao Bằng,Viet Nam,22.6661,106.2635,34.2,25.1,28.6,4.3,82,11.6,52,29
2026-07-11,707,Bắc Ninh,Viet Nam,21.1861,106.0763,32.3,26.6,29.0,5.5,85,7.5,88,34
2026-07-11,365,Cà Mau,Viet Nam,9.1769,105.1501,31.6,27.1,29.0,2.0,75,25.4,26,41
2026-07-11,696,Hà Nam,Viet Nam,20.5463,105.9142,31.6,25.9,28.1,5.1,90,7.6,83,62
2026-07-11,215,Hải Dương,Viet Nam,20.9391,106.3146,32.1,26.6,29.0,1.9,85,8.1,89,51
2026-07-11,122,Lâm Đồng,Viet Nam,11.9404,108.4419,22.8,17.3,19.3,9.3,88,31.0,20,73
2026-07-11,168,An Giang,Viet Nam,10.5185,105.1152,32.8,27.1,29.6,0.4,70,24.5,31,40
2026-07-11,416,Ninh Bình,Viet Nam,20.2506,105.9744,32.6,26.5,28.7,7.4,87,9.3,83,70
2026-07-11,684,Khánh Hòa,Viet Nam,12.2467,109.1833,35.9,26.7,30.6,1.2,71,10.1,56,73
2026-07-11,811,Điện Biên,Viet Nam,21.3833,103.0167,29.5,23.2,25.5,24.1,92,8.4,18,81
2026-07-11,981,Quảng Bình,Viet Nam,17.4731,106.5962,33.2,27.1,29.6,0.0,68,23.3,24,43
2026-07-11,108,Lào Cai,Viet Nam,22.4856,103.9707,32.8,26.0,29.1,3.4,84,5.0,28,43
2026-07-11,669,Hưng Yên,Viet Nam,20.6465,106.0511,31.7,26.9,28.9,4.3,88,6.7,95,52
2026-07-11,278,Đồng Nai,Viet Nam,10.9575,106.8427,32.1,26.7,29.0,3.7,74,21.9,60,67
2026-07-11,767,Kiên Giang,Viet Nam,10.0122,105.0809,30.8,27.7,29.4,1.2,74,30.2,29,46
2026-07-11,193,Bắc Kạn,Viet Nam,22.147,105.8326,33.6,25.1,28.4,3.1,88,8.4,57,46
2026-07-11,797,Gia Lai,Viet Nam,13.9833,108.0,25.0,20.7,21.8,31.6,97,31.5,21,97
2026-07-11,196,Đắk Lắk,Viet Nam,12.6667,108.05,29.5,22.4,25.3,17.2,84,25.0,21,88
2026-07-11,252,Phú Thọ,Viet Nam,21.3235,105.4011,32.8,26.6,29.5,3.4,83,10.6,85,32
2026-07-11,463,Hậu Giang,Viet Nam,9.7845,105.4735,32.0,26.5,29.0,0.6,73,27.0,33,40
2026-07-11,288,Hoàng Sa,Viet Nam,16.641233,112.742024,30.5,27.1,29.6,5.4,78,33.0,38,81
2026-07-11,920,Vĩnh Long,Viet Nam,10.2536,105.9723,32.3,24.9,28.9,3.5,76,26.4,40,50
2026-07-11,503,Sơn La,Viet Nam,21.3262,103.9149,29.7,22.5,25.2,15.0,92,7.3,21,61
2026-07-11,729,Phú Quốc,Viet Nam,10.279526,104.003538,30.5,24.8,27.8,10.5,80,25.4,22,54
2026-07-11,587,Trà Vinh,Viet Nam,9.9342,106.3339,31.9,25.9,28.9,1.2,74,23.3,44,31
2026-07-11,110,Thái Nguyên,Viet Nam,21.5939,105.8481,32.6,26.4,28.7,1.9,85,13.6,76,31
2026-07-11,201,Trường Sa,Viet Nam,10.66936,115.833324,30.7,28.8,29.7,9.4,75,46.8,33,90
2026-07-11,734,Yên Bái,Viet Nam,21.7051,104.8751,32.9,25.6,29.0,3.5,85,7.1,46,47
2026-07-11,275,Tuyên Quang,Viet Nam,21.8159,105.2132,31.7,25.1,28.1,6.4,89,7.9,47,45
2026-07-11,521,TP. Hồ Chí Minh,Viet Nam,10.8231,106.6297,33.1,26.4,29.3,2.8,72,22.3,60,60
2026-07-11,454,Thanh Hóa,Viet Nam,19.8075,105.7764,33.2,26.5,28.7,12.1,88,10.1,48,77
2026-07-11,123,Quảng Trị,Viet Nam,16.75,107.1833,31.3,27.2,28.7,1.0,70,33.2,24,69
2026-07-11,456,Vĩnh Phúc,Viet Nam,21.3089,105.6047,31.4,26.3,28.6,2.8,86,9.6,85,38
2026-07-11,872,Thái Bình,Viet Nam,20.4463,106.3364,31.8,27.2,29.1,3.5,86,9.2,83,60
2026-07-11,326,Thừa Thiên Huế,Viet Nam,16.4633,107.5847,33.9,27.2,30.1,0.4,65,19.6,21,68
2026-07-11,547,Sóc Trăng,Viet Nam,9.6019,105.9731,31.3,26.3,28.4,4.5,78,22.1,37,30
2026-07-11,146,Tiền Giang,Viet Nam,10.3606,106.3636,32.3,25.8,29.0,1.5,75,23.3,43,51
2026-07-11,915,Tây Ninh,Viet Nam,11.3125,106.1006,33.0,26.6,29.6,0.6,70,22.9,31,59
2026-07-12,503,Sơn La,Viet Nam,21.3262,103.9149,29.8,22.7,25.6,8.3,91,8.4,28,83
2026-07-12,201,Trường Sa,Viet Nam,10.66936,115.833324,30.5,28.5,29.7,5.1,73,46.4,30,97
2026-07-12,729,Phú Quốc,Viet Nam,10.279526,104.003538,28.3,22.3,24.9,15.1,96,20.8,21,100
2026-07-12,456,Vĩnh Phúc,Viet Nam,21.3089,105.6047,33.0,26.3,29.0,5.9,87,9.8,96,65
2026-07-12,123,Quảng Trị,Viet Nam,16.75,107.1833,30.1,24.9,27.6,38.1,81,23.1,21,95
2026-07-12,920,Vĩnh Long,Viet Nam,10.2536,105.9723,30.6,25.0,27.5,4.0,84,23.1,42,95
2026-07-12,275,Tuyên Quang,Viet Nam,21.8159,105.2132,33.6,25.5,28.6,5.4,89,6.9,58,67
2026-07-12,547,Sóc Trăng,Viet Nam,9.6019,105.9731,31.3,25.8,28.1,3.9,79,23.1,39,90
2026-07-12,288,Hoàng Sa,Viet Nam,16.641233,112.742024,30.5,28.1,29.3,6.5,81,35.8,35,97
2026-07-12,587,Trà Vinh,Viet Nam,9.9342,106.3339,30.9,25.3,27.5,9.8,84,20.8,46,94
2026-07-12,521,TP. Hồ Chí Minh,Viet Nam,10.8231,106.6297,30.6,25.1,27.4,6.0,85,15.7,59,93
2026-07-12,915,Tây Ninh,Viet Nam,11.3125,106.1006,30.9,25.2,27.5,1.1,82,24.8,30,96
2026-07-12,146,Tiền Giang,Viet Nam,10.3606,106.3636,30.5,25.2,27.3,4.0,86,21.2,45,94
2026-07-12,734,Yên Bái,Viet Nam,21.7051,104.8751,34.8,26.2,29.4,5.0,85,9.4,65,64
2026-07-12,326,Thừa Thiên Huế,Viet Nam,16.4633,107.5847,33.3,25.9,29.2,5.3,76,15.1,24,82
2026-07-12,872,Thái Bình,Viet Nam,20.4463,106.3364,32.5,27.1,29.5,4.0,84,9.8,89,53
2026-07-12,454,Thanh Hóa,Viet Nam,19.8075,105.7764,32.4,24.4,28.3,15.6,88,10.2,70,73
2026-07-12,110,Thái Nguyên,Viet Nam,21.5939,105.8481,33.7,26.4,29.2,2.1,86,11.3,86,63
2026-07-12,193,Bắc Kạn,Viet Nam,22.147,105.8326,34.6,25.7,28.9,1.7,86,10.6,68,69
2026-07-12,833,Bến Tre,Viet Nam,10.2424,106.3752,30.5,25.3,27.3,6.0,86,21.6,45,95
2026-07-12,133,Bình Định,Viet Nam,13.782,109.2194,33.8,27.7,30.0,0.2,65,22.1,24,97
2026-07-12,132,Đắk Nông,Viet Nam,12.0,107.7,26.3,21.5,22.7,16.5,94,21.5,17,99
2026-07-12,981,Quảng Bình,Viet Nam,17.4731,106.5962,30.8,25.1,27.2,71.7,87,16.6,24,94
2026-07-12,620,Cần Thơ,Viet Nam,10.0451,105.7462,30.5,25.4,27.5,4.1,82,22.7,37,96
2026-07-12,365,Cà Mau,Viet Nam,9.1769,105.1501,32.0,25.9,28.7,2.0,77,26.1,28,94
2026-07-12,347,Bình Phước,Viet Nam,11.7516,106.8778,30.4,24.2,26.2,19.2,91,24.1,25,90
2026-07-12,910,Cao Bằng,Viet Nam,22.6661,106.2635,35.3,25.5,29.9,0.8,80,7.2,38,68
2026-07-12,511,Hòa Bình,Viet Nam,20.8171,105.3375,32.8,26.5,28.8,13.2,90,8.4,67,83
2026-07-12,160,Nam Định,Viet Nam,20.4231,106.1681,32.3,27.2,29.2,4.2,88,9.2,101,53
2026-07-12,108,Lào Cai,Viet Nam,22.4856,103.9707,34.1,25.8,30.2,4.2,77,4.8,40,61
2026-07-12,645,Hà Tĩnh,Viet Nam,18.3421,105.9038,31.9,25.9,28.9,6.7,83,9.1,28,70
2026-07-12,252,Phú Thọ,Viet Nam,21.3235,105.4011,33.4,27.2,29.5,3.4,85,9.7,96,62
2026-07-12,226,Kon Tum,Viet Nam,14.35,108.0,27.5,22.0,24.0,22.2,89,24.1,17,97
2026-07-12,861,Lạng Sơn,Viet Nam,21.8519,106.7614,32.7,23.7,27.8,2.3,85,9.2,58,69
2026-07-12,707,Bắc Ninh,Viet Nam,21.1861,106.0763,33.4,26.9,29.5,3.4,86,8.8,95,75
2026-07-12,811,Điện Biên,Viet Nam,21.3833,103.0167,28.3,22.7,25.6,16.5,92,5.5,24,76
2026-07-12,495,Nghệ An,Viet Nam,18.6667,105.6667,32.3,25.5,28.6,22.2,86,9.5,37,77
2026-07-12,701,Hà Nội,Viet Nam,21.0285,105.8542,33.1,26.8,29.1,7.5,88,7.9,95,58
2026-07-12,813,Đồng Tháp,Viet Nam,10.4552,105.6323,29.5,25.2,27.1,2.1,86,26.4,39,98
2026-07-12,797,Gia Lai,Viet Nam,13.9833,108.0,23.9,20.4,21.8,22.6,97,28.4,17,99
2026-07-12,278,Đồng Nai,Viet Nam,10.9575,106.8427,30.0,25.4,27.2,12.4,85,24.2,59,91
2026-07-12,590,Đà Nẵng,Viet Nam,16.0471,108.2068,36.4,26.0,29.9,21.3,73,15.0,43,89
2026-07-12,696,Hà Nam,Viet Nam,20.5463,105.9142,31.9,25.7,27.8,19.6,91,11.6,101,61
2026-07-12,215,Hải Dương,Viet Nam,20.9391,106.3146,33.2,26.6,29.4,7.6,86,8.6,92,52
2026-07-12,669,Hưng Yên,Viet Nam,20.6465,106.0511,32.4,26.8,28.6,15.4,90,9.9,109,54
2026-07-12,496,Bạc Liêu,Viet Nam,9.2941,105.7242,32.1,26.6,28.8,4.4,77,24.4,30,91
2026-07-12,196,Đắk Lắk,Viet Nam,12.6667,108.05,29.6,23.0,25.5,2.4,83,20.6,19,93
2026-07-12,208,Ninh Thuận,Viet Nam,11.5647,108.9892,36.2,27.5,30.4,0.4,65,28.4,23,89
2026-07-12,122,Lâm Đồng,Viet Nam,11.9404,108.4419,21.8,17.0,18.3,14.7,94,26.3,17,99
2026-07-12,327,Bà Rịa – Vũng Tàu,Viet Nam,10.4114,107.1362,29.2,26.7,28.0,9.9,82,24.9,35,90
2026-07-12,784,Bình Thuận,Viet Nam,10.9333,108.1,30.3,25.6,27.3,13.2,84,31.0,33,94
2026-07-12,385,Hà Giang,Viet Nam,22.8233,104.9836,35.5,27.2,30.8,1.8,75,5.3,35,65
2026-07-12,767,Kiên Giang,Viet Nam,10.0122,105.0809,29.7,26.1,27.6,7.4,83,28.9,29,98
2026-07-12,960,Lai Châu,Viet Nam,22.3959,103.4621,28.2,19.8,23.6,11.8,91,5.8,34,76
2026-07-12,168,An Giang,Viet Nam,10.5185,105.1152,29.6,25.3,27.1,4.9,86,22.7,28,99
2026-07-12,249,Phú Yên,Viet Nam,13.0883,109.3045,34.7,26.6,30.5,0.3,60,29.4,25,98
2026-07-12,237,Hải Phòng,Viet Nam,20.8449,106.6881,33.8,27.3,30.1,3.3,78,11.7,75,55
2026-07-12,463,Hậu Giang,Viet Nam,9.7845,105.4735,31.3,25.1,27.8,3.2,80,24.5,34,97
2026-07-12,849,Bắc Giang,Viet Nam,21.2731,106.1946,33.2,27.0,29.5,3.9,86,9.6,95,78
2026-07-12,684,Khánh Hòa,Viet Nam,12.2467,109.1833,32.8,26.7,29.7,1.5,70,10.8,39,97
2026-07-12,416,Ninh Bình,Viet Nam,20.2506,105.9744,32.8,26.4,28.5,10.5,89,13.4,101,64
2026-07-12,951,Bình Dương,Viet Nam,11.0531,106.6661,29.8,24.7,27.0,10.4,87,23.4,39,94
2026-07-12,255,Long An,Viet Nam,10.5332,105.4053,29.3,25.2,27.0,3.3,87,25.2,39,98
2026-07-13,696,Hà Nam,Viet Nam,20.5463,105.9142,32.5,26.0,28.5,6.6,87,10.9,82,65
2026-07-13,365,Cà Mau,Viet Nam,9.1769,105.1501,28.4,25.5,26.1,24.8,93,18.7,32,99
2026-07-13,784,Bình Thuận,Viet Nam,10.9333,108.1,30.8,25.1,27.0,10.2,87,27.5,34,92
2026-07-13,620,Cần Thơ,Viet Nam,10.0451,105.7462,28.9,24.8,26.0,25.3,92,20.8,44,97
2026-07-13,108,Lào Cai,Viet Nam,22.4856,103.9707,34.1,26.3,30.5,2.0,74,5.8,41,54
2026-07-13,122,Lâm Đồng,Viet Nam,11.9404,108.4419,22.8,16.6,18.3,6.4,92,28.9,19,92
2026-07-13,707,Bắc Ninh,Viet Nam,21.1861,106.0763,33.4,27.0,30.0,3.0,82,12.2,94,48
2026-07-13,910,Cao Bằng,Viet Nam,22.6661,106.2635,35.0,25.8,30.3,0.7,77,8.3,41,45
2026-07-13,255,Long An,Viet Nam,10.5332,105.4053,29.1,24.5,26.4,11.7,89,19.6,43,96
2026-07-13,960,Lai Châu,Viet Nam,22.3959,103.4621,29.5,20.8,24.7,5.9,84,4.9,31,64
2026-07-13,496,Bạc Liêu,Viet Nam,9.2941,105.7242,27.6,25.7,26.3,20.2,93,14.4,36,98
2026-07-13,590,Đà Nẵng,Viet Nam,16.0471,108.2068,35.3,27.3,30.1,1.0,71,17.5,46,90
2026-07-13,226,Kon Tum,Viet Nam,14.35,108.0,26.7,22.5,24.1,17.6,88,23.6,18,93
2026-07-13,160,Nam Định,Viet Nam,20.4231,106.1681,32.4,27.2,29.5,4.6,83,9.6,82,66
2026-07-13,196,Đắk Lắk,Viet Nam,12.6667,108.05,29.8,22.6,25.2,4.9,84,19.6,20,91
2026-07-13,193,Bắc Kạn,Viet Nam,22.147,105.8326,33.5,25.5,29.2,2.5,86,7.5,69,52
2026-07-13,645,Hà Tĩnh,Viet Nam,18.3421,105.9038,31.4,26.7,28.4,8.4,88,6.9,33,86
2026-07-13,767,Kiên Giang,Viet Nam,10.0122,105.0809,27.5,25.4,26.2,29.5,92,19.9,29,100
2026-07-13,132,Đắk Nông,Viet Nam,12.0,107.7,25.9,21.3,22.5,15.5,94,22.5,20,97
2026-07-13,495,Nghệ An,Viet Nam,18.6667,105.6667,31.8,27.1,29.0,5.5,82,9.3,46,79
2026-07-13,849,Bắc Giang,Viet Nam,21.2731,106.1946,34.2,27.0,30.1,1.4,80,12.2,94,45
2026-07-13,684,Khánh Hòa,Viet Nam,12.2467,109.1833,33.4,27.3,30.0,1.3,71,14.4,39,82
2026-07-13,811,Điện Biên,Viet Nam,21.3833,103.0167,32.4,23.5,27.3,7.1,86,4.4,31,66
2026-07-13,416,Ninh Bình,Viet Nam,20.2506,105.9744,32.5,26.0,28.6,10.9,87,11.4,82,75
2026-07-13,327,Bà Rịa – Vũng Tàu,Viet Nam,10.4114,107.1362,29.3,26.4,27.6,7.5,83,29.2,37,91
2026-07-13,669,Hưng Yên,Viet Nam,20.6465,106.0511,32.9,26.9,29.3,7.1,87,8.4,94,64
2026-07-13,168,An Giang,Viet Nam,10.5185,105.1152,28.5,24.9,26.3,10.7,91,21.8,27,99
2026-07-13,278,Đồng Nai,Viet Nam,10.9575,106.8427,30.9,25.2,27.1,17.2,86,20.2,64,95
2026-07-13,208,Ninh Thuận,Viet Nam,11.5647,108.9892,35.8,27.0,29.9,0.6,67,31.4,24,82
2026-07-13,813,Đồng Tháp,Viet Nam,10.4552,105.6323,29.4,24.1,26.2,14.3,90,25.5,43,98
2026-07-13,511,Hòa Bình,Viet Nam,20.8171,105.3375,32.9,27.0,29.2,5.9,89,9.4,63,74
2026-07-13,347,Bình Phước,Viet Nam,11.7516,106.8778,30.2,23.4,26.1,15.9,88,18.3,29,94
2026-07-13,797,Gia Lai,Viet Nam,13.9833,108.0,24.4,20.9,21.8,18.3,97,29.8,18,98
2026-07-13,252,Phú Thọ,Viet Nam,21.3235,105.4011,32.9,27.5,30.5,1.2,79,13.8,89,35
2026-07-13,463,Hậu Giang,Viet Nam,9.7845,105.4735,27.9,24.9,25.7,17.6,94,13.1,42,99
2026-07-13,951,Bình Dương,Viet Nam,11.0531,106.6661,30.8,24.9,27.0,9.3,84,22.5,49,91
2026-07-13,385,Hà Giang,Viet Nam,22.8233,104.9836,35.2,26.6,30.0,3.3,77,9.5,37,62
2026-07-13,249,Phú Yên,Viet Nam,13.0883,109.3045,35.6,28.2,30.8,2.2,57,27.7,23,99
2026-07-13,237,Hải Phòng,Viet Nam,20.8449,106.6881,33.6,27.7,30.4,0.0,78,11.1,70,68
2026-07-13,133,Bình Định,Viet Nam,13.782,109.2194,34.0,25.3,29.0,3.7,71,24.2,24,94
2026-07-13,215,Hải Dương,Viet Nam,20.9391,106.3146,32.8,26.9,29.7,2.8,82,11.3,91,62
2026-07-13,981,Quảng Bình,Viet Nam,17.4731,106.5962,33.3,25.8,29.1,6.2,77,17.2,28,84
2026-07-13,833,Bến Tre,Viet Nam,10.2424,106.3752,29.9,24.9,26.5,18.5,91,15.8,60,92
2026-07-13,701,Hà Nội,Viet Nam,21.0285,105.8542,33.1,27.0,29.9,1.6,83,11.0,94,52
2026-07-13,861,Lạng Sơn,Viet Nam,21.8519,106.7614,32.8,24.0,28.2,2.5,82,9.6,63,60
2026-07-13,123,Quảng Trị,Viet Nam,16.75,107.1833,33.2,26.4,29.3,0.8,72,22.8,22,84
2026-07-13,521,TP. Hồ Chí Minh,Viet Nam,10.8231,106.6297,31.5,25.0,27.0,14.6,85,16.3,64,97
2026-07-13,456,Vĩnh Phúc,Viet Nam,21.3089,105.6047,31.9,27.0,29.5,3.6,83,11.5,89,47
2026-07-13,110,Thái Nguyên,Viet Nam,21.5939,105.8481,33.9,26.8,30.2,1.4,81,14.2,94,40
2026-07-13,454,Thanh Hóa,Viet Nam,19.8075,105.7764,33.0,26.2,29.3,0.9,82,10.9,62,68
2026-07-13,275,Tuyên Quang,Viet Nam,21.8159,105.2132,33.7,26.1,29.6,1.4,81,12.1,63,55
2026-07-13,503,Sơn La,Viet Nam,21.3262,103.9149,30.2,22.8,26.5,2.4,83,9.7,41,45
2026-07-13,920,Vĩnh Long,Viet Nam,10.2536,105.9723,29.0,24.8,26.3,16.6,90,17.9,54,95
2026-07-13,872,Thái Bình,Viet Nam,20.4463,106.3364,32.5,27.5,29.6,8.4,81,8.7,80,68
2026-07-13,915,Tây Ninh,Viet Nam,11.3125,106.1006,31.1,25.2,27.4,5.0,82,22.9,32,91
2026-07-13,288,Hoàng Sa,Viet Nam,16.641233,112.742024,30.4,27.6,28.8,19.6,81,38.6,30,100
2026-07-13,734,Yên Bái,Viet Nam,21.7051,104.8751,34.4,26.8,30.5,0.6,77,8.9,67,54
2026-07-13,729,Phú Quốc,Viet Nam,10.279526,104.003538,25.7,23.4,24.6,34.0,98,14.5,21,100
2026-07-13,326,Thừa Thiên Huế,Viet Nam,16.4633,107.5847,34.4,26.8,29.4,6.3,81,14.1,30,86
2026-07-13,587,Trà Vinh,Viet Nam,9.9342,106.3339,29.5,25.0,26.3,9.5,92,26.1,60,92
2026-07-13,146,Tiền Giang,Viet Nam,10.3606,106.3636,29.7,24.9,26.6,9.4,89,19.7,60,93
2026-07-13,201,Trường Sa,Viet Nam,10.66936,115.833324,30.3,29.6,29.9,0.9,74,38.2,31,96
2026-07-13,547,Sóc Trăng,Viet Nam,9.6019,105.9731,28.6,25.0,26.2,15.8,92,19.5,54,97
2026-07-14,920,Vĩnh Long,Viet Nam,10.2536,105.9723,31.1,24.6,27.2,3.2,86,19.9,40,93
2026-07-14,872,Thái Bình,Viet Nam,20.4463,106.3364,33.1,28.4,30.1,0.6,80,14.2,77,88
2026-07-14,456,Vĩnh Phúc,Viet Nam,21.3089,105.6047,34.7,27.7,30.7,0.9,76,16.8,93,84
2026-07-14,110,Thái Nguyên,Viet Nam,21.5939,105.8481,35.5,27.7,30.9,0.0,75,17.1,82,86
2026-07-14,326,Thừa Thiên Huế,Viet Nam,16.4633,107.5847,35.1,27.8,30.4,1.0,68,13.0,34,99
2026-07-14,503,Sơn La,Viet Nam,21.3262,103.9149,31.7,22.3,26.4,5.4,87,11.1,29,96
2026-07-14,587,Trà Vinh,Viet Nam,9.9342,106.3339,30.6,24.9,26.6,9.4,90,19.1,46,87
2026-07-14,547,Sóc Trăng,Viet Nam,9.6019,105.9731,29.8,24.8,26.7,9.8,90,17.6,41,88
2026-07-14,734,Yên Bái,Viet Nam,21.7051,104.8751,35.8,27.2,30.7,1.4,80,11.2,72,87
2026-07-14,288,Hoàng Sa,Viet Nam,16.641233,112.742024,30.3,28.9,29.5,5.7,78,39.8,33,96
2026-07-14,521,TP. Hồ Chí Minh,Viet Nam,10.8231,106.6297,32.1,25.0,28.1,2.9,80,20.5,58,83
2026-07-14,729,Phú Quốc,Viet Nam,10.279526,104.003538,28.3,24.1,25.4,7.3,93,17.0,27,98
2026-07-14,123,Quảng Trị,Viet Nam,16.75,107.1833,32.5,26.9,29.2,10.2,72,24.6,24,99
2026-07-14,201,Trường Sa,Viet Nam,10.66936,115.833324,30.4,29.3,30.0,0.0,71,28.9,29,89
2026-07-14,915,Tây Ninh,Viet Nam,11.3125,106.1006,31.5,25.1,27.6,1.6,81,21.8,28,89
2026-07-14,454,Thanh Hóa,Viet Nam,19.8075,105.7764,34.2,27.4,29.5,7.7,84,14.3,70,93
2026-07-14,275,Tuyên Quang,Viet Nam,21.8159,105.2132,34.2,27.4,30.5,0.2,77,9.5,64,87
2026-07-14,146,Tiền Giang,Viet Nam,10.3606,106.3636,31.2,25.0,27.4,0.9,85,20.3,44,88
2026-07-14,590,Đà Nẵng,Viet Nam,16.0471,108.2068,35.7,29.1,31.1,1.1,64,12.0,43,99
2026-07-14,365,Cà Mau,Viet Nam,9.1769,105.1501,30.7,24.1,27.4,11.1,87,14.3,30,92
2026-07-14,981,Quảng Bình,Viet Nam,17.4731,106.5962,33.7,27.0,29.6,6.2,72,17.7,30,95
2026-07-14,416,Ninh Bình,Viet Nam,20.2506,105.9744,34.5,28.0,29.8,8.3,82,17.8,101,86
2026-07-14,511,Hòa Bình,Viet Nam,20.8171,105.3375,34.5,28.2,30.7,1.7,84,9.0,63,88
2026-07-14,645,Hà Tĩnh,Viet Nam,18.3421,105.9038,33.5,27.3,29.7,11.6,76,17.2,34,93
2026-07-14,767,Kiên Giang,Viet Nam,10.0122,105.0809,29.1,24.7,27.0,6.8,87,18.6,27,89
2026-07-14,249,Phú Yên,Viet Nam,13.0883,109.3045,35.1,28.6,31.6,0.5,55,27.2,32,91
2026-07-14,108,Lào Cai,Viet Nam,22.4856,103.9707,34.3,28.1,31.0,0.6,75,5.8,41,78
2026-07-14,669,Hưng Yên,Viet Nam,20.6465,106.0511,33.8,27.9,30.1,1.2,80,15.5,105,91
2026-07-14,132,Đắk Nông,Viet Nam,12.0,107.7,26.7,21.0,22.9,7.7,93,19.0,22,95
2026-07-14,347,Bình Phước,Viet Nam,11.7516,106.8778,30.0,24.2,26.1,9.3,91,19.7,29,90
2026-07-14,811,Điện Biên,Viet Nam,21.3833,103.0167,31.5,23.4,27.2,8.2,84,8.9,23,92
2026-07-14,133,Bình Định,Viet Nam,13.782,109.2194,34.6,27.2,30.3,1.4,63,23.3,31,92
2026-07-14,237,Hải Phòng,Viet Nam,20.8449,106.6881,33.8,28.6,30.3,2.9,81,9.0,64,90
2026-07-14,226,Kon Tum,Viet Nam,14.35,108.0,28.4,22.2,24.5,13.9,85,21.3,17,86
2026-07-14,160,Nam Định,Viet Nam,20.4231,106.1681,33.4,28.3,30.1,1.4,80,15.3,101,88
2026-07-14,168,An Giang,Viet Nam,10.5185,105.1152,30.2,24.6,27.0,5.2,85,17.6,26,92
2026-07-14,951,Bình Dương,Viet Nam,11.0531,106.6661,31.5,24.6,27.7,1.8,81,21.9,40,79
2026-07-14,278,Đồng Nai,Viet Nam,10.9575,106.8427,31.6,25.4,28.1,2.8,80,21.4,58,82
2026-07-14,910,Cao Bằng,Viet Nam,22.6661,106.2635,36.0,26.6,30.5,0.0,72,11.2,49,87
2026-07-14,707,Bắc Ninh,Viet Nam,21.1861,106.0763,34.7,28.0,30.6,1.9,78,16.0,89,86
2026-07-14,463,Hậu Giang,Viet Nam,9.7845,105.4735,30.6,24.1,27.1,5.6,88,15.1,36,92
2026-07-14,327,Bà Rịa – Vũng Tàu,Viet Nam,10.4114,107.1362,30.7,26.7,28.3,4.7,80,22.2,35,93
2026-07-14,701,Hà Nội,Viet Nam,21.0285,105.8542,34.4,27.7,30.5,0.7,79,15.5,89,86
2026-07-14,960,Lai Châu,Viet Nam,22.3959,103.4621,30.1,20.9,25.3,18.0,83,4.2,30,78
2026-07-14,849,Bắc Giang,Viet Nam,21.2731,106.1946,34.8,28.3,30.7,1.1,79,16.2,89,86
2026-07-14,696,Hà Nam,Viet Nam,20.5463,105.9142,33.4,27.5,29.7,0.8,82,16.8,101,93
2026-07-14,784,Bình Thuận,Viet Nam,10.9333,108.1,31.3,24.9,27.6,2.3,83,26.1,37,93
2026-07-14,252,Phú Thọ,Viet Nam,21.3235,105.4011,35.0,28.4,31.3,0.0,76,13.5,93,84
2026-07-14,620,Cần Thơ,Viet Nam,10.0451,105.7462,30.8,24.3,27.0,5.3,87,18.0,36,93
2026-07-14,208,Ninh Thuận,Viet Nam,11.5647,108.9892,35.3,27.0,30.0,0.3,70,29.9,27,90
2026-07-14,255,Long An,Viet Nam,10.5332,105.4053,30.0,24.5,27.0,4.3,86,20.4,36,93
2026-07-14,215,Hải Dương,Viet Nam,20.9391,106.3146,34.4,27.7,30.1,0.3,82,13.0,82,92
2026-07-14,861,Lạng Sơn,Viet Nam,21.8519,106.7614,34.3,25.5,28.4,1.5,81,12.1,53,91
2026-07-14,122,Lâm Đồng,Viet Nam,11.9404,108.4419,21.6,16.7,18.7,4.3,92,21.8,20,95
2026-07-14,833,Bến Tre,Viet Nam,10.2424,106.3752,31.4,25.0,27.2,1.5,87,17.3,44,86
2026-07-14,797,Gia Lai,Viet Nam,13.9833,108.0,25.0,20.5,22.0,20.4,95,25.5,18,96
2026-07-14,496,Bạc Liêu,Viet Nam,9.2941,105.7242,29.0,24.9,27.2,8.8,89,14.6,32,94
2026-07-14,385,Hà Giang,Viet Nam,22.8233,104.9836,35.2,26.9,30.3,0.3,76,11.4,44,86
2026-07-14,495,Nghệ An,Viet Nam,18.6667,105.6667,33.8,28.0,30.4,1.6,73,19.3,54,92
2026-07-14,193,Bắc Kạn,Viet Nam,22.147,105.8326,35.0,26.7,30.1,0.2,81,8.3,73,89
2026-07-14,813,Đồng Tháp,Viet Nam,10.4552,105.6323,30.2,24.8,27.2,2.9,85,21.3,36,85
2026-07-14,684,Khánh Hòa,Viet Nam,12.2467,109.1833,33.7,27.2,30.5,1.1,68,13.7,45,88
2026-07-14,196,Đắk Lắk,Viet Nam,12.6667,108.05,29.3,22.8,25.7,3.3,81,17.8,21,89
2026-07-15,416,Ninh Bình,Viet Nam,20.2506,105.9744,34.2,26.2,30.6,7.8,77,21.8,78,98
2026-07-15,495,Nghệ An,Viet Nam,18.6667,105.6667,33.5,26.3,29.7,5.2,71,25.0,45,98
2026-07-15,701,Hà Nội,Viet Nam,21.0285,105.8542,34.2,26.4,30.2,3.2,82,15.1,92,88
2026-07-15,669,Hưng Yên,Viet Nam,20.6465,106.0511,33.8,26.4,30.5,10.2,79,26.6,92,97
2026-07-15,193,Bắc Kạn,Viet Nam,22.147,105.8326,33.1,26.0,29.0,4.5,86,9.2,80,95
2026-07-15,981,Quảng Bình,Viet Nam,17.4731,106.5962,33.4,26.0,29.5,4.8,74,16.6,29,97
2026-07-15,590,Đà Nẵng,Viet Nam,16.0471,108.2068,36.7,29.6,32.0,0.1,57,13.8,51,91
2026-07-15,511,Hòa Bình,Viet Nam,20.8171,105.3375,35.5,26.2,31.2,5.4,78,10.9,51,89
2026-07-15,365,Cà Mau,Viet Nam,9.1769,105.1501,30.2,24.8,26.7,12.5,89,16.1,32,98
2026-07-15,767,Kiên Giang,Viet Nam,10.0122,105.0809,29.1,25.5,26.8,14.0,87,18.8,45,98
2026-07-15,196,Đắk Lắk,Viet Nam,12.6667,108.05,30.5,22.4,25.4,14.5,82,17.7,23,98
2026-07-15,463,Hậu Giang,Viet Nam,9.7845,105.4735,30.3,24.1,26.5,18.0,90,18.3,51,98
2026-07-15,645,Hà Tĩnh,Viet Nam,18.3421,105.9038,33.0,25.5,29.6,10.8,75,24.5,30,94
2026-07-15,620,Cần Thơ,Viet Nam,10.0451,105.7462,30.8,24.4,26.6,12.9,89,13.8,61,99
2026-07-15,108,Lào Cai,Viet Nam,22.4856,103.9707,34.1,26.7,30.8,10.4,79,8.5,25,95
2026-07-15,255,Long An,Viet Nam,10.5332,105.4053,30.3,24.8,26.9,12.3,87,16.4,61,98
2026-07-15,849,Bắc Giang,Viet Nam,21.2731,106.1946,33.8,26.3,29.6,3.3,85,13.2,92,92
2026-07-15,132,Đắk Nông,Viet Nam,12.0,107.7,27.7,20.8,23.2,7.4,91,18.9,26,95
2026-07-15,249,Phú Yên,Viet Nam,13.0883,109.3045,37.3,27.7,31.9,1.1,54,29.6,35,93
2026-07-15,347,Bình Phước,Viet Nam,11.7516,106.8778,30.7,23.5,25.9,10.3,91,13.6,40,98
2026-07-15,696,Hà Nam,Viet Nam,20.5463,105.9142,34.2,25.8,30.3,10.8,79,14.3,78,97
2026-07-15,797,Gia Lai,Viet Nam,13.9833,108.0,26.2,20.8,22.3,20.4,93,24.5,19,94
2026-07-15,133,Bình Định,Viet Nam,13.782,109.2194,36.2,26.6,30.6,1.3,62,27.5,29,99
2026-07-15,252,Phú Thọ,Viet Nam,21.3235,105.4011,34.3,27.5,30.9,3.2,80,19.3,94,94
2026-07-15,861,Lạng Sơn,Viet Nam,21.8519,106.7614,30.3,24.4,27.4,3.5,87,11.7,64,92
2026-07-15,684,Khánh Hòa,Viet Nam,12.2467,109.1833,34.8,27.9,31.2,0.2,63,17.0,48,91
2026-07-15,811,Điện Biên,Viet Nam,21.3833,103.0167,30.4,23.6,26.3,11.9,87,12.1,22,98
2026-07-15,237,Hải Phòng,Viet Nam,20.8449,106.6881,34.4,26.1,30.1,3.7,83,14.2,68,95
2026-07-15,168,An Giang,Viet Nam,10.5185,105.1152,31.0,24.7,27.0,20.5,85,16.3,41,98
2026-07-15,910,Cao Bằng,Viet Nam,22.6661,106.2635,34.1,24.8,28.8,7.0,84,10.1,63,92
2026-07-15,226,Kon Tum,Viet Nam,14.35,108.0,28.4,22.6,24.7,9.7,84,20.5,18,90
2026-07-15,960,Lai Châu,Viet Nam,22.3959,103.4621,28.9,21.4,23.9,23.2,90,4.5,24,96
2026-07-15,784,Bình Thuận,Viet Nam,10.9333,108.1,32.6,25.5,28.0,2.7,78,30.3,42,93
2026-07-15,122,Lâm Đồng,Viet Nam,11.9404,108.4419,23.8,16.7,19.7,3.1,85,21.1,21,96
2026-07-15,160,Nam Định,Viet Nam,20.4231,106.1681,34.1,26.2,30.7,11.1,77,17.9,78,97
2026-07-15,327,Bà Rịa – Vũng Tàu,Viet Nam,10.4114,107.1362,29.7,25.1,27.2,4.4,85,25.9,39,95
2026-07-15,385,Hà Giang,Viet Nam,22.8233,104.9836,33.5,25.2,29.1,14.3,85,6.6,39,95
2026-07-15,215,Hải Dương,Viet Nam,20.9391,106.3146,33.8,26.0,29.7,6.7,85,12.2,81,94
2026-07-15,951,Bình Dương,Viet Nam,11.0531,106.6661,31.6,23.8,26.7,10.4,87,18.2,60,97
2026-07-15,813,Đồng Tháp,Viet Nam,10.4552,105.6323,30.5,24.8,26.9,9.0,88,13.4,61,97
2026-07-15,278,Đồng Nai,Viet Nam,10.9575,106.8427,31.0,24.3,26.7,18.6,88,16.0,65,97
2026-07-15,496,Bạc Liêu,Viet Nam,9.2941,105.7242,30.0,24.2,26.6,10.5,90,14.9,32,97
2026-07-15,833,Bến Tre,Viet Nam,10.2424,106.3752,31.6,24.4,26.7,8.8,91,20.4,61,95
2026-07-15,208,Ninh Thuận,Viet Nam,11.5647,108.9892,36.8,27.3,31.0,0.8,64,28.3,28,95
2026-07-15,707,Bắc Ninh,Viet Nam,21.1861,106.0763,34.2,26.3,29.9,1.5,83,15.7,92,90
2026-07-15,326,Thừa Thiên Huế,Viet Nam,16.4633,107.5847,31.8,26.7,29.2,0.7,74,15.7,33,96
2026-07-15,734,Yên Bái,Viet Nam,21.7051,104.8751,34.7,25.7,30.3,22.6,81,13.8,58,96
2026-07-15,587,Trà Vinh,Viet Nam,9.9342,106.3339,30.5,24.0,26.6,13.6,91,11.6,57,97
2026-07-15,275,Tuyên Quang,Viet Nam,21.8159,105.2132,33.3,25.1,29.5,18.3,83,16.1,76,95
2026-07-15,503,Sơn La,Viet Nam,21.3262,103.9149,29.9,22.9,26.0,12.8,90,12.0,23,96
2026-07-15,521,TP. Hồ Chí Minh,Viet Nam,10.8231,106.6297,31.7,23.9,26.9,24.4,88,14.3,65,98
2026-07-15,201,Trường Sa,Viet Nam,10.66936,115.833324,30.0,29.4,29.7,0.4,78,23.6,24,79
2026-07-15,123,Quảng Trị,Viet Nam,16.75,107.1833,31.9,26.8,29.3,0.3,69,23.1,25,92
2026-07-15,146,Tiền Giang,Viet Nam,10.3606,106.3636,31.2,24.2,26.7,11.8,91,14.8,61,95
2026-07-15,920,Vĩnh Long,Viet Nam,10.2536,105.9723,31.0,24.1,26.6,4.4,90,12.4,62,96
2026-07-15,915,Tây Ninh,Viet Nam,11.3125,106.1006,31.5,24.0,26.8,5.1,86,19.8,38,98
2026-07-15,456,Vĩnh Phúc,Viet Nam,21.3089,105.6047,33.9,26.5,30.1,6.2,80,17.5,94,93
2026-07-15,729,Phú Quốc,Viet Nam,10.279526,104.003538,28.7,24.4,25.6,18.5,91,11.7,31,99
2026-07-15,110,Thái Nguyên,Viet Nam,21.5939,105.8481,33.5,25.7,29.6,4.8,85,14.8,85,92
2026-07-15,872,Thái Bình,Viet Nam,20.4463,106.3364,33.8,26.2,30.8,7.6,76,19.5,68,97
2026-07-15,454,Thanh Hóa,Viet Nam,19.8075,105.7764,34.7,26.2,30.8,2.4,72,24.3,61,98
2026-07-15,288,Hoàng Sa,Viet Nam,16.641233,112.742024,30.0,28.7,29.6,4.0,79,40.7,39,86
2026-07-15,547,Sóc Trăng,Viet Nam,9.6019,105.9731,30.4,24.1,26.6,8.5,90,13.9,56,97
2026-07-16,915,Tây Ninh,Viet Nam,11.3125,106.1006,31.6,24.8,27.3,5.1,85,14.6,39,94
2026-07-16,547,Sóc Trăng,Viet Nam,9.6019,105.9731,31.9,25.0,27.2,16.8,86,14.5,70,87
2026-07-16,872,Thái Bình,Viet Nam,20.4463,106.3364,32.9,27.7,30.6,0.2,71,18.7,45,98
2026-07-16,920,Vĩnh Long,Viet Nam,10.2536,105.9723,31.9,25.4,28.0,1.5,84,15.9,67,82
2026-07-16,454,Thanh Hóa,Viet Nam,19.8075,105.7764,33.7,25.8,30.1,8.4,74,19.5,35,97
2026-07-16,275,Tuyên Quang,Viet Nam,21.8159,105.2132,30.7,25.9,27.8,7.6,88,5.8,65,85
2026-07-16,146,Tiền Giang,Viet Nam,10.3606,106.3636,31.8,25.4,27.9,0.5,85,16.6,66,85
2026-07-16,123,Quảng Trị,Viet Nam,16.75,107.1833,32.7,27.9,29.8,0.0,66,26.4,26,91
2026-07-16,729,Phú Quốc,Viet Nam,10.279526,104.003538,31.0,24.8,27.0,1.8,85,12.1,33,84
2026-07-16,521,TP. Hồ Chí Minh,Viet Nam,10.8231,106.6297,32.6,25.0,28.0,3.4,82,14.5,71,89
2026-07-16,503,Sơn La,Viet Nam,21.3262,103.9149,25.2,22.7,23.9,23.2,98,6.6,20,100
2026-07-16,110,Thái Nguyên,Viet Nam,21.5939,105.8481,32.0,26.4,29.2,4.5,83,7.6,75,83
2026-07-16,326,Thừa Thiên Huế,Viet Nam,16.4633,107.5847,35.3,27.0,30.7,0.4,64,11.9,38,89
2026-07-16,288,Hoàng Sa,Viet Nam,16.641233,112.742024,30.2,28.8,29.7,1.6,79,36.1,34,73
2026-07-16,456,Vĩnh Phúc,Viet Nam,21.3089,105.6047,32.6,27.6,29.7,2.0,77,11.6,72,94
2026-07-16,734,Yên Bái,Viet Nam,21.7051,104.8751,31.0,26.1,28.0,8.8,90,5.0,51,92
2026-07-16,587,Trà Vinh,Viet Nam,9.9342,106.3339,31.6,25.3,27.3,4.3,86,14.4,69,83
2026-07-16,201,Trường Sa,Viet Nam,10.66936,115.833324,29.9,29.0,29.5,0.4,75,24.7,22,75
2026-07-16,849,Bắc Giang,Viet Nam,21.2731,106.1946,32.9,27.9,30.0,1.7,79,14.2,75,92
2026-07-16,133,Bình Định,Viet Nam,13.782,109.2194,34.2,27.9,30.3,0.2,60,23.5,23,92
2026-07-16,960,Lai Châu,Viet Nam,22.3959,103.4621,24.0,21.1,22.4,14.9,96,4.7,17,96
2026-07-16,255,Long An,Viet Nam,10.5332,105.4053,31.4,25.3,27.9,1.4,81,15.3,68,90
2026-07-16,861,Lạng Sơn,Viet Nam,21.8519,106.7614,30.7,24.6,26.8,8.9,87,14.5,54,77
2026-07-16,249,Phú Yên,Viet Nam,13.0883,109.3045,36.1,27.9,31.3,0.0,54,30.3,22,90
2026-07-16,237,Hải Phòng,Viet Nam,20.8449,106.6881,33.0,28.2,30.4,1.1,77,16.2,51,95
2026-07-16,684,Khánh Hòa,Viet Nam,12.2467,109.1833,35.2,26.7,30.8,0.3,65,18.9,40,83
2026-07-16,327,Bà Rịa – Vũng Tàu,Viet Nam,10.4114,107.1362,30.8,26.1,27.9,6.5,82,16.3,50,90
2026-07-16,278,Đồng Nai,Viet Nam,10.9575,106.8427,32.0,25.2,27.5,9.0,84,13.0,71,94
2026-07-16,701,Hà Nội,Viet Nam,21.0285,105.8542,33.1,28.2,30.4,0.7,74,11.4,75,96
2026-07-16,784,Bình Thuận,Viet Nam,10.9333,108.1,32.1,25.3,27.9,0.4,76,21.4,46,95
2026-07-16,208,Ninh Thuận,Viet Nam,11.5647,108.9892,38.5,27.7,32.0,0.2,56,21.5,25,82
2026-07-16,620,Cần Thơ,Viet Nam,10.0451,105.7462,32.0,25.5,27.9,0.9,82,15.0,71,79
2026-07-16,365,Cà Mau,Viet Nam,9.1769,105.1501,32.1,25.6,28.1,2.2,83,14.6,37,82
2026-07-16,669,Hưng Yên,Viet Nam,20.6465,106.0511,32.5,28.1,30.1,0.6,76,19.4,67,98
2026-07-16,495,Nghệ An,Viet Nam,18.6667,105.6667,34.9,27.1,31.3,0.0,62,20.9,29,93
2026-07-16,813,Đồng Tháp,Viet Nam,10.4552,105.6323,32.1,25.5,28.0,0.7,80,15.8,68,90
2026-07-16,833,Bến Tre,Viet Nam,10.2424,106.3752,32.2,25.8,28.0,1.3,84,15.1,66,81
2026-07-16,511,Hòa Bình,Viet Nam,20.8171,105.3375,32.9,27.8,30.3,0.0,74,12.1,26,99
2026-07-16,811,Điện Biên,Viet Nam,21.3833,103.0167,26.0,23.4,24.6,23.8,95,9.6,20,100
2026-07-16,347,Bình Phước,Viet Nam,11.7516,106.8778,30.3,23.7,25.7,3.7,90,10.6,38,96
2026-07-16,132,Đắk Nông,Viet Nam,12.0,107.7,26.3,21.1,23.0,4.4,88,13.1,22,94
2026-07-16,767,Kiên Giang,Viet Nam,10.0122,105.0809,30.3,25.0,27.9,0.0,81,14.9,63,88
2026-07-16,108,Lào Cai,Viet Nam,22.4856,103.9707,29.7,26.6,27.7,14.8,88,7.8,18,77
2026-07-16,981,Quảng Bình,Viet Nam,17.4731,106.5962,33.3,26.8,29.5,2.1,71,15.3,26,91
2026-07-16,645,Hà Tĩnh,Viet Nam,18.3421,105.9038,33.9,27.2,30.3,2.2,69,21.6,27,86
2026-07-16,196,Đắk Lắk,Viet Nam,12.6667,108.05,28.8,22.2,25.0,3.6,84,16.8,20,94
2026-07-16,193,Bắc Kạn,Viet Nam,22.147,105.8326,31.8,25.5,28.0,2.6,89,13.7,63,75
2026-07-16,122,Lâm Đồng,Viet Nam,11.9404,108.4419,21.7,16.5,18.8,0.5,86,24.4,17,90
2026-07-16,416,Ninh Bình,Viet Nam,20.2506,105.9744,33.2,27.6,30.2,2.6,75,17.6,47,98
2026-07-16,215,Hải Dương,Viet Nam,20.9391,106.3146,32.3,27.9,30.1,1.3,77,15.1,64,96
2026-07-16,252,Phú Thọ,Viet Nam,21.3235,105.4011,33.4,28.0,30.2,2.3,78,11.7,72,92
2026-07-16,797,Gia Lai,Viet Nam,13.9833,108.0,25.4,20.5,21.9,10.9,94,22.3,19,99
2026-07-16,696,Hà Nam,Viet Nam,20.5463,105.9142,32.2,26.9,29.8,1.8,76,17.6,47,98
2026-07-16,463,Hậu Giang,Viet Nam,9.7845,105.4735,32.1,25.2,27.8,2.0,83,14.3,67,78
2026-07-16,707,Bắc Ninh,Viet Nam,21.1861,106.0763,32.9,27.8,30.2,1.6,75,16.0,75,93
2026-07-16,160,Nam Định,Viet Nam,20.4231,106.1681,33.0,27.7,30.5,0.4,72,17.8,47,98
2026-07-16,951,Bình Dương,Viet Nam,11.0531,106.6661,32.4,24.9,27.3,13.8,85,16.9,62,93
2026-07-16,226,Kon Tum,Viet Nam,14.35,108.0,27.7,22.7,24.5,8.3,86,18.2,17,94
2026-07-16,910,Cao Bằng,Viet Nam,22.6661,106.2635,33.3,25.8,28.3,3.2,84,9.5,38,70
2026-07-16,168,An Giang,Viet Nam,10.5185,105.1152,31.3,25.2,27.9,0.7,80,14.1,59,95
2026-07-16,590,Đà Nẵng,Viet Nam,16.0471,108.2068,37.9,29.6,32.7,1.3,52,16.3,39,79
2026-07-16,496,Bạc Liêu,Viet Nam,9.2941,105.7242,31.9,25.3,27.8,5.3,84,16.3,38,83
2026-07-16,385,Hà Giang,Viet Nam,22.8233,104.9836,30.8,25.2,27.3,3.6,88,8.1,26,80
2026-07-17,168,An Giang,Viet Nam,10.5185,105.1152,33.1,25.7,28.7,0.8,76,19.2,60,75
2026-07-17,813,Đồng Tháp,Viet Nam,10.4552,105.6323,32.3,25.8,28.4,1.0,79,17.2,69,69
2026-07-17,784,Bình Thuận,Viet Nam,10.9333,108.1,31.9,25.6,28.6,0.0,74,21.6,48,68
2026-07-17,495,Nghệ An,Viet Nam,18.6667,105.6667,34.7,29.3,31.4,0.0,57,24.4,31,76
2026-07-17,193,Bắc Kạn,Viet Nam,22.147,105.8326,32.6,26.2,29.0,1.8,86,10.9,65,58
2026-07-17,122,Lâm Đồng,Viet Nam,11.9404,108.4419,23.8,17.0,19.5,0.4,84,17.3,18,84
2026-07-17,249,Phú Yên,Viet Nam,13.0883,109.3045,35.5,28.2,31.3,0.1,54,26.2,23,55
2026-07-17,669,Hưng Yên,Viet Nam,20.6465,106.0511,33.3,27.5,30.2,3.7,75,12.9,63,92
2026-07-17,620,Cần Thơ,Viet Nam,10.0451,105.7462,32.3,25.3,28.3,0.0,78,14.8,71,75
2026-07-17,208,Ninh Thuận,Viet Nam,11.5647,108.9892,39.1,27.9,32.6,0.0,54,18.3,25,60
2026-07-17,590,Đà Nẵng,Viet Nam,16.0471,108.2068,39.3,28.7,32.6,3.9,55,13.1,48,61
2026-07-17,252,Phú Thọ,Viet Nam,21.3235,105.4011,32.5,27.1,29.8,9.0,76,17.2,51,78
2026-07-17,416,Ninh Bình,Viet Nam,20.2506,105.9744,34.0,27.7,30.7,1.6,70,15.5,51,73
2026-07-17,215,Hải Dương,Viet Nam,20.9391,106.3146,33.2,27.2,29.7,1.7,79,14.3,62,93
2026-07-17,849,Bắc Giang,Viet Nam,21.2731,106.1946,32.9,27.5,30.2,0.4,74,19.1,65,82
2026-07-17,133,Bình Định,Viet Nam,13.782,109.2194,35.5,28.1,31.1,0.0,57,25.1,23,51
2026-07-17,797,Gia Lai,Viet Nam,13.9833,108.0,26.1,20.9,22.6,3.4,91,22.5,17,76
2026-07-17,696,Hà Nam,Viet Nam,20.5463,105.9142,33.5,27.3,30.1,1.7,73,12.9,51,89
2026-07-17,861,Lạng Sơn,Viet Nam,21.8519,106.7614,32.1,25.2,28.2,0.9,78,18.1,53,55
2026-07-17,707,Bắc Ninh,Viet Nam,21.1861,106.0763,32.9,27.4,30.2,0.6,73,19.8,65,83
2026-07-17,463,Hậu Giang,Viet Nam,9.7845,105.4735,32.1,24.9,28.3,0.2,78,14.6,69,87
2026-07-17,645,Hà Tĩnh,Viet Nam,18.3421,105.9038,33.0,27.0,29.8,0.0,68,23.6,30,91
2026-07-17,701,Hà Nội,Viet Nam,21.0285,105.8542,32.5,27.5,30.3,0.2,75,13.3,65,87
2026-07-17,255,Long An,Viet Nam,10.5332,105.4053,32.5,25.8,28.4,1.0,78,16.4,69,69
2026-07-17,160,Nam Định,Viet Nam,20.4231,106.1681,34.3,27.9,30.8,1.0,70,15.0,51,76
2026-07-17,278,Đồng Nai,Viet Nam,10.9575,106.8427,31.6,25.4,28.0,3.7,82,17.5,80,89
2026-07-17,951,Bình Dương,Viet Nam,11.0531,106.6661,31.5,25.2,27.7,1.0,82,19.1,62,90
2026-07-17,385,Hà Giang,Viet Nam,22.8233,104.9836,31.0,25.4,28.2,8.8,85,5.2,27,75
2026-07-17,365,Cà Mau,Viet Nam,9.1769,105.1501,32.0,25.8,28.5,0.0,78,14.3,55,86
2026-07-17,811,Điện Biên,Viet Nam,21.3833,103.0167,25.9,23.0,24.2,13.6,96,10.6,22,99
2026-07-17,684,Khánh Hòa,Viet Nam,12.2467,109.1833,35.3,27.0,30.9,0.0,62,17.9,49,51
2026-07-17,237,Hải Phòng,Viet Nam,20.8449,106.6881,33.2,27.7,30.0,6.8,77,12.6,49,94
2026-07-17,496,Bạc Liêu,Viet Nam,9.2941,105.7242,32.2,25.9,28.3,1.4,80,12.5,54,83
2026-07-17,226,Kon Tum,Viet Nam,14.35,108.0,29.0,21.5,24.8,4.9,83,17.5,17,65
2026-07-17,347,Bình Phước,Viet Nam,11.7516,106.8778,30.0,23.0,26.2,3.3,87,12.8,35,82
2026-07-17,132,Đắk Nông,Viet Nam,12.0,107.7,26.5,20.4,22.8,3.0,90,14.9,20,92
2026-07-17,767,Kiên Giang,Viet Nam,10.0122,105.0809,30.7,25.4,28.2,6.1,80,17.1,65,79
2026-07-17,327,Bà Rịa – Vũng Tàu,Viet Nam,10.4114,107.1362,30.9,27.1,28.8,1.5,76,16.6,62,95
2026-07-17,960,Lai Châu,Viet Nam,22.3959,103.4621,25.2,21.5,23.0,13.5,92,6.1,18,97
2026-07-17,108,Lào Cai,Viet Nam,22.4856,103.9707,31.9,27.5,29.2,4.4,82,5.7,20,78
2026-07-17,981,Quảng Bình,Viet Nam,17.4731,106.5962,32.7,27.7,29.6,0.0,71,16.0,31,95
2026-07-17,910,Cao Bằng,Viet Nam,22.6661,106.2635,33.6,25.8,28.6,5.9,87,11.4,45,60
2026-07-17,511,Hòa Bình,Viet Nam,20.8171,105.3375,30.9,27.0,28.8,6.8,82,11.1,25,89
2026-07-17,833,Bến Tre,Viet Nam,10.2424,106.3752,32.2,25.8,28.2,1.3,80,14.6,70,91
2026-07-17,196,Đắk Lắk,Viet Nam,12.6667,108.05,28.2,22.2,24.7,4.7,85,14.1,19,71
2026-07-17,920,Vĩnh Long,Viet Nam,10.2536,105.9723,32.2,25.5,28.4,0.1,78,16.3,70,77
2026-07-17,734,Yên Bái,Viet Nam,21.7051,104.8751,33.1,26.4,29.6,5.2,81,8.7,40,67
2026-07-17,456,Vĩnh Phúc,Viet Nam,21.3089,105.6047,31.5,27.4,29.1,3.7,78,16.3,51,82
2026-07-17,275,Tuyên Quang,Viet Nam,21.8159,105.2132,32.4,26.4,29.2,2.0,80,8.1,60,54
2026-07-17,288,Hoàng Sa,Viet Nam,16.641233,112.742024,30.2,29.3,29.7,0.0,80,31.9,43,69
2026-07-17,587,Trà Vinh,Viet Nam,9.9342,106.3339,31.8,25.2,27.8,0.3,83,13.8,73,90
2026-07-17,521,TP. Hồ Chí Minh,Viet Nam,10.8231,106.6297,32.8,25.7,28.5,1.5,78,14.8,80,90
2026-07-17,146,Tiền Giang,Viet Nam,10.3606,106.3636,32.1,25.8,28.2,0.7,80,15.7,70,86
2026-07-17,326,Thừa Thiên Huế,Viet Nam,16.4633,107.5847,36.6,27.3,31.5,0.4,61,14.3,41,78
2026-07-17,454,Thanh Hóa,Viet Nam,19.8075,105.7764,34.7,27.8,30.9,0.4,66,19.6,33,59
2026-07-17,110,Thái Nguyên,Viet Nam,21.5939,105.8481,33.2,27.1,30.2,0.6,77,10.6,68,66
2026-07-17,201,Trường Sa,Viet Nam,10.66936,115.833324,30.5,27.8,29.8,1.8,70,23.6,23,59
2026-07-17,872,Thái Bình,Viet Nam,20.4463,106.3364,34.4,27.9,30.8,0.5,70,15.8,46,74
2026-07-17,915,Tây Ninh,Viet Nam,11.3125,106.1006,32.7,25.6,28.3,0.6,78,18.9,53,83
2026-07-17,503,Sơn La,Viet Nam,21.3262,103.9149,26.0,23.0,24.0,21.3,94,9.4,20,92
2026-07-17,547,Sóc Trăng,Viet Nam,9.6019,105.9731,31.7,25.2,27.8,2.4,83,12.3,72,81
2026-07-17,123,Quảng Trị,Viet Nam,16.75,107.1833,33.6,27.2,30.0,0.0,66,26.7,28,82
2026-07-17,729,Phú Quốc,Viet Nam,10.279526,104.003538,30.6,25.0,27.3,2.8,83,13.4,33,89
2026-07-18,201,Trường Sa,Viet Nam,10.66936,115.833324,30.6,27.8,29.6,3.5,72,23.8,21,73
2026-07-18,920,Vĩnh Long,Viet Nam,10.2536,105.9723,32.0,25.5,28.1,2.7,83,18.3,69,61
2026-07-18,110,Thái Nguyên,Viet Nam,21.5939,105.8481,33.2,25.4,29.8,3.9,83,10.7,76,87
2026-07-18,454,Thanh Hóa,Viet Nam,19.8075,105.7764,35.3,27.6,31.1,0.8,67,16.0,41,70
2026-07-18,587,Trà Vinh,Viet Nam,9.9342,106.3339,31.6,25.4,27.6,5.1,87,16.6,69,77
2026-07-18,915,Tây Ninh,Viet Nam,11.3125,106.1006,32.7,25.4,28.3,2.7,80,16.9,60,60
2026-07-18,729,Phú Quốc,Viet Nam,10.279526,104.003538,29.3,24.9,26.8,5.8,86,15.9,25,74
2026-07-18,123,Quảng Trị,Viet Nam,16.75,107.1833,34.2,26.3,30.3,0.0,66,26.2,32,42
2026-07-18,503,Sơn La,Viet Nam,21.3262,103.9149,28.3,23.4,25.3,2.5,82,11.7,22,99
2026-07-18,146,Tiền Giang,Viet Nam,10.3606,106.3636,32.0,25.4,27.6,8.0,86,16.1,69,78
2026-07-18,456,Vĩnh Phúc,Viet Nam,21.3089,105.6047,34.0,26.4,30.2,0.5,76,12.1,56,83
2026-07-18,734,Yên Bái,Viet Nam,21.7051,104.8751,33.9,25.9,29.5,10.8,83,5.4,32,95
2026-07-18,872,Thái Bình,Viet Nam,20.4463,106.3364,34.6,28.2,31.1,0.5,72,15.4,58,77
2026-07-18,275,Tuyên Quang,Viet Nam,21.8159,105.2132,32.7,24.8,28.9,6.8,85,9.4,52,95
2026-07-18,521,TP. Hồ Chí Minh,Viet Nam,10.8231,106.6297,32.8,25.1,28.0,5.8,84,12.5,78,64
2026-07-18,326,Thừa Thiên Huế,Viet Nam,16.4633,107.5847,37.3,26.5,31.6,0.4,58,11.2,50,39
2026-07-18,288,Hoàng Sa,Viet Nam,16.641233,112.742024,29.9,29.2,29.6,0.0,82,34.0,46,60
2026-07-18,547,Sóc Trăng,Viet Nam,9.6019,105.9731,31.5,25.7,28.0,1.8,84,17.1,67,87
2026-07-18,960,Lai Châu,Viet Nam,22.3959,103.4621,26.0,21.8,23.2,12.4,91,5.3,20,99
2026-07-18,813,Đồng Tháp,Viet Nam,10.4552,105.6323,31.8,25.9,28.3,4.2,82,19.3,67,66
2026-07-18,981,Quảng Bình,Viet Nam,17.4731,106.5962,34.4,27.5,30.6,0.0,65,19.3,35,62
2026-07-18,160,Nam Định,Viet Nam,20.4231,106.1681,34.5,28.2,31.1,0.8,72,14.9,61,79
2026-07-18,347,Bình Phước,Viet Nam,11.7516,106.8778,31.2,24.3,26.9,4.1,87,12.0,57,59
2026-07-18,249,Phú Yên,Viet Nam,13.0883,109.3045,38.1,28.1,32.5,0.3,51,26.6,39,9
2026-07-18,496,Bạc Liêu,Viet Nam,9.2941,105.7242,32.1,26.1,28.5,1.9,81,17.5,40,78
2026-07-18,811,Điện Biên,Viet Nam,21.3833,103.0167,27.6,22.9,24.3,7.9,91,13.2,22,99
2026-07-18,495,Nghệ An,Viet Nam,18.6667,105.6667,36.3,29.8,32.5,0.0,52,22.8,39,60
2026-07-18,278,Đồng Nai,Viet Nam,10.9575,106.8427,32.1,25.4,27.9,3.0,83,14.2,78,64
2026-07-18,193,Bắc Kạn,Viet Nam,22.147,105.8326,32.5,25.9,28.5,8.1,89,8.3,67,96
2026-07-18,833,Bến Tre,Viet Nam,10.2424,106.3752,32.0,25.4,27.6,5.2,86,15.8,69,87
2026-07-18,168,An Giang,Viet Nam,10.5185,105.1152,31.6,26.3,28.7,2.9,78,19.5,56,62
2026-07-18,669,Hưng Yên,Viet Nam,20.6465,106.0511,34.4,28.1,30.7,0.6,76,12.4,69,83
2026-07-18,620,Cần Thơ,Viet Nam,10.0451,105.7462,32.0,25.7,28.2,1.4,81,19.3,67,66
2026-07-18,208,Ninh Thuận,Viet Nam,11.5647,108.9892,37.2,27.2,31.3,1.6,61,32.1,32,7
2026-07-18,951,Bình Dương,Viet Nam,11.0531,106.6661,32.1,24.8,27.6,2.2,84,18.8,68,65
2026-07-18,132,Đắk Nông,Viet Nam,12.0,107.7,28.3,20.7,23.6,2.9,88,17.6,29,59
2026-07-18,133,Bình Định,Viet Nam,13.782,109.2194,37.2,28.3,32.2,1.6,55,22.7,40,35
2026-07-18,590,Đà Nẵng,Viet Nam,16.0471,108.2068,39.1,28.4,32.9,1.0,54,19.1,55,40
2026-07-18,365,Cà Mau,Viet Nam,9.1769,105.1501,31.4,25.9,28.4,0.6,80,19.8,43,74
2026-07-18,849,Bắc Giang,Viet Nam,21.2731,106.1946,34.4,27.0,30.6,1.1,78,9.4,71,93
2026-07-18,784,Bình Thuận,Viet Nam,10.9333,108.1,33.1,25.9,28.4,2.7,78,23.8,58,24
2026-07-18,237,Hải Phòng,Viet Nam,20.8449,106.6881,35.0,27.9,30.9,1.8,77,12.3,60,84
2026-07-18,252,Phú Thọ,Viet Nam,21.3235,105.4011,34.4,26.3,30.7,7.6,77,14.5,56,86
2026-07-18,701,Hà Nội,Viet Nam,21.0285,105.8542,34.5,26.8,30.4,1.8,77,11.0,71,92
2026-07-18,416,Ninh Bình,Viet Nam,20.2506,105.9744,34.9,28.7,31.1,0.5,70,14.2,61,80
2026-07-18,215,Hải Dương,Viet Nam,20.9391,106.3146,34.3,27.6,30.6,0.5,77,10.4,67,89
2026-07-18,696,Hà Nam,Viet Nam,20.5463,105.9142,34.6,27.1,30.3,0.4,75,12.6,61,85
2026-07-18,196,Đắk Lắk,Viet Nam,12.6667,108.05,30.1,22.1,25.3,1.5,83,15.0,27,23
2026-07-18,767,Kiên Giang,Viet Nam,10.0122,105.0809,30.6,27.2,28.6,2.0,78,24.7,56,60
2026-07-18,684,Khánh Hòa,Viet Nam,12.2467,109.1833,35.4,26.6,31.0,1.0,67,16.0,60,7
2026-07-18,797,Gia Lai,Viet Nam,13.9833,108.0,26.2,20.9,23.2,4.7,90,22.1,28,84
2026-07-18,861,Lạng Sơn,Viet Nam,21.8519,106.7614,32.2,24.8,28.1,6.6,81,11.8,64,93
2026-07-18,122,Lâm Đồng,Viet Nam,11.9404,108.4419,24.6,15.8,19.6,0.4,84,18.5,23,59
2026-07-18,910,Cao Bằng,Viet Nam,22.6661,106.2635,32.7,24.7,27.8,18.2,91,7.0,42,98
2026-07-18,385,Hà Giang,Viet Nam,22.8233,104.9836,31.5,25.9,28.2,14.4,86,6.2,29,98
2026-07-18,645,Hà Tĩnh,Viet Nam,18.3421,105.9038,35.2,27.5,31.1,0.0,63,13.3,39,59
2026-07-18,707,Bắc Ninh,Viet Nam,21.1861,106.0763,34.6,27.1,30.7,1.6,76,9.6,71,93
2026-07-18,511,Hòa Bình,Viet Nam,20.8171,105.3375,34.6,27.4,30.9,0.8,72,11.1,27,89
2026-07-18,327,Bà Rịa – Vũng Tàu,Viet Nam,10.4114,107.1362,31.3,26.7,28.5,3.4,79,17.7,61,54
2026-07-18,463,Hậu Giang,Viet Nam,9.7845,105.4735,32.5,25.5,28.3,1.4,80,19.6,64,64
2026-07-18,108,Lào Cai,Viet Nam,22.4856,103.9707,32.0,26.2,29.0,25.6,85,4.9,23,97
2026-07-18,255,Long An,Viet Nam,10.5332,105.4053,31.1,26.0,28.4,4.1,81,21.0,67,67
2026-07-18,226,Kon Tum,Viet Nam,14.35,108.0,29.1,22.5,25.3,3.5,82,17.9,26,69
2026-07-19,833,Bến Tre,Viet Nam,10.2424,106.3752,32.3,25.4,28.6,0.5,78,15.8,65,14
2026-07-19,669,Hưng Yên,Viet Nam,20.6465,106.0511,32.2,26.8,29.3,3.7,81,9.9,89,99
2026-07-19,861,Lạng Sơn,Viet Nam,21.8519,106.7614,30.5,23.7,26.1,6.7,91,10.1,49,100
2026-07-19,327,Bà Rịa – Vũng Tàu,Viet Nam,10.4114,107.1362,31.7,27.0,29.1,1.1,77,17.8,46,21
2026-07-19,168,An Giang,Viet Nam,10.5185,105.1152,32.4,25.3,28.9,1.8,76,18.0,36,42
2026-07-19,684,Khánh Hòa,Viet Nam,12.2467,109.1833,34.9,26.6,31.4,0.5,63,21.4,57,9
2026-07-19,278,Đồng Nai,Viet Nam,10.9575,106.8427,32.3,25.9,28.6,0.8,81,13.2,76,22
2026-07-19,132,Đắk Nông,Viet Nam,12.0,107.7,29.1,21.6,24.8,0.6,82,13.9,30,38
2026-07-19,849,Bắc Giang,Viet Nam,21.2731,106.1946,31.2,26.6,28.5,6.4,88,8.8,82,100
2026-07-19,208,Ninh Thuận,Viet Nam,11.5647,108.9892,38.4,27.3,31.7,2.0,61,31.0,31,8
2026-07-19,495,Nghệ An,Viet Nam,18.6667,105.6667,36.9,30.2,33.2,0.0,49,22.0,61,100
2026-07-19,645,Hà Tĩnh,Viet Nam,18.3421,105.9038,35.2,28.0,31.3,0.2,63,13.1,51,97
2026-07-19,511,Hòa Bình,Viet Nam,20.8171,105.3375,33.3,27.2,29.2,2.8,84,8.8,37,100
2026-07-19,347,Bình Phước,Viet Nam,11.7516,106.8778,31.5,24.5,27.7,0.9,81,10.7,54,34
2026-07-19,784,Bình Thuận,Viet Nam,10.9333,108.1,33.1,26.0,28.9,2.9,76,24.0,47,16
2026-07-19,767,Kiên Giang,Viet Nam,10.0122,105.0809,30.5,27.0,28.7,0.1,78,20.5,36,16
2026-07-19,196,Đắk Lắk,Viet Nam,12.6667,108.05,31.2,22.8,26.3,0.1,76,14.7,31,19
2026-07-19,813,Đồng Tháp,Viet Nam,10.4552,105.6323,31.6,25.6,28.4,1.4,81,17.5,60,20
2026-07-19,193,Bắc Kạn,Viet Nam,22.147,105.8326,31.0,25.4,27.1,8.8,93,6.4,31,99
2026-07-19,160,Nam Định,Viet Nam,20.4231,106.1681,33.6,26.8,29.8,1.0,77,11.1,69,100
2026-07-19,252,Phú Thọ,Viet Nam,21.3235,105.4011,31.1,26.8,28.2,12.2,88,14.3,73,99
2026-07-19,797,Gia Lai,Viet Nam,13.9833,108.0,26.9,20.8,23.5,2.3,86,19.3,30,55
2026-07-19,463,Hậu Giang,Viet Nam,9.7845,105.4735,32.4,25.2,28.4,0.2,78,16.8,52,8
2026-07-19,951,Bình Dương,Viet Nam,11.0531,106.6661,32.3,25.0,28.4,1.1,81,14.9,68,25
2026-07-19,226,Kon Tum,Viet Nam,14.35,108.0,29.2,21.0,25.1,1.6,81,16.2,31,52
2026-07-19,590,Đà Nẵng,Viet Nam,16.0471,108.2068,39.6,28.3,32.6,1.3,56,17.9,63,74
2026-07-19,385,Hà Giang,Viet Nam,22.8233,104.9836,27.9,25.7,26.8,17.9,95,3.1,26,99
2026-07-19,237,Hải Phòng,Viet Nam,20.8449,106.6881,32.4,26.9,29.4,1.9,80,13.0,68,100
2026-07-19,496,Bạc Liêu,Viet Nam,9.2941,105.7242,32.2,25.9,28.6,0.4,78,15.8,30,18
2026-07-19,255,Long An,Viet Nam,10.5332,105.4053,31.7,25.6,28.6,1.5,79,17.2,60,25
2026-07-19,249,Phú Yên,Viet Nam,13.0883,109.3045,38.4,28.2,32.9,0.0,48,26.1,45,26
2026-07-19,133,Bình Định,Viet Nam,13.782,109.2194,38.4,27.9,32.7,0.0,52,21.0,44,36
2026-07-19,960,Lai Châu,Viet Nam,22.3959,103.4621,23.4,21.8,22.4,26.6,97,3.7,22,99
2026-07-19,910,Cao Bằng,Viet Nam,22.6661,106.2635,28.0,25.7,26.8,15.7,95,7.0,28,100
2026-07-19,707,Bắc Ninh,Viet Nam,21.1861,106.0763,31.4,26.0,28.5,3.1,86,10.7,82,100
2026-07-19,696,Hà Nam,Viet Nam,20.5463,105.9142,32.3,25.7,28.6,5.8,83,8.8,69,100
2026-07-19,215,Hải Dương,Viet Nam,20.9391,106.3146,31.4,26.5,28.7,2.0,84,11.2,83,99
2026-07-19,620,Cần Thơ,Viet Nam,10.0451,105.7462,32.1,25.4,28.4,0.3,79,16.9,59,11
2026-07-19,122,Lâm Đồng,Viet Nam,11.9404,108.4419,24.1,16.0,19.6,0.2,83,17.5,25,45
2026-07-19,981,Quảng Bình,Viet Nam,17.4731,106.5962,34.6,27.4,30.7,0.0,63,20.5,40,97
2026-07-19,108,Lào Cai,Viet Nam,22.4856,103.9707,28.8,25.8,27.1,80.8,92,4.0,23,100
2026-07-19,365,Cà Mau,Viet Nam,9.1769,105.1501,31.9,25.9,28.6,0.4,77,17.6,29,11
2026-07-19,701,Hà Nội,Viet Nam,21.0285,105.8542,31.3,26.7,28.6,1.5,85,12.2,82,100
2026-07-19,416,Ninh Bình,Viet Nam,20.2506,105.9744,34.1,27.5,30.4,0.4,73,14.9,69,100
2026-07-19,811,Điện Biên,Viet Nam,21.3833,103.0167,27.5,22.9,24.9,12.2,89,9.7,25,100
2026-07-19,110,Thái Nguyên,Viet Nam,21.5939,105.8481,31.2,26.0,28.0,18.8,90,11.0,69,100
2026-07-19,729,Phú Quốc,Viet Nam,10.279526,104.003538,29.9,24.6,27.0,4.5,85,16.0,24,23
2026-07-19,521,TP. Hồ Chí Minh,Viet Nam,10.8231,106.6297,33.0,25.3,28.7,1.0,80,12.6,76,26
2026-07-19,872,Thái Bình,Viet Nam,20.4463,106.3364,33.7,27.1,30.0,0.4,75,11.5,68,100
2026-07-19,288,Hoàng Sa,Viet Nam,16.641233,112.742024,29.9,29.0,29.5,0.0,84,29.8,50,74
2026-07-19,547,Sóc Trăng,Viet Nam,9.6019,105.9731,32.0,25.3,28.3,0.6,79,15.4,61,21
2026-07-19,456,Vĩnh Phúc,Viet Nam,21.3089,105.6047,30.7,26.0,27.8,8.7,87,13.7,73,100
2026-07-19,454,Thanh Hóa,Viet Nam,19.8075,105.7764,34.8,27.2,29.9,7.8,81,9.5,61,100
2026-07-19,201,Trường Sa,Viet Nam,10.66936,115.833324,30.5,29.2,29.9,0.5,71,24.7,22,44
2026-07-19,920,Vĩnh Long,Viet Nam,10.2536,105.9723,32.1,25.4,28.5,0.7,79,17.2,64,13
2026-07-19,326,Thừa Thiên Huế,Viet Nam,16.4633,107.5847,39.0,26.7,32.7,0.0,52,12.6,61,80
2026-07-19,734,Yên Bái,Viet Nam,21.7051,104.8751,29.6,26.2,27.6,5.6,92,6.7,29,99
2026-07-19,915,Tây Ninh,Viet Nam,11.3125,106.1006,32.9,25.2,29.0,0.8,76,12.5,55,18
2026-07-19,123,Quảng Trị,Viet Nam,16.75,107.1833,34.7,26.0,30.4,0.0,65,25.3,36,86
2026-07-19,146,Tiền Giang,Viet Nam,10.3606,106.3636,32.2,25.4,28.6,1.1,79,16.7,65,17
2026-07-19,275,Tuyên Quang,Viet Nam,21.8159,105.2132,28.2,25.9,26.9,11.3,94,9.0,30,100
2026-07-19,587,Trà Vinh,Viet Nam,9.9342,106.3339,32.0,25.1,28.3,1.0,78,16.2,64,14
2026-07-19,503,Sơn La,Viet Nam,21.3262,103.9149,27.1,22.4,24.5,15.3,91,10.0,25,100
2026-07-20,275,Tuyên Quang,Viet Nam,21.8159,105.2132,32.9,25.4,28.6,1.1,77,11.3,44,89
2026-07-20,110,Thái Nguyên,Viet Nam,21.5939,105.8481,32.5,25.5,28.7,1.8,78,12.8,64,97
2026-07-20,872,Thái Bình,Viet Nam,20.4463,106.3364,31.4,26.8,29.2,9.0,80,11.7,76,98
2026-07-20,454,Thanh Hóa,Viet Nam,19.8075,105.7764,33.0,27.7,29.9,1.4,82,6.9,71,99
2026-07-20,326,Thừa Thiên Huế,Viet Nam,16.4633,107.5847,38.9,26.8,32.4,1.8,52,16.9,59,95
2026-07-20,915,Tây Ninh,Viet Nam,11.3125,106.1006,33.5,25.2,29.2,0.0,71,12.6,39,44
2026-07-20,146,Tiền Giang,Viet Nam,10.3606,106.3636,32.6,25.0,28.7,0.2,77,15.9,61,37
2026-07-20,503,Sơn La,Viet Nam,21.3262,103.9149,27.8,22.2,24.6,13.3,92,7.2,22,95
2026-07-20,521,TP. Hồ Chí Minh,Viet Nam,10.8231,106.6297,34.1,24.8,29.1,0.0,72,12.2,65,35
2026-07-20,288,Hoàng Sa,Viet Nam,16.641233,112.742024,29.9,28.9,29.5,0.0,83,28.1,51,32
2026-07-20,547,Sóc Trăng,Viet Nam,9.6019,105.9731,32.3,25.0,28.3,1.0,78,15.7,50,48
2026-07-20,729,Phú Quốc,Viet Nam,10.279526,104.003538,30.8,24.5,27.6,0.3,78,16.7,22,47
2026-07-20,587,Trà Vinh,Viet Nam,9.9342,106.3339,32.2,24.7,28.2,0.8,78,16.1,61,42
2026-07-20,123,Quảng Trị,Viet Nam,16.75,107.1833,34.5,25.6,30.2,0.0,64,28.0,33,95
2026-07-20,734,Yên Bái,Viet Nam,21.7051,104.8751,34.1,26.2,29.3,0.5,81,8.5,37,87
2026-07-20,920,Vĩnh Long,Viet Nam,10.2536,105.9723,32.6,24.7,28.5,0.2,77,17.2,59,44
2026-07-20,456,Vĩnh Phúc,Viet Nam,21.3089,105.6047,32.0,26.2,29.0,0.4,75,12.5,72,96
2026-07-20,201,Trường Sa,Viet Nam,10.66936,115.833324,30.3,29.0,29.7,0.9,75,22.3,22,72
2026-07-20,160,Nam Định,Viet Nam,20.4231,106.1681,31.7,26.7,29.2,7.2,80,11.8,76,98
2026-07-20,590,Đà Nẵng,Viet Nam,16.0471,108.2068,38.1,28.0,32.4,2.1,55,15.7,61,88
2026-07-20,833,Bến Tre,Viet Nam,10.2424,106.3752,32.8,25.0,28.7,0.4,76,15.7,61,37
2026-07-20,684,Khánh Hòa,Viet Nam,12.2467,109.1833,35.0,26.4,31.3,0.0,63,19.0,56,10
2026-07-20,122,Lâm Đồng,Viet Nam,11.9404,108.4419,25.1,13.8,19.3,0.0,81,18.4,30,44
2026-07-20,347,Bình Phước,Viet Nam,11.7516,106.8778,31.8,23.7,27.7,0.2,78,10.6,43,30
2026-07-20,861,Lạng Sơn,Viet Nam,21.8519,106.7614,31.6,24.4,27.0,3.0,85,9.4,29,98
2026-07-20,620,Cần Thơ,Viet Nam,10.0451,105.7462,32.2,25.0,28.3,0.3,78,16.8,49,47
2026-07-20,327,Bà Rịa – Vũng Tàu,Viet Nam,10.4114,107.1362,31.7,26.7,29.4,0.1,75,19.2,45,28
2026-07-20,645,Hà Tĩnh,Viet Nam,18.3421,105.9038,35.1,27.6,30.7,0.0,73,6.6,38,94
2026-07-20,416,Ninh Bình,Viet Nam,20.2506,105.9744,32.2,26.7,29.4,6.6,78,12.4,76,98
2026-07-20,193,Bắc Kạn,Viet Nam,22.147,105.8326,31.9,25.6,27.9,3.6,90,6.5,39,96
2026-07-20,226,Kon Tum,Viet Nam,14.35,108.0,29.7,21.7,25.5,1.5,78,15.9,37,51
2026-07-20,784,Bình Thuận,Viet Nam,10.9333,108.1,34.1,25.6,29.7,0.9,70,22.3,46,15
2026-07-20,767,Kiên Giang,Viet Nam,10.0122,105.0809,30.6,27.2,28.8,0.2,75,21.5,32,49
2026-07-20,811,Điện Biên,Viet Nam,21.3833,103.0167,27.5,22.5,24.2,8.6,91,10.7,17,97
2026-07-20,981,Quảng Bình,Viet Nam,17.4731,106.5962,34.5,27.9,30.6,0.0,63,17.3,39,99
2026-07-20,951,Bình Dương,Viet Nam,11.0531,106.6661,33.1,24.5,28.6,0.2,74,14.1,61,39
2026-07-20,108,Lào Cai,Viet Nam,22.4856,103.9707,33.7,26.7,30.0,0.0,74,8.8,35,83
2026-07-20,496,Bạc Liêu,Viet Nam,9.2941,105.7242,32.4,25.6,28.7,0.2,77,17.0,26,44
2026-07-20,813,Đồng Tháp,Viet Nam,10.4552,105.6323,32.3,24.9,28.5,0.0,78,17.1,54,46
2026-07-20,196,Đắk Lắk,Viet Nam,12.6667,108.05,31.1,22.5,26.4,0.4,74,12.9,32,24
2026-07-20,133,Bình Định,Viet Nam,13.782,109.2194,38.4,27.6,32.6,0.6,50,23.4,52,19
2026-07-20,701,Hà Nội,Viet Nam,21.0285,105.8542,32.2,26.2,29.2,0.6,81,9.1,88,97
2026-07-20,669,Hưng Yên,Viet Nam,20.6465,106.0511,31.3,27.5,29.2,3.9,80,9.6,84,99
2026-07-20,463,Hậu Giang,Viet Nam,9.7845,105.4735,32.1,24.9,28.3,0.3,78,17.9,39,46
2026-07-20,168,An Giang,Viet Nam,10.5185,105.1152,33.2,24.9,28.9,1.1,73,16.7,33,50
2026-07-20,278,Đồng Nai,Viet Nam,10.9575,106.8427,33.5,25.4,29.0,0.2,74,12.8,65,34
2026-07-20,707,Bắc Ninh,Viet Nam,21.1861,106.0763,31.9,25.6,28.9,1.0,83,13.8,88,97
2026-07-20,132,Đắk Nông,Viet Nam,12.0,107.7,29.2,20.5,24.5,0.3,81,15.6,32,32
2026-07-20,849,Bắc Giang,Viet Nam,21.2731,106.1946,32.1,25.2,28.8,6.9,83,11.7,88,97
2026-07-20,960,Lai Châu,Viet Nam,22.3959,103.4621,28.0,21.3,23.9,0.9,85,7.3,29,88
2026-07-20,797,Gia Lai,Viet Nam,13.9833,108.0,27.2,20.9,23.8,1.7,83,21.1,37,49
2026-07-20,365,Cà Mau,Viet Nam,9.1769,105.1501,32.0,25.7,28.5,0.6,78,18.3,25,50
2026-07-20,208,Ninh Thuận,Viet Nam,11.5647,108.9892,38.8,26.3,31.8,0.9,60,31.1,34,8
2026-07-20,696,Hà Nam,Viet Nam,20.5463,105.9142,30.7,26.5,28.6,1.3,82,10.4,76,98
2026-07-20,385,Hà Giang,Viet Nam,22.8233,104.9836,33.4,25.1,29.2,1.3,78,8.6,41,84
2026-07-20,495,Nghệ An,Viet Nam,18.6667,105.6667,37.6,30.4,32.8,1.2,51,22.8,44,98
2026-07-20,511,Hòa Bình,Viet Nam,20.8171,105.3375,31.3,27.5,28.7,4.2,90,7.9,29,98
2026-07-20,255,Long An,Viet Nam,10.5332,105.4053,32.6,24.9,28.6,0.0,75,16.3,54,48
2026-07-20,215,Hải Dương,Viet Nam,20.9391,106.3146,30.3,26.4,28.4,8.6,89,8.5,86,98
2026-07-20,249,Phú Yên,Viet Nam,13.0883,109.3045,39.1,28.2,33.2,0.0,46,24.0,57,17
2026-07-20,237,Hải Phòng,Viet Nam,20.8449,106.6881,31.3,26.5,28.7,9.7,86,12.4,77,98
2026-07-20,252,Phú Thọ,Viet Nam,21.3235,105.4011,33.3,26.9,29.8,0.8,77,11.6,72,95
2026-07-20,910,Cao Bằng,Viet Nam,22.6661,106.2635,33.2,25.2,27.4,13.3,90,6.4,28,98
2026-07-21,196,Đắk Lắk,Viet Nam,12.6667,108.05,30.9,22.7,26.4,0.9,75,13.9,32,31
2026-07-21,385,Hà Giang,Viet Nam,22.8233,104.9836,34.2,24.6,28.8,1.8,80,9.7,46,71
2026-07-21,701,Hà Nội,Viet Nam,21.0285,105.8542,32.2,26.6,28.7,1.7,86,10.7,106,95
2026-07-21,590,Đà Nẵng,Viet Nam,16.0471,108.2068,39.6,28.7,32.6,4.2,54,16.5,66,59
2026-07-21,960,Lai Châu,Viet Nam,22.3959,103.4621,28.2,20.8,24.2,2.3,85,5.9,29,60
2026-07-21,910,Cao Bằng,Viet Nam,22.6661,106.2635,34.3,24.8,27.6,6.8,88,13.5,44,80
2026-07-21,168,An Giang,Viet Nam,10.5185,105.1152,33.3,25.6,29.2,0.0,71,17.5,39,24
2026-07-21,226,Kon Tum,Viet Nam,14.35,108.0,29.6,21.2,25.3,1.7,78,15.1,34,28
2026-07-21,951,Bình Dương,Viet Nam,11.0531,106.6661,33.1,24.8,28.6,0.0,73,13.4,63,34
2026-07-21,463,Hậu Giang,Viet Nam,9.7845,105.4735,31.9,24.3,28.0,0.0,79,18.2,49,44
2026-07-21,797,Gia Lai,Viet Nam,13.9833,108.0,27.2,21.5,24.0,1.9,82,18.6,35,39
2026-07-21,696,Hà Nam,Viet Nam,20.5463,105.9142,32.7,25.7,28.2,2.7,84,13.3,76,97
2026-07-21,215,Hải Dương,Viet Nam,20.9391,106.3146,31.5,26.4,28.6,6.1,85,9.9,98,95
2026-07-21,327,Bà Rịa – Vũng Tàu,Viet Nam,10.4114,107.1362,32.3,26.9,29.5,0.0,73,20.2,48,62
2026-07-21,252,Phú Thọ,Viet Nam,21.3235,105.4011,32.8,25.3,29.2,0.2,82,17.8,99,93
2026-07-21,784,Bình Thuận,Viet Nam,10.9333,108.1,34.4,25.8,29.7,0.0,69,21.0,53,56
2026-07-21,160,Nam Định,Viet Nam,20.4231,106.1681,32.8,26.6,29.3,2.0,78,9.5,76,89
2026-07-21,707,Bắc Ninh,Viet Nam,21.1861,106.0763,31.5,26.7,28.6,3.1,85,11.8,106,99
2026-07-21,620,Cần Thơ,Viet Nam,10.0451,105.7462,31.8,24.8,28.2,0.0,78,17.1,60,51
2026-07-21,193,Bắc Kạn,Viet Nam,22.147,105.8326,33.4,24.8,27.7,6.0,89,13.0,68,87
2026-07-21,645,Hà Tĩnh,Viet Nam,18.3421,105.9038,35.1,26.3,30.1,0.3,69,11.6,35,92
2026-07-21,108,Lào Cai,Viet Nam,22.4856,103.9707,34.6,24.9,29.9,2.6,76,7.3,35,57
2026-07-21,813,Đồng Tháp,Viet Nam,10.4552,105.6323,32.5,25.5,28.7,0.0,76,16.7,61,37
2026-07-21,811,Điện Biên,Viet Nam,21.3833,103.0167,30.6,22.9,25.8,5.1,85,8.3,22,81
2026-07-21,981,Quảng Bình,Viet Nam,17.4731,106.5962,35.0,27.7,30.8,0.0,62,19.0,35,77
2026-07-21,767,Kiên Giang,Viet Nam,10.0122,105.0809,30.5,26.7,28.6,0.0,77,21.0,39,40
2026-07-21,347,Bình Phước,Viet Nam,11.7516,106.8778,31.5,23.8,27.7,0.4,77,10.2,52,32
2026-07-21,833,Bến Tre,Viet Nam,10.2424,106.3752,32.6,25.1,28.5,0.0,76,15.0,62,61
2026-07-21,511,Hòa Bình,Viet Nam,20.8171,105.3375,34.4,26.1,29.0,3.9,87,9.9,47,90
2026-07-21,495,Nghệ An,Viet Nam,18.6667,105.6667,36.4,28.2,31.7,0.4,54,23.7,34,95
2026-07-21,122,Lâm Đồng,Viet Nam,11.9404,108.4419,25.7,13.8,19.5,0.2,80,16.5,32,49
2026-07-21,208,Ninh Thuận,Viet Nam,11.5647,108.9892,37.2,27.0,31.5,0.9,61,23.3,38,46
2026-07-21,365,Cà Mau,Viet Nam,9.1769,105.1501,31.6,25.3,28.3,0.0,79,18.9,28,28
2026-07-21,849,Bắc Giang,Viet Nam,21.2731,106.1946,31.2,26.7,28.8,10.7,84,11.0,106,99
2026-07-21,132,Đắk Nông,Viet Nam,12.0,107.7,29.5,19.8,24.3,0.9,82,13.9,33,44
2026-07-21,278,Đồng Nai,Viet Nam,10.9575,106.8427,33.2,25.5,28.9,0.0,74,12.5,67,40
2026-07-21,861,Lạng Sơn,Viet Nam,21.8519,106.7614,30.5,23.5,26.6,4.4,88,11.2,55,86
2026-07-21,669,Hưng Yên,Viet Nam,20.6465,106.0511,32.7,26.7,28.9,2.6,83,10.5,104,97
2026-07-21,416,Ninh Bình,Viet Nam,20.2506,105.9744,33.0,25.8,28.8,11.6,80,14.1,76,91
2026-07-21,684,Khánh Hòa,Viet Nam,12.2467,109.1833,35.3,27.0,31.5,0.1,59,19.4,62,44
2026-07-21,249,Phú Yên,Viet Nam,13.0883,109.3045,38.3,28.4,32.6,1.8,50,23.7,54,38
2026-07-21,255,Long An,Viet Nam,10.5332,105.4053,32.6,25.8,28.9,0.0,74,16.3,61,29
2026-07-21,496,Bạc Liêu,Viet Nam,9.2941,105.7242,32.1,25.8,28.6,0.0,77,17.3,28,26
2026-07-21,237,Hải Phòng,Viet Nam,20.8449,106.6881,30.6,27.6,28.9,5.8,82,8.8,80,94
2026-07-21,133,Bình Định,Viet Nam,13.782,109.2194,39.1,27.7,32.5,1.6,51,19.7,54,34
2026-07-21,503,Sơn La,Viet Nam,21.3262,103.9149,30.1,22.4,25.8,2.5,86,8.5,26,87
2026-07-21,587,Trà Vinh,Viet Nam,9.9342,106.3339,32.2,24.5,28.1,0.0,78,16.2,62,54
2026-07-21,146,Tiền Giang,Viet Nam,10.3606,106.3636,32.5,25.3,28.5,0.0,77,15.0,62,62
2026-07-21,123,Quảng Trị,Viet Nam,16.75,107.1833,34.9,27.1,30.7,0.0,60,25.5,38,66
2026-07-21,326,Thừa Thiên Huế,Viet Nam,16.4633,107.5847,39.0,28.2,33.0,0.0,49,17.3,59,58
2026-07-21,915,Tây Ninh,Viet Nam,11.3125,106.1006,33.4,25.5,29.1,0.0,69,11.6,45,34
2026-07-21,275,Tuyên Quang,Viet Nam,21.8159,105.2132,32.9,24.3,28.5,5.7,83,12.6,67,87
2026-07-21,110,Thái Nguyên,Viet Nam,21.5939,105.8481,31.5,26.5,28.6,5.5,84,14.5,85,97
2026-07-21,920,Vĩnh Long,Viet Nam,10.2536,105.9723,32.2,25.1,28.3,0.0,77,16.8,62,56
2026-07-21,454,Thanh Hóa,Viet Nam,19.8075,105.7764,32.9,25.2,29.1,5.8,79,12.2,63,89
2026-07-21,734,Yên Bái,Viet Nam,21.7051,104.8751,34.4,25.0,29.4,4.7,80,16.3,62,88
2026-07-21,201,Trường Sa,Viet Nam,10.66936,115.833324,30.6,29.3,30.0,0.5,70,22.9,27,75
2026-07-21,456,Vĩnh Phúc,Viet Nam,21.3089,105.6047,31.3,25.4,28.7,0.5,85,13.6,99,95
2026-07-21,288,Hoàng Sa,Viet Nam,16.641233,112.742024,29.8,29.1,29.5,0.0,83,28.6,49,17
2026-07-21,547,Sóc Trăng,Viet Nam,9.6019,105.9731,32.0,24.9,28.1,0.2,79,15.8,58,35
2026-07-21,872,Thái Bình,Viet Nam,20.4463,106.3364,32.7,27.0,29.3,1.9,78,9.6,74,87
2026-07-21,729,Phú Quốc,Viet Nam,10.279526,104.003538,31.1,24.9,27.5,0.1,78,17.8,21,27
2026-07-21,521,TP. Hồ Chí Minh,Viet Nam,10.8231,106.6297,34.2,25.0,29.1,0.0,72,11.1,67,42
2026-07-22,454,Thanh Hóa,Viet Nam,19.8075,105.7764,33.7,26.4,29.8,0.4,79,10.5,62,95
2026-07-22,503,Sơn La,Viet Nam,21.3262,103.9149,29.6,21.8,25.7,13.8,87,8.3,26,81
2026-07-22,872,Thái Bình,Viet Nam,20.4463,106.3364,32.9,26.6,29.8,0.5,79,9.7,63,88
2026-07-22,201,Trường Sa,Viet Nam,10.66936,115.833324,30.7,25.9,27.7,12.9,81,27.2,29,94
2026-07-22,587,Trà Vinh,Viet Nam,9.9342,106.3339,32.1,25.6,28.6,0.0,77,16.9,62,21
2026-07-22,146,Tiền Giang,Viet Nam,10.3606,106.3636,32.4,25.8,28.9,0.2,75,16.5,62,27
2026-07-22,288,Hoàng Sa,Viet Nam,16.641233,112.742024,29.7,29.0,29.4,0.1,80,19.4,45,6
2026-07-22,123,Quảng Trị,Viet Nam,16.75,107.1833,34.3,27.2,30.6,0.0,62,24.3,29,38
2026-07-22,729,Phú Quốc,Viet Nam,10.279526,104.003538,30.8,24.5,27.9,2.2,77,18.0,22,24
2026-07-22,110,Thái Nguyên,Viet Nam,21.5939,105.8481,33.0,23.9,28.3,11.2,86,9.4,86,72
2026-07-22,326,Thừa Thiên Huế,Viet Nam,16.4633,107.5847,38.3,27.9,32.0,3.3,59,13.9,54,34
2026-07-22,920,Vĩnh Long,Viet Nam,10.2536,105.9723,32.4,25.6,28.8,0.0,76,16.5,60,25
2026-07-22,734,Yên Bái,Viet Nam,21.7051,104.8751,32.7,24.2,28.1,4.3,85,9.6,74,71
2026-07-22,521,TP. Hồ Chí Minh,Viet Nam,10.8231,106.6297,33.5,25.8,29.5,0.4,71,13.2,67,31
2026-07-22,456,Vĩnh Phúc,Viet Nam,21.3089,105.6047,32.8,24.9,28.6,7.0,84,10.1,103,80
2026-07-22,275,Tuyên Quang,Viet Nam,21.8159,105.2132,31.3,24.0,27.3,11.8,88,10.3,69,76
2026-07-22,547,Sóc Trăng,Viet Nam,9.6019,105.9731,32.2,25.8,28.6,0.2,77,16.7,59,19
2026-07-22,915,Tây Ninh,Viet Nam,11.3125,106.1006,33.6,25.7,29.6,0.1,69,14.4,40,23
2026-07-22,495,Nghệ An,Viet Nam,18.6667,105.6667,35.2,27.6,30.7,0.8,61,20.7,29,81
2026-07-22,226,Kon Tum,Viet Nam,14.35,108.0,29.2,22.4,25.0,4.9,85,13.6,30,69
2026-07-22,122,Lâm Đồng,Viet Nam,11.9404,108.4419,24.4,16.0,19.2,10.4,86,10.3,30,63
2026-07-22,208,Ninh Thuận,Viet Nam,11.5647,108.9892,36.5,26.9,30.9,2.1,65,21.9,39,45
2026-07-22,249,Phú Yên,Viet Nam,13.0883,109.3045,37.5,26.4,29.8,17.3,68,20.8,49,68
2026-07-22,327,Bà Rịa – Vũng Tàu,Viet Nam,10.4114,107.1362,31.8,27.2,29.6,1.9,73,21.6,49,37
2026-07-22,861,Lạng Sơn,Viet Nam,21.8519,106.7614,31.9,23.3,26.9,5.1,85,15.5,58,69
2026-07-22,365,Cà Mau,Viet Nam,9.1769,105.1501,31.4,26.4,28.6,0.4,78,20.9,31,14
2026-07-22,385,Hà Giang,Viet Nam,22.8233,104.9836,31.7,25.2,27.8,5.3,86,8.0,47,78
2026-07-22,252,Phú Thọ,Viet Nam,21.3235,105.4011,32.5,25.7,29.3,5.6,83,11.9,103,79
2026-07-22,701,Hà Nội,Viet Nam,21.0285,105.8542,32.9,25.3,29.0,11.4,84,10.8,93,72
2026-07-22,669,Hưng Yên,Viet Nam,20.6465,106.0511,32.7,25.4,29.4,3.9,84,12.3,104,76
2026-07-22,849,Bắc Giang,Viet Nam,21.2731,106.1946,33.1,24.8,29.0,11.1,82,11.1,93,74
2026-07-22,910,Cao Bằng,Viet Nam,22.6661,106.2635,32.4,24.2,27.2,8.0,89,11.7,52,72
2026-07-22,797,Gia Lai,Viet Nam,13.9833,108.0,27.4,20.6,23.4,4.4,87,18.4,32,72
2026-07-22,463,Hậu Giang,Viet Nam,9.7845,105.4735,31.7,25.5,28.4,0.1,78,18.2,52,19
2026-07-22,960,Lai Châu,Viet Nam,22.3959,103.4621,28.4,20.7,24.3,11.5,85,5.1,29,78
2026-07-22,132,Đắk Nông,Viet Nam,12.0,107.7,28.8,20.8,23.5,5.6,89,12.5,33,73
2026-07-22,278,Đồng Nai,Viet Nam,10.9575,106.8427,32.5,25.9,29.1,0.9,75,15.0,67,41
2026-07-22,133,Bình Định,Viet Nam,13.782,109.2194,38.2,26.6,30.2,11.6,70,19.3,49,57
2026-07-22,168,An Giang,Viet Nam,10.5185,105.1152,33.5,26.2,29.6,0.3,70,15.4,35,21
2026-07-22,255,Long An,Viet Nam,10.5332,105.4053,32.8,26.2,29.2,0.0,73,16.4,57,21
2026-07-22,784,Bình Thuận,Viet Nam,10.9333,108.1,33.8,25.0,28.9,3.4,76,21.8,59,63
2026-07-22,196,Đắk Lắk,Viet Nam,12.6667,108.05,30.6,22.5,25.6,6.0,81,13.6,32,61
2026-07-22,767,Kiên Giang,Viet Nam,10.0122,105.0809,30.4,27.5,29.0,0.1,75,22.3,38,22
2026-07-22,951,Bình Dương,Viet Nam,11.0531,106.6661,32.4,25.5,29.0,0.3,73,15.6,64,34
2026-07-22,108,Lào Cai,Viet Nam,22.4856,103.9707,32.8,24.9,28.7,3.0,84,7.5,34,83
2026-07-22,684,Khánh Hòa,Viet Nam,12.2467,109.1833,35.4,26.4,30.6,1.7,63,19.6,67,36
2026-07-22,981,Quảng Bình,Viet Nam,17.4731,106.5962,34.3,26.9,30.0,0.9,67,15.4,29,50
2026-07-22,811,Điện Biên,Viet Nam,21.3833,103.0167,29.4,22.7,26.3,13.0,85,7.6,22,80
2026-07-22,496,Bạc Liêu,Viet Nam,9.2941,105.7242,32.1,26.6,28.9,0.3,76,18.1,30,14
2026-07-22,813,Đồng Tháp,Viet Nam,10.4552,105.6323,32.7,26.0,29.1,0.0,75,15.9,57,19
2026-07-22,193,Bắc Kạn,Viet Nam,22.147,105.8326,32.4,24.6,27.3,12.3,90,10.2,71,80
2026-07-22,620,Cần Thơ,Viet Nam,10.0451,105.7462,31.8,25.6,28.5,0.3,77,16.9,58,19
2026-07-22,645,Hà Tĩnh,Viet Nam,18.3421,105.9038,33.8,25.7,29.4,1.2,71,12.0,28,67
2026-07-22,707,Bắc Ninh,Viet Nam,21.1861,106.0763,33.2,25.0,29.0,8.4,82,10.5,93,74
2026-07-22,833,Bến Tre,Viet Nam,10.2424,106.3752,32.5,25.8,28.9,0.5,75,15.8,62,28
2026-07-22,237,Hải Phòng,Viet Nam,20.8449,106.6881,32.1,25.4,29.4,2.9,78,14.2,58,90
2026-07-22,160,Nam Định,Viet Nam,20.4231,106.1681,32.9,26.1,29.8,0.3,80,9.5,88,85
2026-07-22,347,Bình Phước,Viet Nam,11.7516,106.8778,31.6,23.7,27.6,5.2,81,9.1,56,54
2026-07-22,215,Hải Dương,Viet Nam,20.9391,106.3146,33.0,25.1,29.2,3.6,82,9.9,82,77
2026-07-22,416,Ninh Bình,Viet Nam,20.2506,105.9744,33.2,25.5,29.6,1.0,81,10.3,88,83
2026-07-22,511,Hòa Bình,Viet Nam,20.8171,105.3375,33.1,25.7,29.3,5.3,85,8.5,73,91
2026-07-22,696,Hà Nam,Viet Nam,20.5463,105.9142,32.8,24.2,28.6,9.2,85,9.2,88,77
2026-07-22,590,Đà Nẵng,Viet Nam,16.0471,108.2068,37.0,28.6,32.3,2.5,57,16.2,56,39
